scenario,timeslot,count_mean,count_std
no01,2022/10/18 06:30:00,6888.35,136.24717283401927
no01,2022/10/18 06:45:00,8056.65,141.88107510758502
no01,2022/10/18 07:00:00,7984.9,137.37152849883145
no01,2022/10/18 07:15:00,9412.05,122.7609894319678
no01,2022/10/18 07:30:00,10206.25,121.77843340306737
no01,2022/10/18 07:45:00,10502.3,154.8636412087133
no01,2022/10/18 08:00:00,11075.05,149.81478916526106
no01,2022/10/18 08:15:00,10912.2,101.5358894288384
no01,2022/10/18 08:30:00,11526.95,161.52512432892178
no01,2022/10/18 08:45:00,10551.95,137.03840222437827
no01,2022/10/18 09:00:00,9476.4,114.62221700690914
no01,2022/10/18 09:15:00,8887.0,93.32681681511536
no01,2022/10/18 09:30:00,9311.85,122.13765960888907
no01,2022/10/18 09:45:00,8903.5,112.01057280923371
no01,2022/10/18 10:00:00,9598.2,112.08577542503586
no01,2022/10/18 10:15:00,8764.55,115.06450136199372
no01,2022/10/18 10:30:00,8384.1,114.27800819884288
no01,2022/10/18 10:45:00,8214.3,62.16539907460783
no01,2022/10/18 11:00:00,8860.85,99.63051477175166
no01,2022/10/18 11:15:00,9364.7,158.04532993982883
no01,2022/10/18 11:30:00,8352.15,109.44706723487732
no01,2022/10/18 11:45:00,8439.6,136.32445816777286
no01,2022/10/18 12:00:00,8787.1,112.54468118555337
no01,2022/10/18 12:15:00,8940.65,116.84009540708553
no01,2022/10/18 12:30:00,8720.9,137.185966752012
no01,2022/10/18 12:45:00,8526.3,128.03950870521874
no01,2022/10/18 13:00:00,8706.9,110.45785097540723
no01,2022/10/18 13:15:00,8222.0,147.02810329285592
no01,2022/10/18 13:30:00,8257.35,142.35880354712353
no01,2022/10/18 13:45:00,7411.55,95.27603940241495
no01,2022/10/18 14:00:00,8199.1,142.60578714174198
no01,2022/10/18 14:15:00,8422.9,176.42231032085292
no01,2022/10/18 14:30:00,8586.4,125.33550763324854
no01,2022/10/18 14:45:00,8425.3,155.45556142816974
no01,2022/10/18 15:00:00,8491.05,135.1153405915031
no01,2022/10/18 15:15:00,8620.15,145.4511221935682
no01,2022/10/18 15:30:00,8248.3,122.08974266152704
no01,2022/10/18 15:45:00,8052.05,116.71263630680365
no01,2022/10/18 16:00:00,9486.9,95.2077506796255
no01,2022/10/18 16:15:00,9591.35,160.88481495843715
no01,2022/10/18 16:30:00,9138.5,137.04916520800307
no01,2022/10/18 16:45:00,9432.2,163.1610763696575
no01,2022/10/18 17:00:00,10023.5,146.78645427250663
no01,2022/10/18 17:15:00,10038.55,187.1102897392757
no01,2022/10/18 17:30:00,9550.2,101.01516300979151
no01,2022/10/18 17:45:00,9915.2,132.58070034987455
no01,2022/10/18 18:00:00,10148.25,89.97419220619824
no01,2022/10/18 18:15:00,9335.5,125.99101889462315
no01,2022/10/18 18:30:00,8535.0,125.07471451307146
no01,2022/10/18 18:45:00,7962.2,144.79226498677346
no02,2022/10/18 06:30:00,6888.35,136.24717283401927
no02,2022/10/18 06:45:00,8056.65,141.88107510758502
no02,2022/10/18 07:00:00,7986.95,136.23063841186848
no02,2022/10/18 07:15:00,9395.05,99.49423416248266
no02,2022/10/18 07:30:00,10225.85,89.19834492210113
no02,2022/10/18 07:45:00,10446.0,143.79627401658456
no02,2022/10/18 08:00:00,11140.85,165.09495672746078
no02,2022/10/18 08:15:00,10920.3,98.97639271962505
no02,2022/10/18 08:30:00,11537.8,165.23718200147843
no02,2022/10/18 08:45:00,10536.4,124.63732650331798
no02,2022/10/18 09:00:00,9501.6,111.45799303112483
no02,2022/10/18 09:15:00,8827.75,118.39935766184219
no02,2022/10/18 09:30:00,9329.15,151.5218500831861
no02,2022/10/18 09:45:00,8888.85,107.63010486701297
no02,2022/10/18 10:00:00,9616.25,136.53142109920492
no02,2022/10/18 10:15:00,8745.2,140.00398490569378
no02,2022/10/18 10:30:00,8347.2,114.96525791001302
no02,2022/10/18 10:45:00,8230.45,110.43763422235922
no02,2022/10/18 11:00:00,8829.8,114.84616713353186
no02,2022/10/18 11:15:00,9407.35,159.6628932272124
no02,2022/10/18 11:30:00,8338.05,135.59982727826278
no02,2022/10/18 11:45:00,8449.65,121.13597188370787
no02,2022/10/18 12:00:00,8767.3,134.72510022849815
no02,2022/10/18 12:15:00,8992.9,107.14766004272624
no02,2022/10/18 12:30:00,8739.35,153.91907477290593
no02,2022/10/18 12:45:00,8533.3,122.58578092181247
no02,2022/10/18 13:00:00,8692.4,98.83127568048286
no02,2022/10/18 13:15:00,8234.4,113.52968542933735
no02,2022/10/18 13:30:00,8243.3,116.81433762036312
no02,2022/10/18 13:45:00,7405.0,92.5765685939566
no02,2022/10/18 14:00:00,8226.9,115.85603589210024
no02,2022/10/18 14:15:00,8434.5,180.96597528410237
no02,2022/10/18 14:30:00,8596.85,127.50326105220712
no02,2022/10/18 14:45:00,8408.25,128.21933305247316
no02,2022/10/18 15:00:00,8510.45,141.36867627441
no02,2022/10/18 15:15:00,8654.3,162.8464242614402
no02,2022/10/18 15:30:00,8209.25,113.13097905106558
no02,2022/10/18 15:45:00,8075.6,134.11715224502706
no02,2022/10/18 16:00:00,9478.8,147.78953741189218
no02,2022/10/18 16:15:00,9592.95,163.90866359042806
no02,2022/10/18 16:30:00,9179.7,166.51761405170862
no02,2022/10/18 16:45:00,9446.9,142.4174368389961
no02,2022/10/18 17:00:00,10009.95,146.147177079891
no02,2022/10/18 17:15:00,10040.0,143.00460058849058
no02,2022/10/18 17:30:00,9525.45,133.59423049313403
no02,2022/10/18 17:45:00,9873.25,106.19935325405164
no02,2022/10/18 18:00:00,10185.95,123.36231404410252
no02,2022/10/18 18:15:00,9339.3,134.13390795454325
no02,2022/10/18 18:30:00,8491.35,167.9342838261757
no02,2022/10/18 18:45:00,7988.75,131.76569116587618
no03,2022/10/18 06:30:00,6871.2,128.87268299004492
no03,2022/10/18 06:45:00,8031.2,125.37715732519769
no03,2022/10/18 07:00:00,7978.5,131.81027034499644
no03,2022/10/18 07:15:00,9372.9,119.59620659359958
no03,2022/10/18 07:30:00,10243.5,122.9683313959972
no03,2022/10/18 07:45:00,10491.45,130.9280537667836
no03,2022/10/18 08:00:00,11044.6,129.35117438890722
no03,2022/10/18 08:15:00,10963.1,103.92046553925117
no03,2022/10/18 08:30:00,11522.25,164.29142111696427
no03,2022/10/18 08:45:00,10585.45,122.73397633649961
no03,2022/10/18 09:00:00,9476.1,114.34891203772108
no03,2022/10/18 09:15:00,8907.95,97.14041654386583
no03,2022/10/18 09:30:00,9292.7,121.85932355319446
no03,2022/10/18 09:45:00,8938.75,115.23791179897992
no03,2022/10/18 10:00:00,9594.7,120.92237614532569
no03,2022/10/18 10:15:00,8764.8,128.31728767313257
no03,2022/10/18 10:30:00,8387.15,112.8055033185315
no03,2022/10/18 10:45:00,8225.9,63.565051635892665
no03,2022/10/18 11:00:00,8832.15,95.55008331264094
no03,2022/10/18 11:15:00,9377.9,143.78306027155165
no03,2022/10/18 11:30:00,8347.65,104.49440931909864
no03,2022/10/18 11:45:00,8437.65,123.09229528242115
no03,2022/10/18 12:00:00,8769.15,111.42392967968422
no03,2022/10/18 12:15:00,8952.35,126.57649029237963
no03,2022/10/18 12:30:00,8719.4,127.23926901293996
no03,2022/10/18 12:45:00,8519.4,125.73882706459027
no03,2022/10/18 13:00:00,8689.95,108.2543180128215
no03,2022/10/18 13:15:00,8221.25,148.65072981214783
no03,2022/10/18 13:30:00,8256.1,145.7654568855482
no03,2022/10/18 13:45:00,7401.2,109.16120382742498
no03,2022/10/18 14:00:00,8209.0,138.52949524426768
no03,2022/10/18 14:15:00,8424.95,169.14132210109184
no03,2022/10/18 14:30:00,8584.3,145.71460931705184
no03,2022/10/18 14:45:00,8413.45,152.4958929559122
no03,2022/10/18 15:00:00,8475.05,150.13168780843867
no03,2022/10/18 15:15:00,8636.6,156.3021365648494
no03,2022/10/18 15:30:00,8242.45,136.01488889088546
no03,2022/10/18 15:45:00,8063.1,116.46770503358205
no03,2022/10/18 16:00:00,9457.35,87.12077219221834
no03,2022/10/18 16:15:00,9588.9,142.8900571105374
no03,2022/10/18 16:30:00,9143.55,153.929743030623
no03,2022/10/18 16:45:00,9444.15,140.24612763206505
no03,2022/10/18 17:00:00,9988.7,145.97912612136676
no03,2022/10/18 17:15:00,10045.25,188.20058588196787
no03,2022/10/18 17:30:00,9543.05,117.81451746841658
no03,2022/10/18 17:45:00,9883.55,148.24640760713558
no03,2022/10/18 18:00:00,10115.35,96.57518205767825
no03,2022/10/18 18:15:00,9322.5,108.08354468455845
no03,2022/10/18 18:30:00,8623.65,151.14101989445768
no03,2022/10/18 18:45:00,7985.95,155.0227402673557
no04,2022/10/18 06:30:00,6871.2,128.87268299004492
no04,2022/10/18 06:45:00,8031.2,125.37715732519769
no04,2022/10/18 07:00:00,7975.15,128.6874119718008
no04,2022/10/18 07:15:00,9382.75,96.52372220013312
no04,2022/10/18 07:30:00,10250.25,84.83102399228103
no04,2022/10/18 07:45:00,10468.3,147.92996209088514
no04,2022/10/18 08:00:00,11069.9,152.57298512342774
no04,2022/10/18 08:15:00,10999.8,112.24718962605485
no04,2022/10/18 08:30:00,11528.0,148.39243845113538
no04,2022/10/18 08:45:00,10566.65,121.88271972852048
no04,2022/10/18 09:00:00,9485.5,99.46197369108624
no04,2022/10/18 09:15:00,8849.6,111.82053290405746
no04,2022/10/18 09:30:00,9314.3,134.31741667055908
no04,2022/10/18 09:45:00,8920.35,110.84141112893043
no04,2022/10/18 10:00:00,9587.8,116.10050092824528
no04,2022/10/18 10:15:00,8762.9,116.2854473404039
no04,2022/10/18 10:30:00,8363.6,136.08488063279526
no04,2022/10/18 10:45:00,8231.9,104.30920633537484
no04,2022/10/18 11:00:00,8828.5,99.9923681298253
no04,2022/10/18 11:15:00,9414.65,141.15548537917843
no04,2022/10/18 11:30:00,8342.0,138.6866972712234
no04,2022/10/18 11:45:00,8446.4,116.0364733947683
no04,2022/10/18 12:00:00,8759.75,130.82124203821442
no04,2022/10/18 12:15:00,9000.1,113.04535652373752
no04,2022/10/18 12:30:00,8731.2,154.70297516956725
no04,2022/10/18 12:45:00,8540.0,118.24728771786512
no04,2022/10/18 13:00:00,8681.45,100.3763837815085
no04,2022/10/18 13:15:00,8237.35,112.72569174304223
no04,2022/10/18 13:30:00,8229.95,114.59010474409699
no04,2022/10/18 13:45:00,7393.5,98.0437603693798
no04,2022/10/18 14:00:00,8229.2,125.36162427994145
no04,2022/10/18 14:15:00,8439.05,179.14812307138445
no04,2022/10/18 14:30:00,8585.8,122.22309196926078
no04,2022/10/18 14:45:00,8389.75,140.8141272069416
no04,2022/10/18 15:00:00,8516.2,129.84022570269346
no04,2022/10/18 15:15:00,8636.6,142.10018704384152
no04,2022/10/18 15:30:00,8223.5,120.96867798166423
no04,2022/10/18 15:45:00,8093.6,125.59810591934243
no04,2022/10/18 16:00:00,9469.25,149.462854036855
no04,2022/10/18 16:15:00,9592.55,165.1141471193411
no04,2022/10/18 16:30:00,9218.9,137.38876840633841
no04,2022/10/18 16:45:00,9446.7,168.60327149226595
no04,2022/10/18 17:00:00,9969.3,175.49841804655168
no04,2022/10/18 17:15:00,10047.4,145.4811979170104
no04,2022/10/18 17:30:00,9523.5,123.62357976407338
no04,2022/10/18 17:45:00,9842.65,123.94620012858773
no04,2022/10/18 18:00:00,10158.4,127.07743184456672
no04,2022/10/18 18:15:00,9344.25,105.64681727340368
no04,2022/10/18 18:30:00,8559.3,142.92143590835212
no04,2022/10/18 18:45:00,8005.15,113.93870697602476
no05,2022/10/18 06:30:00,6869.9,127.94032325967237
no05,2022/10/18 06:45:00,8033.35,118.66506380742833
no05,2022/10/18 07:00:00,7972.65,130.98383789412227
no05,2022/10/18 07:15:00,9372.85,119.53782708943267
no05,2022/10/18 07:30:00,10238.1,119.24671461876186
no05,2022/10/18 07:45:00,10489.05,142.02574822156296
no05,2022/10/18 08:00:00,11039.1,114.38664809827205
no05,2022/10/18 08:15:00,10985.0,99.71855130157194
no05,2022/10/18 08:30:00,11528.45,152.15624760163647
no05,2022/10/18 08:45:00,10573.3,114.44056145118785
no05,2022/10/18 09:00:00,9477.5,108.71764491465696
no05,2022/10/18 09:15:00,8916.75,90.65427385634419
no05,2022/10/18 09:30:00,9289.1,107.65339117547083
no05,2022/10/18 09:45:00,8931.1,112.6222844172876
no05,2022/10/18 10:00:00,9572.3,123.02122196040628
no05,2022/10/18 10:15:00,8786.8,100.31088517309824
no05,2022/10/18 10:30:00,8387.55,115.78586178577066
no05,2022/10/18 10:45:00,8242.6,72.80500271995507
no05,2022/10/18 11:00:00,8841.6,115.64801406809674
no05,2022/10/18 11:15:00,9389.35,154.60587413093165
no05,2022/10/18 11:30:00,8354.65,109.4134000260625
no05,2022/10/18 11:45:00,8435.45,119.66113338133296
no05,2022/10/18 12:00:00,8785.15,110.67414237062621
no05,2022/10/18 12:15:00,8959.1,112.68395486585719
no05,2022/10/18 12:30:00,8716.65,130.67689160674132
no05,2022/10/18 12:45:00,8523.75,137.93586419629582
no05,2022/10/18 13:00:00,8699.5,113.62241254074392
no05,2022/10/18 13:15:00,8239.5,122.99700467041758
no05,2022/10/18 13:30:00,8261.05,143.88719082743415
no05,2022/10/18 13:45:00,7396.5,111.43773338081063
no05,2022/10/18 14:00:00,8221.25,140.3082602512655
no05,2022/10/18 14:15:00,8427.25,166.09948667495706
no05,2022/10/18 14:30:00,8574.05,132.95922406195785
no05,2022/10/18 14:45:00,8402.9,137.76635445947105
no05,2022/10/18 15:00:00,8498.4,141.67583458467135
no05,2022/10/18 15:15:00,8636.1,137.14989878538788
no05,2022/10/18 15:30:00,8237.3,123.05373237993068
no05,2022/10/18 15:45:00,8066.0,118.03924414318583
no05,2022/10/18 16:00:00,9448.8,87.6059358719488
no05,2022/10/18 16:15:00,9606.95,126.27433585149787
no05,2022/10/18 16:30:00,9145.55,165.79076064663366
no05,2022/10/18 16:45:00,9465.45,148.1601107621503
no05,2022/10/18 17:00:00,9997.95,110.41761634811714
no05,2022/10/18 17:15:00,10029.8,166.53926358606685
no05,2022/10/18 17:30:00,9534.55,109.51110253735644
no05,2022/10/18 17:45:00,9888.7,125.51540060675316
no05,2022/10/18 18:00:00,10112.5,110.40952476074975
no05,2022/10/18 18:15:00,9320.35,116.3453457327974
no05,2022/10/18 18:30:00,8621.85,151.63226812536337
no05,2022/10/18 18:45:00,7991.25,148.21636922169947
no06,2022/10/18 06:30:00,6869.9,127.94032325967237
no06,2022/10/18 06:45:00,8033.35,118.66506380742833
no06,2022/10/18 07:00:00,7971.8,128.0783477325294
no06,2022/10/18 07:15:00,9373.0,100.3986789596459
no06,2022/10/18 07:30:00,10251.5,88.8295233046216
no06,2022/10/18 07:45:00,10463.5,134.0453576023313
no06,2022/10/18 08:00:00,11061.1,175.6011928984777
no06,2022/10/18 08:15:00,10989.7,129.82988870056045
no06,2022/10/18 08:30:00,11512.2,147.33049135942858
no06,2022/10/18 08:45:00,10576.15,120.537949909649
no06,2022/10/18 09:00:00,9504.6,110.67134845307093
no06,2022/10/18 09:15:00,8856.15,113.96272474620338
no06,2022/10/18 09:30:00,9311.05,139.59357359661533
no06,2022/10/18 09:45:00,8919.1,113.95470014093561
no06,2022/10/18 10:00:00,9591.55,127.13005152205345
no06,2022/10/18 10:15:00,8777.35,111.73713278093999
no06,2022/10/18 10:30:00,8368.6,113.70988014286743
no06,2022/10/18 10:45:00,8250.55,97.88955914434233
no06,2022/10/18 11:00:00,8856.1,111.89652174642158
no06,2022/10/18 11:15:00,9416.55,162.23747214629864
no06,2022/10/18 11:30:00,8357.9,125.29413814154104
no06,2022/10/18 11:45:00,8446.25,122.12024919380858
no06,2022/10/18 12:00:00,8764.1,125.05447234158248
no06,2022/10/18 12:15:00,9001.75,112.51941352963328
no06,2022/10/18 12:30:00,8737.15,165.98201392731812
no06,2022/10/18 12:45:00,8549.9,129.96999653766267
no06,2022/10/18 13:00:00,8665.6,98.52352110296472
no06,2022/10/18 13:15:00,8247.35,126.063590887172
no06,2022/10/18 13:30:00,8252.2,124.25720353999203
no06,2022/10/18 13:45:00,7396.25,102.08864826837076
no06,2022/10/18 14:00:00,8229.5,125.04209817413297
no06,2022/10/18 14:15:00,8446.35,178.96258797507645
no06,2022/10/18 14:30:00,8580.8,131.1361686829461
no06,2022/10/18 14:45:00,8402.3,139.06571714197
no06,2022/10/18 15:00:00,8528.15,130.6942091899613
no06,2022/10/18 15:15:00,8662.9,136.67899388136075
no06,2022/10/18 15:30:00,8203.55,120.02652119208356
no06,2022/10/18 15:45:00,8095.25,122.37856494457982
no06,2022/10/18 16:00:00,9461.95,146.44398066729894
no06,2022/10/18 16:15:00,9579.8,159.16148701042087
no06,2022/10/18 16:30:00,9210.5,133.27790514560178
no06,2022/10/18 16:45:00,9479.1,146.5404201469413
no06,2022/10/18 17:00:00,9966.5,165.6831154247231
no06,2022/10/18 17:15:00,10030.9,147.36310328751324
no06,2022/10/18 17:30:00,9533.6,149.47641954502393
no06,2022/10/18 17:45:00,9857.0,114.70281967809369
no06,2022/10/18 18:00:00,10139.05,135.54120562047768
no06,2022/10/18 18:15:00,9322.45,105.0841642634481
no06,2022/10/18 18:30:00,8624.15,161.05385663448737
no06,2022/10/18 18:45:00,8001.05,135.75266790050676
no07,2022/10/18 06:30:00,6859.8421052631575,135.81575066484368
no07,2022/10/18 06:45:00,8041.526315789473,131.27763980758616
no07,2022/10/18 07:00:00,7958.9473684210525,135.17169069340034
no07,2022/10/18 07:15:00,9372.421052631578,122.97303940723205
no07,2022/10/18 07:30:00,10234.526315789473,125.27364200068966
no07,2022/10/18 07:45:00,10472.947368421053,156.12156007569152
no07,2022/10/18 08:00:00,11056.473684210527,130.14238715988193
no07,2022/10/18 08:15:00,10984.842105263158,104.44895784698733
no07,2022/10/18 08:30:00,11511.105263157895,140.67886785032476
no07,2022/10/18 08:45:00,10614.21052631579,110.60971373224794
no07,2022/10/18 09:00:00,9485.684210526315,113.76489042054101
no07,2022/10/18 09:15:00,8939.421052631578,115.97284921215785
no07,2022/10/18 09:30:00,9272.21052631579,112.77685880995668
no07,2022/10/18 09:45:00,8954.947368421053,112.81325458188311
no07,2022/10/18 10:00:00,9544.368421052632,101.97396755289853
no07,2022/10/18 10:15:00,8772.526315789473,107.36561027165965
no07,2022/10/18 10:30:00,8440.736842105263,108.86732093356302
no07,2022/10/18 10:45:00,8254.105263157895,83.01733067849428
no07,2022/10/18 11:00:00,8893.526315789473,111.78121906506699
no07,2022/10/18 11:15:00,9386.736842105263,130.17204090709384
no07,2022/10/18 11:30:00,8364.78947368421,121.9729382314731
no07,2022/10/18 11:45:00,8448.631578947368,150.95040043608032
no07,2022/10/18 12:00:00,8835.526315789473,133.1567031821499
no07,2022/10/18 12:15:00,8970.421052631578,111.09121166834706
no07,2022/10/18 12:30:00,8716.0,138.47583022157917
no07,2022/10/18 12:45:00,8529.368421052632,132.94702810029955
no07,2022/10/18 13:00:00,8719.315789473685,104.87667500004133
no07,2022/10/18 13:15:00,8217.578947368422,124.56382379659992
no07,2022/10/18 13:30:00,8277.315789473685,156.11464897866162
no07,2022/10/18 13:45:00,7373.0526315789475,100.82684479630875
no07,2022/10/18 14:00:00,8267.263157894737,151.95936668335713
no07,2022/10/18 14:15:00,8446.157894736842,184.7272052267266
no07,2022/10/18 14:30:00,8587.21052631579,139.54233883479762
no07,2022/10/18 14:45:00,8410.631578947368,150.71098556372942
no07,2022/10/18 15:00:00,8557.894736842105,165.98724674465598
no07,2022/10/18 15:15:00,8631.052631578947,141.38500379547196
no07,2022/10/18 15:30:00,8267.947368421053,96.66464002715225
no07,2022/10/18 15:45:00,8055.1578947368425,96.47179389616358
no07,2022/10/18 16:00:00,9470.052631578947,105.8785854354001
no07,2022/10/18 16:15:00,9613.315789473685,147.4287219987187
no07,2022/10/18 16:30:00,9140.526315789473,157.59525106390313
no07,2022/10/18 16:45:00,9472.0,159.66492692162862
no07,2022/10/18 17:00:00,9992.947368421053,148.0024300416911
no07,2022/10/18 17:15:00,10031.21052631579,176.3836030888259
no07,2022/10/18 17:30:00,9507.473684210527,97.36664294251253
no07,2022/10/18 17:45:00,9885.78947368421,142.2718754698469
no07,2022/10/18 18:00:00,10060.578947368422,139.42433861715264
no07,2022/10/18 18:15:00,9304.368421052632,111.17264378050133
no07,2022/10/18 18:30:00,8715.0,131.4517232886491
no07,2022/10/18 18:45:00,8014.894736842105,132.65028991752976
no08,2022/10/18 06:30:00,6848.736842105263,127.14901236356206
no08,2022/10/18 06:45:00,8033.736842105263,136.59585242819344
no08,2022/10/18 07:00:00,7966.263157894737,134.92337006417276
no08,2022/10/18 07:15:00,9368.947368421053,101.41470071181905
no08,2022/10/18 07:30:00,10252.473684210527,106.82715448645305
no08,2022/10/18 07:45:00,10471.631578947368,160.21555290237234
no08,2022/10/18 08:00:00,11055.473684210527,167.36764867966966
no08,2022/10/18 08:15:00,11021.947368421053,122.05029641013267
no08,2022/10/18 08:30:00,11523.684210526315,149.2994949130316
no08,2022/10/18 08:45:00,10561.315789473685,105.62146910946697
no08,2022/10/18 09:00:00,9489.263157894737,92.36692656360823
no08,2022/10/18 09:15:00,8886.157894736842,94.95862441546385
no08,2022/10/18 09:30:00,9295.0,136.33944566575164
no08,2022/10/18 09:45:00,8950.78947368421,112.0578119381878
no08,2022/10/18 10:00:00,9565.21052631579,134.12166075262016
no08,2022/10/18 10:15:00,8778.157894736842,120.76711434174796
no08,2022/10/18 10:30:00,8396.736842105263,126.2162351351676
no08,2022/10/18 10:45:00,8280.894736842105,97.78087448578405
no08,2022/10/18 11:00:00,8862.0,87.2359507950198
no08,2022/10/18 11:15:00,9415.421052631578,161.00701012670717
no08,2022/10/18 11:30:00,8386.894736842105,144.9957450474716
no08,2022/10/18 11:45:00,8429.368421052632,110.60902641803769
no08,2022/10/18 12:00:00,8784.631578947368,119.99639370799414
no08,2022/10/18 12:15:00,9006.368421052632,98.05169301406264
no08,2022/10/18 12:30:00,8724.578947368422,158.77598327674463
no08,2022/10/18 12:45:00,8550.105263157895,123.87264729769032
no08,2022/10/18 13:00:00,8687.473684210527,98.84464152342653
no08,2022/10/18 13:15:00,8239.894736842105,127.03669405894843
no08,2022/10/18 13:30:00,8248.578947368422,122.84738309041643
no08,2022/10/18 13:45:00,7385.473684210527,107.9538833746733
no08,2022/10/18 14:00:00,8270.684210526315,118.71349854520385
no08,2022/10/18 14:15:00,8464.842105263158,177.73615375290763
no08,2022/10/18 14:30:00,8561.473684210527,125.22085751940372
no08,2022/10/18 14:45:00,8427.473684210527,138.1152370792242
no08,2022/10/18 15:00:00,8518.052631578947,137.5069588882324
no08,2022/10/18 15:15:00,8663.157894736842,167.9987642672456
no08,2022/10/18 15:30:00,8219.473684210527,116.97500607729636
no08,2022/10/18 15:45:00,8086.736842105263,109.39065677412185
no08,2022/10/18 16:00:00,9473.947368421053,125.7278691302108
no08,2022/10/18 16:15:00,9609.473684210527,154.41120009070045
no08,2022/10/18 16:30:00,9203.947368421053,162.18524171939603
no08,2022/10/18 16:45:00,9444.368421052632,163.07197133860032
no08,2022/10/18 17:00:00,9998.315789473685,179.76467723467405
no08,2022/10/18 17:15:00,10032.421052631578,130.22600687073665
no08,2022/10/18 17:30:00,9504.473684210527,133.32431987077922
no08,2022/10/18 17:45:00,9893.105263157895,133.069278004121
no08,2022/10/18 18:00:00,10117.947368421053,130.97941894486553
no08,2022/10/18 18:15:00,9346.421052631578,122.84286068409753
no08,2022/10/18 18:30:00,8621.842105263158,172.5911234867914
no08,2022/10/18 18:45:00,7970.684210526316,145.73608286197756
