route_id,start_speed,end_speed,n_speeds,all_common_count,exists_common,observed_n_speeds_in_results_final,TTT_min_in_interval,TTT_max_in_interval,TTT_range,ttt_const_threshold,ttt_const_flag,common_flag,both_flag
311.0,20.0,20.0,1.0,3075.0,1.0,1,263.9999999999935,263.9999999999935,0.0,0.1,1,1,1
311.0,22.5,22.5,1.0,2640.0,1.0,1,240.0,240.0,0.0,0.1,1,1,1
311.0,25.0,35.0,5.0,1389.0,1.0,5,179.9999999999967,203.9999999999945,23.999999999997783,0.1,0,1,0
311.0,37.5,40.0,2.0,15609.0,1.0,2,170.9999999999995,175.9999999999997,5.000000000000199,0.1,0,1,0
311.0,42.5,50.0,4.0,5226.0,1.0,4,143.9999999999995,165.1764705882349,21.176470588235418,0.1,0,1,0
312.0,20.0,22.5,2.0,225.0,1.0,2,303.9999999999997,323.9999999999997,20.0,0.1,0,1,0
312.0,25.0,25.0,1.0,2622.0,1.0,1,275.9999999999994,275.9999999999994,0.0,0.1,1,1,1
312.0,27.5,27.5,1.0,1548.0,1.0,1,244.3636363636363,244.3636363636363,0.0,0.1,1,1,1
312.0,30.0,40.0,5.0,1201.0,1.0,5,179.9999999999998,219.9999999999998,40.0,0.1,0,1,0
312.0,42.5,50.0,4.0,651.0,1.0,4,155.9999999999996,171.5294117647056,15.529411764705998,0.1,0,1,0
313.0,20.0,20.0,1.0,3075.0,1.0,1,383.999999999999,383.999999999999,0.0,0.1,1,1,1
313.0,22.5,27.5,3.0,1331.0,1.0,3,299.9999999999998,339.9999999999998,40.0,0.1,0,1,0
313.0,30.0,32.5,2.0,2520.0,1.0,2,251.076923076923,287.9999999999994,36.923076923076366,0.1,0,1,0
313.0,35.0,47.5,6.0,63.0,1.0,6,179.9999999999998,231.428571428571,51.42857142857119,0.1,0,1,0
313.0,50.0,50.0,1.0,451.0,1.0,1,167.9999999999999,167.9999999999999,0.0,0.1,1,1,1
314.0,20.0,20.0,1.0,3075.0,1.0,1,383.999999999999,383.999999999999,0.0,0.1,1,1,1
314.0,22.5,27.5,3.0,11.0,1.0,3,292.363636363636,339.9999999999998,47.6363636363638,0.1,0,1,0
314.0,30.0,40.0,5.0,21.0,1.0,5,212.9999999999996,275.9999999999997,63.000000000000114,0.1,0,1,0
314.0,42.5,50.0,4.0,7995.0,1.0,4,167.9999999999999,196.2352941176468,28.2352941176469,0.1,0,1,0
321.0,20.0,20.0,1.0,3075.0,1.0,1,323.9999999999992,323.9999999999992,0.0,0.1,1,1,1
321.0,22.5,27.5,3.0,231.0,1.0,3,239.9999999999999,293.333333333333,53.33333333333309,0.1,0,1,0
321.0,30.0,42.5,6.0,63.0,1.0,6,179.9999999999998,227.9999999999997,47.999999999999886,0.1,0,1,0
321.0,45.0,50.0,3.0,216.0,1.0,3,167.9999999999995,174.6666666666665,6.666666666666998,0.1,0,1,0
322.0,20.0,22.5,2.0,525.0,1.0,2,359.9999999999994,383.9999999999993,23.999999999999943,0.1,0,1,0
322.0,25.0,25.0,1.0,16212.0,1.0,1,323.9999999999992,323.9999999999992,0.0,0.1,1,1,1
322.0,27.5,32.5,3.0,63.0,1.0,3,239.9999999999999,283.6363636363637,43.6363636363638,0.1,0,1,0
322.0,35.0,50.0,7.0,63.0,1.0,7,179.9999999999997,231.4285714285711,51.428571428571416,0.1,0,1,0
323.0,20.0,20.0,1.0,3075.0,1.0,1,443.9999999999986,443.9999999999986,0.0,0.1,1,1,1
323.0,22.5,25.0,2.0,4721.0,1.0,2,359.9999999999998,386.666666666666,26.66666666666623,0.1,0,1,0
323.0,27.5,27.5,1.0,13545.0,1.0,1,352.3636363636356,352.3636363636356,0.0,0.1,1,1,1
323.0,30.0,32.5,2.0,2283.0,1.0,2,296.3076923076917,323.9999999999993,27.692307692307622,0.1,0,1,0
323.0,35.0,37.5,2.0,56.0,1.0,2,251.9999999999995,263.9999999999993,11.99999999999983,0.1,0,1,0
323.0,37.5,40.0,2.0,128.0,1.0,2,239.9999999999998,251.9999999999995,11.999999999999687,0.1,0,1,0
323.0,40.0,50.0,5.0,945.0,1.0,5,179.9999999999997,239.9999999999998,60.000000000000114,0.1,0,1,0
324.0,20.0,20.0,1.0,3075.0,1.0,1,323.9999999999992,323.9999999999992,0.0,0.1,1,1,1
324.0,22.5,25.0,2.0,3641.0,1.0,2,240.0,293.333333333333,53.33333333333297,0.1,0,1,0
324.0,27.5,30.0,2.0,1953.0,1.0,2,227.9999999999997,239.9999999999999,12.000000000000199,0.1,0,1,0
324.0,32.5,35.0,2.0,5304.0,1.0,2,195.428571428571,208.6153846153843,13.18681318681331,0.1,0,1,0
324.0,37.5,47.5,5.0,483.0,1.0,5,171.1578947368414,183.9999999999995,12.84210526315809,0.1,0,1,0
324.0,50.0,50.0,1.0,451.0,1.0,1,167.9999999999995,167.9999999999995,0.0,0.1,1,1,1
331.0,20.0,20.0,1.0,23125.0,1.0,1,257.9999999999994,257.9999999999994,0.0,0.1,1,1,1
331.0,22.5,30.0,4.0,231.0,1.0,4,180.0,219.9999999999993,39.99999999999929,0.1,0,1,0
331.0,32.5,45.0,6.0,975.0,1.0,6,150.6666666666664,176.307692307692,25.641025641025607,0.1,0,1,0
331.0,47.5,50.0,2.0,2.0,1.0,2,132.0,141.473684210526,9.473684210525988,0.1,0,1,0
332.0,20.0,20.0,1.0,1085.0,1.0,1,299.9999999999998,299.9999999999998,0.0,0.1,1,1,1
332.0,22.5,22.5,1.0,330.0,1.0,1,294.6666666666663,294.6666666666663,0.0,0.1,1,1,1
332.0,25.0,27.5,2.0,882.0,1.0,2,234.5454545454543,263.9999999999994,29.45454545454507,0.1,0,1,0
332.0,27.5,37.5,5.0,235.0,1.0,5,179.9999999999998,234.5454545454543,54.545454545454504,0.1,0,1,0
332.0,40.0,50.0,5.0,189.0,1.0,5,143.9999999999997,167.9999999999998,24.000000000000114,0.1,0,1,0
333.0,20.0,20.0,1.0,23125.0,1.0,1,377.9999999999989,377.9999999999989,0.0,0.1,1,1,1
333.0,22.5,25.0,2.0,2471.0,1.0,2,300.0,313.333333333333,13.333333333332973,0.1,0,1,0
333.0,27.5,27.5,1.0,1215.0,1.0,1,293.4545454545449,293.4545454545449,0.0,0.1,1,1,1
333.0,30.0,32.5,2.0,18.0,1.0,2,240.0,267.9999999999995,27.99999999999949,0.1,0,1,0
333.0,35.0,45.0,5.0,3.0,1.0,5,179.9999999999997,214.2857142857139,34.28571428571422,0.1,0,1,0
333.0,47.5,50.0,2.0,341.0,1.0,2,155.9999999999999,170.5263157894736,14.526315789473728,0.1,0,1,0
334.0,20.0,20.0,1.0,23125.0,1.0,1,317.9999999999992,317.9999999999992,0.0,0.1,1,1,1
334.0,22.5,25.0,2.0,3271.0,1.0,2,239.9999999999998,266.6666666666661,26.666666666666316,0.1,0,1,0
334.0,27.5,40.0,6.0,1.0,1.0,6,179.9999999999996,234.545454545454,54.54545454545439,0.1,0,1,0
334.0,42.5,45.0,2.0,20255.0,1.0,2,174.6666666666664,178.5882352941171,3.9215686274507107,0.1,0,1,0
334.0,45.0,50.0,3.0,11935.0,1.0,3,155.9999999999997,174.6666666666664,18.666666666666714,0.1,0,1,0
