route_id,start_speed,end_speed,n_speeds,all_common_count,exists_common,observed_n_speeds_in_results_final,TTT_min_in_interval,TTT_max_in_interval,TTT_range,ttt_const_threshold,ttt_const_flag,common_flag,both_flag,interval_type
311.0,20.0,20.0,1.0,3075.0,1.0,1,263.9999999999935,263.9999999999935,0.0,0.1,1,1,1,both
311.0,22.5,22.5,1.0,2640.0,1.0,1,240.0,240.0,0.0,0.1,1,1,1,both
311.0,25.0,25.0,1.0,4851.0,1.0,1,203.9999999999945,203.9999999999945,0.0,0.1,1,1,1,both
311.0,27.5,35.0,4.0,1749.0,1.0,4,179.9999999999967,180.0,3.296918293926865e-12,0.1,1,1,1,both
311.0,37.5,37.5,1.0,17061.0,1.0,1,175.9999999999997,175.9999999999997,0.0,0.1,1,1,1,both
311.0,40.0,40.0,1.0,26445.0,1.0,1,170.9999999999995,170.9999999999995,0.0,0.1,1,1,1,both
311.0,42.5,42.5,1.0,12654.0,1.0,1,165.1764705882349,165.1764705882349,0.0,0.1,1,1,1,both
311.0,45.0,45.0,1.0,14025.0,1.0,1,157.3333333333327,157.3333333333327,0.0,0.1,1,1,1,both
311.0,47.5,47.5,1.0,16433.0,1.0,1,150.3157894736835,150.3157894736835,0.0,0.1,1,1,1,both
311.0,50.0,50.0,1.0,21681.0,1.0,1,143.9999999999995,143.9999999999995,0.0,0.1,1,1,1,both
311.0,20.0,20.0,1.0,3075.0,1.0,1,263.9999999999935,263.9999999999935,0.0,0.1,1,1,1,common_optimal
311.0,22.5,22.5,1.0,2640.0,1.0,1,240.0,240.0,0.0,0.1,1,1,1,common_optimal
311.0,25.0,35.0,5.0,1389.0,1.0,5,179.9999999999967,203.9999999999945,23.999999999997783,0.1,0,1,0,common_optimal
311.0,37.5,40.0,2.0,15609.0,1.0,2,170.9999999999995,175.9999999999997,5.000000000000199,0.1,0,1,0,common_optimal
311.0,42.5,50.0,4.0,5226.0,1.0,4,143.9999999999995,165.1764705882349,21.176470588235418,0.1,0,1,0,common_optimal
311.0,20.0,20.0,1.0,3075.0,1.0,1,263.9999999999935,263.9999999999935,0.0,0.1,1,1,1,ttt_constant
311.0,22.5,22.5,1.0,2640.0,1.0,1,240.0,240.0,0.0,0.1,1,1,1,ttt_constant
311.0,25.0,25.0,1.0,4851.0,1.0,1,203.9999999999945,203.9999999999945,0.0,0.1,1,1,1,ttt_constant
311.0,27.5,35.0,4.0,1749.0,1.0,4,179.9999999999967,180.0,3.296918293926865e-12,0.1,1,1,1,ttt_constant
311.0,37.5,37.5,1.0,17061.0,1.0,1,175.9999999999997,175.9999999999997,0.0,0.1,1,1,1,ttt_constant
311.0,40.0,40.0,1.0,26445.0,1.0,1,170.9999999999995,170.9999999999995,0.0,0.1,1,1,1,ttt_constant
311.0,42.5,42.5,1.0,12654.0,1.0,1,165.1764705882349,165.1764705882349,0.0,0.1,1,1,1,ttt_constant
311.0,45.0,45.0,1.0,14025.0,1.0,1,157.3333333333327,157.3333333333327,0.0,0.1,1,1,1,ttt_constant
311.0,47.5,47.5,1.0,16433.0,1.0,1,150.3157894736835,150.3157894736835,0.0,0.1,1,1,1,ttt_constant
311.0,50.0,50.0,1.0,21681.0,1.0,1,143.9999999999995,143.9999999999995,0.0,0.1,1,1,1,ttt_constant
312.0,20.0,20.0,1.0,1575.0,1.0,1,323.9999999999997,323.9999999999997,0.0,0.1,1,1,1,both
312.0,22.5,22.5,1.0,2625.0,1.0,1,303.9999999999997,303.9999999999997,0.0,0.1,1,1,1,both
312.0,25.0,25.0,1.0,2622.0,1.0,1,275.9999999999994,275.9999999999994,0.0,0.1,1,1,1,both
312.0,27.5,27.5,1.0,1548.0,1.0,1,244.3636363636363,244.3636363636363,0.0,0.1,1,1,1,both
312.0,30.0,30.0,1.0,15559.0,1.0,1,219.9999999999998,219.9999999999998,0.0,0.1,1,1,1,both
312.0,32.5,32.5,1.0,1449.0,1.0,1,189.2307692307692,189.2307692307692,0.0,0.1,1,1,1,both
312.0,35.0,40.0,3.0,3465.0,1.0,3,179.9999999999998,180.0,1.9895196601282805e-13,0.1,1,1,1,both
312.0,42.5,42.5,1.0,903.0,1.0,1,171.5294117647056,171.5294117647056,0.0,0.1,1,1,1,both
312.0,45.0,45.0,1.0,1443.0,1.0,1,163.9999999999995,163.9999999999995,0.0,0.1,1,1,1,both
312.0,47.5,47.5,1.0,3927.0,1.0,1,159.7894736842101,159.7894736842101,0.0,0.1,1,1,1,both
312.0,50.0,50.0,1.0,7161.0,1.0,1,155.9999999999996,155.9999999999996,0.0,0.1,1,1,1,both
312.0,20.0,22.5,2.0,225.0,1.0,2,303.9999999999997,323.9999999999997,20.0,0.1,0,1,0,common_optimal
312.0,25.0,25.0,1.0,2622.0,1.0,1,275.9999999999994,275.9999999999994,0.0,0.1,1,1,1,common_optimal
312.0,27.5,27.5,1.0,1548.0,1.0,1,244.3636363636363,244.3636363636363,0.0,0.1,1,1,1,common_optimal
312.0,30.0,40.0,5.0,1201.0,1.0,5,179.9999999999998,219.9999999999998,40.0,0.1,0,1,0,common_optimal
312.0,42.5,50.0,4.0,651.0,1.0,4,155.9999999999996,171.5294117647056,15.529411764705998,0.1,0,1,0,common_optimal
312.0,20.0,20.0,1.0,1575.0,1.0,1,323.9999999999997,323.9999999999997,0.0,0.1,1,1,1,ttt_constant
312.0,22.5,22.5,1.0,2625.0,1.0,1,303.9999999999997,303.9999999999997,0.0,0.1,1,1,1,ttt_constant
312.0,25.0,25.0,1.0,2622.0,1.0,1,275.9999999999994,275.9999999999994,0.0,0.1,1,1,1,ttt_constant
312.0,27.5,27.5,1.0,1548.0,1.0,1,244.3636363636363,244.3636363636363,0.0,0.1,1,1,1,ttt_constant
312.0,30.0,30.0,1.0,15559.0,1.0,1,219.9999999999998,219.9999999999998,0.0,0.1,1,1,1,ttt_constant
312.0,32.5,32.5,1.0,1449.0,1.0,1,189.2307692307692,189.2307692307692,0.0,0.1,1,1,1,ttt_constant
312.0,35.0,40.0,3.0,3465.0,1.0,3,179.9999999999998,180.0,1.9895196601282805e-13,0.1,1,1,1,ttt_constant
312.0,42.5,42.5,1.0,903.0,1.0,1,171.5294117647056,171.5294117647056,0.0,0.1,1,1,1,ttt_constant
312.0,45.0,45.0,1.0,1443.0,1.0,1,163.9999999999995,163.9999999999995,0.0,0.1,1,1,1,ttt_constant
312.0,47.5,47.5,1.0,3927.0,1.0,1,159.7894736842101,159.7894736842101,0.0,0.1,1,1,1,ttt_constant
312.0,50.0,50.0,1.0,7161.0,1.0,1,155.9999999999996,155.9999999999996,0.0,0.1,1,1,1,ttt_constant
313.0,20.0,20.0,1.0,3075.0,1.0,1,383.999999999999,383.999999999999,0.0,0.1,1,1,1,both
313.0,22.5,22.5,1.0,7623.0,1.0,1,339.9999999999998,339.9999999999998,0.0,0.1,1,1,1,both
313.0,25.0,27.5,2.0,2101.0,1.0,2,299.9999999999998,300.0,2.2737367544323206e-13,0.1,1,1,1,both
313.0,30.0,30.0,1.0,98399.0,1.0,1,287.9999999999994,287.9999999999994,0.0,0.1,1,1,1,both
313.0,32.5,32.5,1.0,2520.0,1.0,1,251.076923076923,251.076923076923,0.0,0.1,1,1,1,both
313.0,35.0,35.0,1.0,11385.0,1.0,1,231.428571428571,231.428571428571,0.0,0.1,1,1,1,both
313.0,37.5,37.5,1.0,2101.0,1.0,1,203.9999999999995,203.9999999999995,0.0,0.1,1,1,1,both
313.0,40.0,40.0,1.0,63.0,1.0,1,182.9999999999998,182.9999999999998,0.0,0.1,1,1,1,both
313.0,42.5,47.5,3.0,1275.0,1.0,3,179.9999999999998,180.0,1.9895196601282805e-13,0.1,1,1,1,both
313.0,50.0,50.0,1.0,451.0,1.0,1,167.9999999999999,167.9999999999999,0.0,0.1,1,1,1,both
313.0,20.0,20.0,1.0,3075.0,1.0,1,383.999999999999,383.999999999999,0.0,0.1,1,1,1,common_optimal
313.0,22.5,27.5,3.0,1331.0,1.0,3,299.9999999999998,339.9999999999998,40.0,0.1,0,1,0,common_optimal
313.0,30.0,32.5,2.0,2520.0,1.0,2,251.076923076923,287.9999999999994,36.923076923076366,0.1,0,1,0,common_optimal
313.0,35.0,47.5,6.0,63.0,1.0,6,179.9999999999998,231.428571428571,51.42857142857119,0.1,0,1,0,common_optimal
313.0,50.0,50.0,1.0,451.0,1.0,1,167.9999999999999,167.9999999999999,0.0,0.1,1,1,1,common_optimal
313.0,20.0,20.0,1.0,3075.0,1.0,1,383.999999999999,383.999999999999,0.0,0.1,1,1,1,ttt_constant
313.0,22.5,22.5,1.0,7623.0,1.0,1,339.9999999999998,339.9999999999998,0.0,0.1,1,1,1,ttt_constant
313.0,25.0,27.5,2.0,2101.0,1.0,2,299.9999999999998,300.0,2.2737367544323206e-13,0.1,1,1,1,ttt_constant
313.0,30.0,30.0,1.0,98399.0,1.0,1,287.9999999999994,287.9999999999994,0.0,0.1,1,1,1,ttt_constant
313.0,32.5,32.5,1.0,2520.0,1.0,1,251.076923076923,251.076923076923,0.0,0.1,1,1,1,ttt_constant
313.0,35.0,35.0,1.0,11385.0,1.0,1,231.428571428571,231.428571428571,0.0,0.1,1,1,1,ttt_constant
313.0,37.5,37.5,1.0,2101.0,1.0,1,203.9999999999995,203.9999999999995,0.0,0.1,1,1,1,ttt_constant
313.0,40.0,40.0,1.0,63.0,1.0,1,182.9999999999998,182.9999999999998,0.0,0.1,1,1,1,ttt_constant
313.0,42.5,47.5,3.0,1275.0,1.0,3,179.9999999999998,180.0,1.9895196601282805e-13,0.1,1,1,1,ttt_constant
313.0,50.0,50.0,1.0,451.0,1.0,1,167.9999999999999,167.9999999999999,0.0,0.1,1,1,1,ttt_constant
314.0,20.0,20.0,1.0,3075.0,1.0,1,383.999999999999,383.999999999999,0.0,0.1,1,1,1,both
314.0,22.5,22.5,1.0,17073.0,1.0,1,339.9999999999998,339.9999999999998,0.0,0.1,1,1,1,both
314.0,25.0,25.0,1.0,11.0,1.0,1,300.0,300.0,0.0,0.1,1,1,1,both
314.0,27.5,27.5,1.0,10519.0,1.0,1,292.363636363636,292.363636363636,0.0,0.1,1,1,1,both
314.0,30.0,30.0,1.0,3157.0,1.0,1,275.9999999999997,275.9999999999997,0.0,0.1,1,1,1,both
314.0,32.5,32.5,1.0,819.0,1.0,1,254.7692307692304,254.7692307692304,0.0,0.1,1,1,1,both
314.0,35.0,35.0,1.0,1035.0,1.0,1,239.9999999999999,239.9999999999999,0.0,0.1,1,1,1,both
314.0,37.5,37.5,1.0,363.0,1.0,1,231.9999999999997,231.9999999999997,0.0,0.1,1,1,1,both
314.0,40.0,40.0,1.0,6937.0,1.0,1,212.9999999999996,212.9999999999996,0.0,0.1,1,1,1,both
314.0,42.5,42.5,1.0,9555.0,1.0,1,196.2352941176468,196.2352941176468,0.0,0.1,1,1,1,both
314.0,45.0,45.0,1.0,21997.0,1.0,1,181.333333333333,181.333333333333,0.0,0.1,1,1,1,both
314.0,47.5,47.5,1.0,36425.0,1.0,1,179.9999999999997,179.9999999999997,0.0,0.1,1,1,1,both
314.0,50.0,50.0,1.0,96320.0,1.0,1,167.9999999999999,167.9999999999999,0.0,0.1,1,1,1,both
314.0,20.0,20.0,1.0,3075.0,1.0,1,383.999999999999,383.999999999999,0.0,0.1,1,1,1,common_optimal
314.0,22.5,27.5,3.0,11.0,1.0,3,292.363636363636,339.9999999999998,47.6363636363638,0.1,0,1,0,common_optimal
314.0,30.0,40.0,5.0,21.0,1.0,5,212.9999999999996,275.9999999999997,63.000000000000114,0.1,0,1,0,common_optimal
314.0,42.5,50.0,4.0,7995.0,1.0,4,167.9999999999999,196.2352941176468,28.2352941176469,0.1,0,1,0,common_optimal
314.0,20.0,20.0,1.0,3075.0,1.0,1,383.999999999999,383.999999999999,0.0,0.1,1,1,1,ttt_constant
314.0,22.5,22.5,1.0,17073.0,1.0,1,339.9999999999998,339.9999999999998,0.0,0.1,1,1,1,ttt_constant
314.0,25.0,25.0,1.0,11.0,1.0,1,300.0,300.0,0.0,0.1,1,1,1,ttt_constant
314.0,27.5,27.5,1.0,10519.0,1.0,1,292.363636363636,292.363636363636,0.0,0.1,1,1,1,ttt_constant
314.0,30.0,30.0,1.0,3157.0,1.0,1,275.9999999999997,275.9999999999997,0.0,0.1,1,1,1,ttt_constant
314.0,32.5,32.5,1.0,819.0,1.0,1,254.7692307692304,254.7692307692304,0.0,0.1,1,1,1,ttt_constant
314.0,35.0,35.0,1.0,1035.0,1.0,1,239.9999999999999,239.9999999999999,0.0,0.1,1,1,1,ttt_constant
314.0,37.5,37.5,1.0,363.0,1.0,1,231.9999999999997,231.9999999999997,0.0,0.1,1,1,1,ttt_constant
314.0,40.0,40.0,1.0,6937.0,1.0,1,212.9999999999996,212.9999999999996,0.0,0.1,1,1,1,ttt_constant
314.0,42.5,42.5,1.0,9555.0,1.0,1,196.2352941176468,196.2352941176468,0.0,0.1,1,1,1,ttt_constant
314.0,45.0,45.0,1.0,21997.0,1.0,1,181.333333333333,181.333333333333,0.0,0.1,1,1,1,ttt_constant
314.0,47.5,47.5,1.0,36425.0,1.0,1,179.9999999999997,179.9999999999997,0.0,0.1,1,1,1,ttt_constant
314.0,50.0,50.0,1.0,96320.0,1.0,1,167.9999999999999,167.9999999999999,0.0,0.1,1,1,1,ttt_constant
321.0,20.0,20.0,1.0,3075.0,1.0,1,323.9999999999992,323.9999999999992,0.0,0.1,1,1,1,both
321.0,22.5,22.5,1.0,22673.0,1.0,1,293.333333333333,293.333333333333,0.0,0.1,1,1,1,both
321.0,25.0,27.5,2.0,231.0,1.0,2,239.9999999999999,240.0,1.1368683772161603e-13,0.1,1,1,1,both
321.0,30.0,30.0,1.0,861.0,1.0,1,227.9999999999997,227.9999999999997,0.0,0.1,1,1,1,both
321.0,32.5,32.5,1.0,897.0,1.0,1,208.6153846153843,208.6153846153843,0.0,0.1,1,1,1,both
321.0,35.0,35.0,1.0,2223.0,1.0,1,195.428571428571,195.428571428571,0.0,0.1,1,1,1,both
321.0,37.5,37.5,1.0,897.0,1.0,1,183.9999999999995,183.9999999999995,0.0,0.1,1,1,1,both
321.0,40.0,42.5,2.0,3755.0,1.0,2,179.9999999999998,180.0,1.9895196601282805e-13,0.1,1,1,1,both
321.0,45.0,45.0,1.0,330.0,1.0,1,174.6666666666665,174.6666666666665,0.0,0.1,1,1,1,both
321.0,47.5,47.5,1.0,12323.0,1.0,1,171.1578947368414,171.1578947368414,0.0,0.1,1,1,1,both
321.0,50.0,50.0,1.0,98399.0,1.0,1,167.9999999999995,167.9999999999995,0.0,0.1,1,1,1,both
321.0,20.0,20.0,1.0,3075.0,1.0,1,323.9999999999992,323.9999999999992,0.0,0.1,1,1,1,common_optimal
321.0,22.5,27.5,3.0,231.0,1.0,3,239.9999999999999,293.333333333333,53.33333333333309,0.1,0,1,0,common_optimal
321.0,30.0,42.5,6.0,63.0,1.0,6,179.9999999999998,227.9999999999997,47.999999999999886,0.1,0,1,0,common_optimal
321.0,45.0,50.0,3.0,216.0,1.0,3,167.9999999999995,174.6666666666665,6.666666666666998,0.1,0,1,0,common_optimal
321.0,20.0,20.0,1.0,3075.0,1.0,1,323.9999999999992,323.9999999999992,0.0,0.1,1,1,1,ttt_constant
321.0,22.5,22.5,1.0,22673.0,1.0,1,293.333333333333,293.333333333333,0.0,0.1,1,1,1,ttt_constant
321.0,25.0,27.5,2.0,231.0,1.0,2,239.9999999999999,240.0,1.1368683772161603e-13,0.1,1,1,1,ttt_constant
321.0,30.0,30.0,1.0,861.0,1.0,1,227.9999999999997,227.9999999999997,0.0,0.1,1,1,1,ttt_constant
321.0,32.5,32.5,1.0,897.0,1.0,1,208.6153846153843,208.6153846153843,0.0,0.1,1,1,1,ttt_constant
321.0,35.0,35.0,1.0,2223.0,1.0,1,195.428571428571,195.428571428571,0.0,0.1,1,1,1,ttt_constant
321.0,37.5,37.5,1.0,897.0,1.0,1,183.9999999999995,183.9999999999995,0.0,0.1,1,1,1,ttt_constant
321.0,40.0,42.5,2.0,3755.0,1.0,2,179.9999999999998,180.0,1.9895196601282805e-13,0.1,1,1,1,ttt_constant
321.0,45.0,45.0,1.0,330.0,1.0,1,174.6666666666665,174.6666666666665,0.0,0.1,1,1,1,ttt_constant
321.0,47.5,47.5,1.0,12323.0,1.0,1,171.1578947368414,171.1578947368414,0.0,0.1,1,1,1,ttt_constant
321.0,50.0,50.0,1.0,98399.0,1.0,1,167.9999999999995,167.9999999999995,0.0,0.1,1,1,1,ttt_constant
322.0,20.0,20.0,1.0,1575.0,1.0,1,383.9999999999993,383.9999999999993,0.0,0.1,1,1,1,both
322.0,22.5,22.5,1.0,13525.0,1.0,1,359.9999999999994,359.9999999999994,0.0,0.1,1,1,1,both
322.0,25.0,25.0,1.0,16212.0,1.0,1,323.9999999999992,323.9999999999992,0.0,0.1,1,1,1,both
322.0,27.5,27.5,1.0,5603.0,1.0,1,283.6363636363637,283.6363636363637,0.0,0.1,1,1,1,both
322.0,30.0,30.0,1.0,147.0,1.0,1,247.9999999999998,247.9999999999998,0.0,0.1,1,1,1,both
322.0,32.5,32.5,1.0,1257.0,1.0,1,239.9999999999999,239.9999999999999,0.0,0.1,1,1,1,both
322.0,35.0,35.0,1.0,9933.0,1.0,1,231.4285714285711,231.4285714285711,0.0,0.1,1,1,1,both
322.0,37.5,37.5,1.0,819.0,1.0,1,203.9999999999998,203.9999999999998,0.0,0.1,1,1,1,both
322.0,40.0,40.0,1.0,63.0,1.0,1,182.9999999999997,182.9999999999997,0.0,0.1,1,1,1,both
322.0,42.5,50.0,4.0,2101.0,1.0,4,179.9999999999997,180.0,3.126388037344441e-13,0.1,1,1,1,both
322.0,20.0,22.5,2.0,525.0,1.0,2,359.9999999999994,383.9999999999993,23.999999999999943,0.1,0,1,0,common_optimal
322.0,25.0,25.0,1.0,16212.0,1.0,1,323.9999999999992,323.9999999999992,0.0,0.1,1,1,1,common_optimal
322.0,27.5,32.5,3.0,63.0,1.0,3,239.9999999999999,283.6363636363637,43.6363636363638,0.1,0,1,0,common_optimal
322.0,35.0,50.0,7.0,63.0,1.0,7,179.9999999999997,231.4285714285711,51.428571428571416,0.1,0,1,0,common_optimal
322.0,20.0,20.0,1.0,1575.0,1.0,1,383.9999999999993,383.9999999999993,0.0,0.1,1,1,1,ttt_constant
322.0,22.5,22.5,1.0,13525.0,1.0,1,359.9999999999994,359.9999999999994,0.0,0.1,1,1,1,ttt_constant
322.0,25.0,25.0,1.0,16212.0,1.0,1,323.9999999999992,323.9999999999992,0.0,0.1,1,1,1,ttt_constant
322.0,27.5,27.5,1.0,5603.0,1.0,1,283.6363636363637,283.6363636363637,0.0,0.1,1,1,1,ttt_constant
322.0,30.0,30.0,1.0,147.0,1.0,1,247.9999999999998,247.9999999999998,0.0,0.1,1,1,1,ttt_constant
322.0,32.5,32.5,1.0,1257.0,1.0,1,239.9999999999999,239.9999999999999,0.0,0.1,1,1,1,ttt_constant
322.0,35.0,35.0,1.0,9933.0,1.0,1,231.4285714285711,231.4285714285711,0.0,0.1,1,1,1,ttt_constant
322.0,37.5,37.5,1.0,819.0,1.0,1,203.9999999999998,203.9999999999998,0.0,0.1,1,1,1,ttt_constant
322.0,40.0,40.0,1.0,63.0,1.0,1,182.9999999999997,182.9999999999997,0.0,0.1,1,1,1,ttt_constant
322.0,42.5,50.0,4.0,2101.0,1.0,4,179.9999999999997,180.0,3.126388037344441e-13,0.1,1,1,1,ttt_constant
323.0,20.0,20.0,1.0,3075.0,1.0,1,443.9999999999986,443.9999999999986,0.0,0.1,1,1,1,both
323.0,22.5,22.5,1.0,5313.0,1.0,1,386.666666666666,386.666666666666,0.0,0.1,1,1,1,both
323.0,25.0,25.0,1.0,21871.0,1.0,1,359.9999999999998,359.9999999999998,0.0,0.1,1,1,1,both
323.0,27.5,27.5,1.0,13545.0,1.0,1,352.3636363636356,352.3636363636356,0.0,0.1,1,1,1,both
323.0,30.0,30.0,1.0,8433.0,1.0,1,323.9999999999993,323.9999999999993,0.0,0.1,1,1,1,both
323.0,32.5,32.5,1.0,9367.0,1.0,1,296.3076923076917,296.3076923076917,0.0,0.1,1,1,1,both
323.0,35.0,35.0,1.0,154.0,1.0,1,263.9999999999993,263.9999999999993,0.0,0.1,1,1,1,both
323.0,37.5,37.5,1.0,5049.0,1.0,1,251.9999999999995,251.9999999999995,0.0,0.1,1,1,1,both
323.0,40.0,40.0,1.0,36485.0,1.0,1,239.9999999999998,239.9999999999998,0.0,0.1,1,1,1,both
323.0,42.5,42.5,1.0,9675.0,1.0,1,215.2941176470586,215.2941176470586,0.0,0.1,1,1,1,both
323.0,45.0,45.0,1.0,2541.0,1.0,1,193.3333333333331,193.3333333333331,0.0,0.1,1,1,1,both
323.0,47.5,50.0,2.0,1085.0,1.0,2,179.9999999999997,179.9999999999998,1.1368683772161603e-13,0.1,1,1,1,both
323.0,20.0,20.0,1.0,3075.0,1.0,1,443.9999999999986,443.9999999999986,0.0,0.1,1,1,1,common_optimal
323.0,22.5,25.0,2.0,4721.0,1.0,2,359.9999999999998,386.666666666666,26.66666666666623,0.1,0,1,0,common_optimal
323.0,27.5,27.5,1.0,13545.0,1.0,1,352.3636363636356,352.3636363636356,0.0,0.1,1,1,1,common_optimal
323.0,30.0,32.5,2.0,2283.0,1.0,2,296.3076923076917,323.9999999999993,27.692307692307622,0.1,0,1,0,common_optimal
323.0,35.0,37.5,2.0,56.0,1.0,2,251.9999999999995,263.9999999999993,11.99999999999983,0.1,0,1,0,common_optimal
323.0,37.5,40.0,2.0,128.0,1.0,2,239.9999999999998,251.9999999999995,11.999999999999687,0.1,0,1,0,common_optimal
323.0,40.0,50.0,5.0,945.0,1.0,5,179.9999999999997,239.9999999999998,60.000000000000114,0.1,0,1,0,common_optimal
323.0,20.0,20.0,1.0,3075.0,1.0,1,443.9999999999986,443.9999999999986,0.0,0.1,1,1,1,ttt_constant
323.0,22.5,22.5,1.0,5313.0,1.0,1,386.666666666666,386.666666666666,0.0,0.1,1,1,1,ttt_constant
323.0,25.0,25.0,1.0,21871.0,1.0,1,359.9999999999998,359.9999999999998,0.0,0.1,1,1,1,ttt_constant
323.0,27.5,27.5,1.0,13545.0,1.0,1,352.3636363636356,352.3636363636356,0.0,0.1,1,1,1,ttt_constant
323.0,30.0,30.0,1.0,8433.0,1.0,1,323.9999999999993,323.9999999999993,0.0,0.1,1,1,1,ttt_constant
323.0,32.5,32.5,1.0,9367.0,1.0,1,296.3076923076917,296.3076923076917,0.0,0.1,1,1,1,ttt_constant
323.0,35.0,35.0,1.0,154.0,1.0,1,263.9999999999993,263.9999999999993,0.0,0.1,1,1,1,ttt_constant
323.0,37.5,37.5,1.0,5049.0,1.0,1,251.9999999999995,251.9999999999995,0.0,0.1,1,1,1,ttt_constant
323.0,40.0,40.0,1.0,36485.0,1.0,1,239.9999999999998,239.9999999999998,0.0,0.1,1,1,1,ttt_constant
323.0,42.5,42.5,1.0,9675.0,1.0,1,215.2941176470586,215.2941176470586,0.0,0.1,1,1,1,ttt_constant
323.0,45.0,45.0,1.0,2541.0,1.0,1,193.3333333333331,193.3333333333331,0.0,0.1,1,1,1,ttt_constant
323.0,47.5,50.0,2.0,1085.0,1.0,2,179.9999999999997,179.9999999999998,1.1368683772161603e-13,0.1,1,1,1,ttt_constant
324.0,20.0,20.0,1.0,3075.0,1.0,1,323.9999999999992,323.9999999999992,0.0,0.1,1,1,1,both
324.0,22.5,22.5,1.0,12243.0,1.0,1,293.333333333333,293.333333333333,0.0,0.1,1,1,1,both
324.0,25.0,25.0,1.0,4851.0,1.0,1,240.0,240.0,0.0,0.1,1,1,1,both
324.0,27.5,27.5,1.0,2709.0,1.0,1,239.9999999999999,239.9999999999999,0.0,0.1,1,1,1,both
324.0,30.0,30.0,1.0,16461.0,1.0,1,227.9999999999997,227.9999999999997,0.0,0.1,1,1,1,both
324.0,32.5,32.5,1.0,8788.0,1.0,1,208.6153846153843,208.6153846153843,0.0,0.1,1,1,1,both
324.0,35.0,35.0,1.0,11424.0,1.0,1,195.428571428571,195.428571428571,0.0,0.1,1,1,1,both
324.0,37.5,37.5,1.0,30889.0,1.0,1,183.9999999999995,183.9999999999995,0.0,0.1,1,1,1,both
324.0,40.0,42.5,2.0,7965.0,1.0,2,179.9999999999998,180.0,1.9895196601282805e-13,0.1,1,1,1,both
324.0,45.0,45.0,1.0,735.0,1.0,1,174.6666666666665,174.6666666666665,0.0,0.1,1,1,1,both
324.0,47.5,47.5,1.0,12475.0,1.0,1,171.1578947368414,171.1578947368414,0.0,0.1,1,1,1,both
324.0,50.0,50.0,1.0,451.0,1.0,1,167.9999999999995,167.9999999999995,0.0,0.1,1,1,1,both
324.0,20.0,20.0,1.0,3075.0,1.0,1,323.9999999999992,323.9999999999992,0.0,0.1,1,1,1,common_optimal
324.0,22.5,25.0,2.0,3641.0,1.0,2,240.0,293.333333333333,53.33333333333297,0.1,0,1,0,common_optimal
324.0,27.5,30.0,2.0,1953.0,1.0,2,227.9999999999997,239.9999999999999,12.000000000000199,0.1,0,1,0,common_optimal
324.0,32.5,35.0,2.0,5304.0,1.0,2,195.428571428571,208.6153846153843,13.18681318681331,0.1,0,1,0,common_optimal
324.0,37.5,47.5,5.0,483.0,1.0,5,171.1578947368414,183.9999999999995,12.84210526315809,0.1,0,1,0,common_optimal
324.0,50.0,50.0,1.0,451.0,1.0,1,167.9999999999995,167.9999999999995,0.0,0.1,1,1,1,common_optimal
324.0,20.0,20.0,1.0,3075.0,1.0,1,323.9999999999992,323.9999999999992,0.0,0.1,1,1,1,ttt_constant
324.0,22.5,22.5,1.0,12243.0,1.0,1,293.333333333333,293.333333333333,0.0,0.1,1,1,1,ttt_constant
324.0,25.0,27.5,2.0,0.0,0.0,2,239.9999999999999,240.0,1.1368683772161603e-13,0.1,1,0,0,ttt_constant
324.0,30.0,30.0,1.0,16461.0,1.0,1,227.9999999999997,227.9999999999997,0.0,0.1,1,1,1,ttt_constant
324.0,32.5,32.5,1.0,8788.0,1.0,1,208.6153846153843,208.6153846153843,0.0,0.1,1,1,1,ttt_constant
324.0,35.0,35.0,1.0,11424.0,1.0,1,195.428571428571,195.428571428571,0.0,0.1,1,1,1,ttt_constant
324.0,37.5,37.5,1.0,30889.0,1.0,1,183.9999999999995,183.9999999999995,0.0,0.1,1,1,1,ttt_constant
324.0,40.0,42.5,2.0,7965.0,1.0,2,179.9999999999998,180.0,1.9895196601282805e-13,0.1,1,1,1,ttt_constant
324.0,45.0,45.0,1.0,735.0,1.0,1,174.6666666666665,174.6666666666665,0.0,0.1,1,1,1,ttt_constant
324.0,47.5,47.5,1.0,12475.0,1.0,1,171.1578947368414,171.1578947368414,0.0,0.1,1,1,1,ttt_constant
324.0,50.0,50.0,1.0,451.0,1.0,1,167.9999999999995,167.9999999999995,0.0,0.1,1,1,1,ttt_constant
331.0,20.0,20.0,1.0,23125.0,1.0,1,257.9999999999994,257.9999999999994,0.0,0.1,1,1,1,both
331.0,22.5,22.5,1.0,15521.0,1.0,1,219.9999999999993,219.9999999999993,0.0,0.1,1,1,1,both
331.0,25.0,30.0,3.0,231.0,1.0,3,180.0,180.0,0.0,0.1,1,1,1,both
331.0,32.5,32.5,1.0,1833.0,1.0,1,176.307692307692,176.307692307692,0.0,0.1,1,1,1,both
331.0,35.0,35.0,1.0,7011.0,1.0,1,169.7142857142854,169.7142857142854,0.0,0.1,1,1,1,both
331.0,37.5,37.5,1.0,11063.0,1.0,1,163.9999999999996,163.9999999999996,0.0,0.1,1,1,1,both
331.0,40.0,40.0,1.0,15147.0,1.0,1,158.9999999999997,158.9999999999997,0.0,0.1,1,1,1,both
331.0,42.5,42.5,1.0,18879.0,1.0,1,154.5882352941171,154.5882352941171,0.0,0.1,1,1,1,both
331.0,45.0,45.0,1.0,21875.0,1.0,1,150.6666666666664,150.6666666666664,0.0,0.1,1,1,1,both
331.0,47.5,47.5,1.0,330.0,1.0,1,141.473684210526,141.473684210526,0.0,0.1,1,1,1,both
331.0,50.0,50.0,1.0,2.0,1.0,1,132.0,132.0,0.0,0.1,1,1,1,both
331.0,20.0,20.0,1.0,23125.0,1.0,1,257.9999999999994,257.9999999999994,0.0,0.1,1,1,1,common_optimal
331.0,22.5,30.0,4.0,231.0,1.0,4,180.0,219.9999999999993,39.99999999999929,0.1,0,1,0,common_optimal
331.0,32.5,45.0,6.0,975.0,1.0,6,150.6666666666664,176.307692307692,25.641025641025607,0.1,0,1,0,common_optimal
331.0,47.5,50.0,2.0,2.0,1.0,2,132.0,141.473684210526,9.473684210525988,0.1,0,1,0,common_optimal
331.0,20.0,20.0,1.0,23125.0,1.0,1,257.9999999999994,257.9999999999994,0.0,0.1,1,1,1,ttt_constant
331.0,22.5,22.5,1.0,15521.0,1.0,1,219.9999999999993,219.9999999999993,0.0,0.1,1,1,1,ttt_constant
331.0,25.0,30.0,3.0,231.0,1.0,3,180.0,180.0,0.0,0.1,1,1,1,ttt_constant
331.0,32.5,32.5,1.0,1833.0,1.0,1,176.307692307692,176.307692307692,0.0,0.1,1,1,1,ttt_constant
331.0,35.0,35.0,1.0,7011.0,1.0,1,169.7142857142854,169.7142857142854,0.0,0.1,1,1,1,ttt_constant
331.0,37.5,37.5,1.0,11063.0,1.0,1,163.9999999999996,163.9999999999996,0.0,0.1,1,1,1,ttt_constant
331.0,40.0,40.0,1.0,15147.0,1.0,1,158.9999999999997,158.9999999999997,0.0,0.1,1,1,1,ttt_constant
331.0,42.5,42.5,1.0,18879.0,1.0,1,154.5882352941171,154.5882352941171,0.0,0.1,1,1,1,ttt_constant
331.0,45.0,45.0,1.0,21875.0,1.0,1,150.6666666666664,150.6666666666664,0.0,0.1,1,1,1,ttt_constant
331.0,47.5,47.5,1.0,330.0,1.0,1,141.473684210526,141.473684210526,0.0,0.1,1,1,1,ttt_constant
331.0,50.0,50.0,1.0,2.0,1.0,1,132.0,132.0,0.0,0.1,1,1,1,ttt_constant
332.0,20.0,20.0,1.0,1085.0,1.0,1,299.9999999999998,299.9999999999998,0.0,0.1,1,1,1,both
332.0,22.5,22.5,1.0,330.0,1.0,1,294.6666666666663,294.6666666666663,0.0,0.1,1,1,1,both
332.0,25.0,25.0,1.0,16212.0,1.0,1,263.9999999999994,263.9999999999994,0.0,0.1,1,1,1,both
332.0,27.5,27.5,1.0,18237.0,1.0,1,234.5454545454543,234.5454545454543,0.0,0.1,1,1,1,both
332.0,30.0,30.0,1.0,2101.0,1.0,1,199.9999999999998,199.9999999999998,0.0,0.1,1,1,1,both
332.0,32.5,37.5,3.0,273.0,1.0,3,179.9999999999998,180.0,1.9895196601282805e-13,0.1,1,1,1,both
332.0,40.0,40.0,1.0,861.0,1.0,1,167.9999999999998,167.9999999999998,0.0,0.1,1,1,1,both
332.0,42.5,42.5,1.0,651.0,1.0,1,157.4117647058818,157.4117647058818,0.0,0.1,1,1,1,both
332.0,45.0,45.0,1.0,975.0,1.0,1,150.6666666666663,150.6666666666663,0.0,0.1,1,1,1,both
332.0,47.5,47.5,1.0,2737.0,1.0,1,147.1578947368418,147.1578947368418,0.0,0.1,1,1,1,both
332.0,50.0,50.0,1.0,4851.0,1.0,1,143.9999999999997,143.9999999999997,0.0,0.1,1,1,1,both
332.0,20.0,20.0,1.0,1085.0,1.0,1,299.9999999999998,299.9999999999998,0.0,0.1,1,1,1,common_optimal
332.0,22.5,22.5,1.0,330.0,1.0,1,294.6666666666663,294.6666666666663,0.0,0.1,1,1,1,common_optimal
332.0,25.0,27.5,2.0,882.0,1.0,2,234.5454545454543,263.9999999999994,29.45454545454507,0.1,0,1,0,common_optimal
332.0,27.5,37.5,5.0,235.0,1.0,5,179.9999999999998,234.5454545454543,54.545454545454504,0.1,0,1,0,common_optimal
332.0,40.0,50.0,5.0,189.0,1.0,5,143.9999999999997,167.9999999999998,24.000000000000114,0.1,0,1,0,common_optimal
332.0,20.0,20.0,1.0,1085.0,1.0,1,299.9999999999998,299.9999999999998,0.0,0.1,1,1,1,ttt_constant
332.0,22.5,22.5,1.0,330.0,1.0,1,294.6666666666663,294.6666666666663,0.0,0.1,1,1,1,ttt_constant
332.0,25.0,25.0,1.0,16212.0,1.0,1,263.9999999999994,263.9999999999994,0.0,0.1,1,1,1,ttt_constant
332.0,27.5,27.5,1.0,18237.0,1.0,1,234.5454545454543,234.5454545454543,0.0,0.1,1,1,1,ttt_constant
332.0,30.0,30.0,1.0,2101.0,1.0,1,199.9999999999998,199.9999999999998,0.0,0.1,1,1,1,ttt_constant
332.0,32.5,37.5,3.0,273.0,1.0,3,179.9999999999998,180.0,1.9895196601282805e-13,0.1,1,1,1,ttt_constant
332.0,40.0,40.0,1.0,861.0,1.0,1,167.9999999999998,167.9999999999998,0.0,0.1,1,1,1,ttt_constant
332.0,42.5,42.5,1.0,651.0,1.0,1,157.4117647058818,157.4117647058818,0.0,0.1,1,1,1,ttt_constant
332.0,45.0,45.0,1.0,975.0,1.0,1,150.6666666666663,150.6666666666663,0.0,0.1,1,1,1,ttt_constant
332.0,47.5,47.5,1.0,2737.0,1.0,1,147.1578947368418,147.1578947368418,0.0,0.1,1,1,1,ttt_constant
332.0,50.0,50.0,1.0,4851.0,1.0,1,143.9999999999997,143.9999999999997,0.0,0.1,1,1,1,ttt_constant
333.0,20.0,20.0,1.0,23125.0,1.0,1,377.9999999999989,377.9999999999989,0.0,0.1,1,1,1,both
333.0,22.5,22.5,1.0,2541.0,1.0,1,313.333333333333,313.333333333333,0.0,0.1,1,1,1,both
333.0,25.0,25.0,1.0,21871.0,1.0,1,300.0,300.0,0.0,0.1,1,1,1,both
333.0,27.5,27.5,1.0,1215.0,1.0,1,293.4545454545449,293.4545454545449,0.0,0.1,1,1,1,both
333.0,30.0,30.0,1.0,1794.0,1.0,1,267.9999999999995,267.9999999999995,0.0,0.1,1,1,1,both
333.0,32.5,32.5,1.0,42.0,1.0,1,240.0,240.0,0.0,0.1,1,1,1,both
333.0,35.0,35.0,1.0,229.0,1.0,1,214.2857142857139,214.2857142857139,0.0,0.1,1,1,1,both
333.0,37.5,37.5,1.0,33.0,1.0,1,191.9999999999998,191.9999999999998,0.0,0.1,1,1,1,both
333.0,40.0,40.0,1.0,315.0,1.0,1,182.9999999999998,182.9999999999998,0.0,0.1,1,1,1,both
333.0,42.5,45.0,2.0,2175.0,1.0,2,179.9999999999997,180.0,3.126388037344441e-13,0.1,1,1,1,both
333.0,47.5,47.5,1.0,3225.0,1.0,1,170.5263157894736,170.5263157894736,0.0,0.1,1,1,1,both
333.0,50.0,50.0,1.0,341.0,1.0,1,155.9999999999999,155.9999999999999,0.0,0.1,1,1,1,both
333.0,20.0,20.0,1.0,23125.0,1.0,1,377.9999999999989,377.9999999999989,0.0,0.1,1,1,1,common_optimal
333.0,22.5,25.0,2.0,2471.0,1.0,2,300.0,313.333333333333,13.333333333332973,0.1,0,1,0,common_optimal
333.0,27.5,27.5,1.0,1215.0,1.0,1,293.4545454545449,293.4545454545449,0.0,0.1,1,1,1,common_optimal
333.0,30.0,32.5,2.0,18.0,1.0,2,240.0,267.9999999999995,27.99999999999949,0.1,0,1,0,common_optimal
333.0,35.0,45.0,5.0,3.0,1.0,5,179.9999999999997,214.2857142857139,34.28571428571422,0.1,0,1,0,common_optimal
333.0,47.5,50.0,2.0,341.0,1.0,2,155.9999999999999,170.5263157894736,14.526315789473728,0.1,0,1,0,common_optimal
333.0,20.0,20.0,1.0,23125.0,1.0,1,377.9999999999989,377.9999999999989,0.0,0.1,1,1,1,ttt_constant
333.0,22.5,22.5,1.0,2541.0,1.0,1,313.333333333333,313.333333333333,0.0,0.1,1,1,1,ttt_constant
333.0,25.0,25.0,1.0,21871.0,1.0,1,300.0,300.0,0.0,0.1,1,1,1,ttt_constant
333.0,27.5,27.5,1.0,1215.0,1.0,1,293.4545454545449,293.4545454545449,0.0,0.1,1,1,1,ttt_constant
333.0,30.0,30.0,1.0,1794.0,1.0,1,267.9999999999995,267.9999999999995,0.0,0.1,1,1,1,ttt_constant
333.0,32.5,32.5,1.0,42.0,1.0,1,240.0,240.0,0.0,0.1,1,1,1,ttt_constant
333.0,35.0,35.0,1.0,229.0,1.0,1,214.2857142857139,214.2857142857139,0.0,0.1,1,1,1,ttt_constant
333.0,37.5,37.5,1.0,33.0,1.0,1,191.9999999999998,191.9999999999998,0.0,0.1,1,1,1,ttt_constant
333.0,40.0,40.0,1.0,315.0,1.0,1,182.9999999999998,182.9999999999998,0.0,0.1,1,1,1,ttt_constant
333.0,42.5,45.0,2.0,2175.0,1.0,2,179.9999999999997,180.0,3.126388037344441e-13,0.1,1,1,1,ttt_constant
333.0,47.5,47.5,1.0,3225.0,1.0,1,170.5263157894736,170.5263157894736,0.0,0.1,1,1,1,ttt_constant
333.0,50.0,50.0,1.0,341.0,1.0,1,155.9999999999999,155.9999999999999,0.0,0.1,1,1,1,ttt_constant
334.0,20.0,20.0,1.0,23125.0,1.0,1,317.9999999999992,317.9999999999992,0.0,0.1,1,1,1,both
334.0,22.5,22.5,1.0,7371.0,1.0,1,266.6666666666661,266.6666666666661,0.0,0.1,1,1,1,both
334.0,25.0,25.0,1.0,4851.0,1.0,1,239.9999999999998,239.9999999999998,0.0,0.1,1,1,1,both
334.0,27.5,27.5,1.0,45.0,1.0,1,234.545454545454,234.545454545454,0.0,0.1,1,1,1,both
334.0,30.0,30.0,1.0,2821.0,1.0,1,215.9999999999996,215.9999999999996,0.0,0.1,1,1,1,both
334.0,32.5,32.5,1.0,6441.0,1.0,1,202.1538461538458,202.1538461538458,0.0,0.1,1,1,1,both
334.0,35.0,35.0,1.0,5679.0,1.0,1,190.2857142857133,190.2857142857133,0.0,0.1,1,1,1,both
334.0,37.5,40.0,2.0,899.0,1.0,2,179.9999999999996,179.9999999999999,2.8421709430404007e-13,0.1,1,1,1,both
334.0,42.5,42.5,1.0,21925.0,1.0,1,178.5882352941171,178.5882352941171,0.0,0.1,1,1,1,both
334.0,45.0,45.0,1.0,74520.0,1.0,1,174.6666666666664,174.6666666666664,0.0,0.1,1,1,1,both
334.0,47.5,47.5,1.0,20535.0,1.0,1,164.8421052631576,164.8421052631576,0.0,0.1,1,1,1,both
334.0,50.0,50.0,1.0,31031.0,1.0,1,155.9999999999997,155.9999999999997,0.0,0.1,1,1,1,both
334.0,20.0,20.0,1.0,23125.0,1.0,1,317.9999999999992,317.9999999999992,0.0,0.1,1,1,1,common_optimal
334.0,22.5,25.0,2.0,3271.0,1.0,2,239.9999999999998,266.6666666666661,26.666666666666316,0.1,0,1,0,common_optimal
334.0,27.5,40.0,6.0,1.0,1.0,6,179.9999999999996,234.545454545454,54.54545454545439,0.1,0,1,0,common_optimal
334.0,42.5,45.0,2.0,20255.0,1.0,2,174.6666666666664,178.5882352941171,3.9215686274507107,0.1,0,1,0,common_optimal
334.0,45.0,50.0,3.0,11935.0,1.0,3,155.9999999999997,174.6666666666664,18.666666666666714,0.1,0,1,0,common_optimal
334.0,20.0,20.0,1.0,23125.0,1.0,1,317.9999999999992,317.9999999999992,0.0,0.1,1,1,1,ttt_constant
334.0,22.5,22.5,1.0,7371.0,1.0,1,266.6666666666661,266.6666666666661,0.0,0.1,1,1,1,ttt_constant
334.0,25.0,25.0,1.0,4851.0,1.0,1,239.9999999999998,239.9999999999998,0.0,0.1,1,1,1,ttt_constant
334.0,27.5,27.5,1.0,45.0,1.0,1,234.545454545454,234.545454545454,0.0,0.1,1,1,1,ttt_constant
334.0,30.0,30.0,1.0,2821.0,1.0,1,215.9999999999996,215.9999999999996,0.0,0.1,1,1,1,ttt_constant
334.0,32.5,32.5,1.0,6441.0,1.0,1,202.1538461538458,202.1538461538458,0.0,0.1,1,1,1,ttt_constant
334.0,35.0,35.0,1.0,5679.0,1.0,1,190.2857142857133,190.2857142857133,0.0,0.1,1,1,1,ttt_constant
334.0,37.5,40.0,2.0,899.0,1.0,2,179.9999999999996,179.9999999999999,2.8421709430404007e-13,0.1,1,1,1,ttt_constant
334.0,42.5,42.5,1.0,21925.0,1.0,1,178.5882352941171,178.5882352941171,0.0,0.1,1,1,1,ttt_constant
334.0,45.0,45.0,1.0,74520.0,1.0,1,174.6666666666664,174.6666666666664,0.0,0.1,1,1,1,ttt_constant
334.0,47.5,47.5,1.0,20535.0,1.0,1,164.8421052631576,164.8421052631576,0.0,0.1,1,1,1,ttt_constant
334.0,50.0,50.0,1.0,31031.0,1.0,1,155.9999999999997,155.9999999999997,0.0,0.1,1,1,1,ttt_constant
