case_index,route_id,pattern_group,pattern_id,n_links,n_intersections,length_group,design_speed_kmh,cycle_length_s,lambda01_design,lambda12_design,lambda23_design,L01_m,L12_m,L23_m,g0,g1,g2,g3,demand,evaluation_speed_kmh
0,R2_S01,random_short_2link,2S01,2,3,short,30.0,120.0,0.118,0.109,,118,109,,0.4,0.63,0.4,,0.4,20.0
1,R2_S01,random_short_2link,2S01,2,3,short,30.0,120.0,0.118,0.109,,118,109,,0.4,0.63,0.4,,0.4,22.5
2,R2_S01,random_short_2link,2S01,2,3,short,30.0,120.0,0.118,0.109,,118,109,,0.4,0.63,0.4,,0.4,25.0
3,R2_S01,random_short_2link,2S01,2,3,short,30.0,120.0,0.118,0.109,,118,109,,0.4,0.63,0.4,,0.4,27.5
4,R2_S01,random_short_2link,2S01,2,3,short,30.0,120.0,0.118,0.109,,118,109,,0.4,0.63,0.4,,0.4,30.0
5,R2_S01,random_short_2link,2S01,2,3,short,30.0,120.0,0.118,0.109,,118,109,,0.4,0.63,0.4,,0.4,32.5
6,R2_S01,random_short_2link,2S01,2,3,short,30.0,120.0,0.118,0.109,,118,109,,0.4,0.63,0.4,,0.4,35.0
7,R2_S01,random_short_2link,2S01,2,3,short,30.0,120.0,0.118,0.109,,118,109,,0.4,0.63,0.4,,0.4,37.5
8,R2_S01,random_short_2link,2S01,2,3,short,30.0,120.0,0.118,0.109,,118,109,,0.4,0.63,0.4,,0.4,40.0
9,R2_S01,random_short_2link,2S01,2,3,short,30.0,120.0,0.118,0.109,,118,109,,0.4,0.63,0.4,,0.4,42.5
10,R2_S01,random_short_2link,2S01,2,3,short,30.0,120.0,0.118,0.109,,118,109,,0.4,0.63,0.4,,0.4,45.0
11,R2_S01,random_short_2link,2S01,2,3,short,30.0,120.0,0.118,0.109,,118,109,,0.4,0.63,0.4,,0.4,47.5
12,R2_S01,random_short_2link,2S01,2,3,short,30.0,120.0,0.118,0.109,,118,109,,0.4,0.63,0.4,,0.4,50.0
13,R2_S02,random_short_2link,2S02,2,3,short,30.0,120.0,0.16,0.151,,160,151,,0.4,0.64,0.4,,0.4,20.0
14,R2_S02,random_short_2link,2S02,2,3,short,30.0,120.0,0.16,0.151,,160,151,,0.4,0.64,0.4,,0.4,22.5
15,R2_S02,random_short_2link,2S02,2,3,short,30.0,120.0,0.16,0.151,,160,151,,0.4,0.64,0.4,,0.4,25.0
16,R2_S02,random_short_2link,2S02,2,3,short,30.0,120.0,0.16,0.151,,160,151,,0.4,0.64,0.4,,0.4,27.5
17,R2_S02,random_short_2link,2S02,2,3,short,30.0,120.0,0.16,0.151,,160,151,,0.4,0.64,0.4,,0.4,30.0
18,R2_S02,random_short_2link,2S02,2,3,short,30.0,120.0,0.16,0.151,,160,151,,0.4,0.64,0.4,,0.4,32.5
19,R2_S02,random_short_2link,2S02,2,3,short,30.0,120.0,0.16,0.151,,160,151,,0.4,0.64,0.4,,0.4,35.0
20,R2_S02,random_short_2link,2S02,2,3,short,30.0,120.0,0.16,0.151,,160,151,,0.4,0.64,0.4,,0.4,37.5
21,R2_S02,random_short_2link,2S02,2,3,short,30.0,120.0,0.16,0.151,,160,151,,0.4,0.64,0.4,,0.4,40.0
22,R2_S02,random_short_2link,2S02,2,3,short,30.0,120.0,0.16,0.151,,160,151,,0.4,0.64,0.4,,0.4,42.5
23,R2_S02,random_short_2link,2S02,2,3,short,30.0,120.0,0.16,0.151,,160,151,,0.4,0.64,0.4,,0.4,45.0
24,R2_S02,random_short_2link,2S02,2,3,short,30.0,120.0,0.16,0.151,,160,151,,0.4,0.64,0.4,,0.4,47.5
25,R2_S02,random_short_2link,2S02,2,3,short,30.0,120.0,0.16,0.151,,160,151,,0.4,0.64,0.4,,0.4,50.0
26,R2_S03,random_short_2link,2S03,2,3,short,30.0,120.0,0.09,0.11,,90,110,,0.4,0.53,0.4,,0.4,20.0
27,R2_S03,random_short_2link,2S03,2,3,short,30.0,120.0,0.09,0.11,,90,110,,0.4,0.53,0.4,,0.4,22.5
28,R2_S03,random_short_2link,2S03,2,3,short,30.0,120.0,0.09,0.11,,90,110,,0.4,0.53,0.4,,0.4,25.0
29,R2_S03,random_short_2link,2S03,2,3,short,30.0,120.0,0.09,0.11,,90,110,,0.4,0.53,0.4,,0.4,27.5
30,R2_S03,random_short_2link,2S03,2,3,short,30.0,120.0,0.09,0.11,,90,110,,0.4,0.53,0.4,,0.4,30.0
31,R2_S03,random_short_2link,2S03,2,3,short,30.0,120.0,0.09,0.11,,90,110,,0.4,0.53,0.4,,0.4,32.5
32,R2_S03,random_short_2link,2S03,2,3,short,30.0,120.0,0.09,0.11,,90,110,,0.4,0.53,0.4,,0.4,35.0
33,R2_S03,random_short_2link,2S03,2,3,short,30.0,120.0,0.09,0.11,,90,110,,0.4,0.53,0.4,,0.4,37.5
34,R2_S03,random_short_2link,2S03,2,3,short,30.0,120.0,0.09,0.11,,90,110,,0.4,0.53,0.4,,0.4,40.0
35,R2_S03,random_short_2link,2S03,2,3,short,30.0,120.0,0.09,0.11,,90,110,,0.4,0.53,0.4,,0.4,42.5
36,R2_S03,random_short_2link,2S03,2,3,short,30.0,120.0,0.09,0.11,,90,110,,0.4,0.53,0.4,,0.4,45.0
37,R2_S03,random_short_2link,2S03,2,3,short,30.0,120.0,0.09,0.11,,90,110,,0.4,0.53,0.4,,0.4,47.5
38,R2_S03,random_short_2link,2S03,2,3,short,30.0,120.0,0.09,0.11,,90,110,,0.4,0.53,0.4,,0.4,50.0
39,R2_S04,random_short_2link,2S04,2,3,short,30.0,120.0,0.129,0.133,,129,133,,0.4,0.54,0.4,,0.4,20.0
40,R2_S04,random_short_2link,2S04,2,3,short,30.0,120.0,0.129,0.133,,129,133,,0.4,0.54,0.4,,0.4,22.5
41,R2_S04,random_short_2link,2S04,2,3,short,30.0,120.0,0.129,0.133,,129,133,,0.4,0.54,0.4,,0.4,25.0
42,R2_S04,random_short_2link,2S04,2,3,short,30.0,120.0,0.129,0.133,,129,133,,0.4,0.54,0.4,,0.4,27.5
43,R2_S04,random_short_2link,2S04,2,3,short,30.0,120.0,0.129,0.133,,129,133,,0.4,0.54,0.4,,0.4,30.0
44,R2_S04,random_short_2link,2S04,2,3,short,30.0,120.0,0.129,0.133,,129,133,,0.4,0.54,0.4,,0.4,32.5
45,R2_S04,random_short_2link,2S04,2,3,short,30.0,120.0,0.129,0.133,,129,133,,0.4,0.54,0.4,,0.4,35.0
46,R2_S04,random_short_2link,2S04,2,3,short,30.0,120.0,0.129,0.133,,129,133,,0.4,0.54,0.4,,0.4,37.5
47,R2_S04,random_short_2link,2S04,2,3,short,30.0,120.0,0.129,0.133,,129,133,,0.4,0.54,0.4,,0.4,40.0
48,R2_S04,random_short_2link,2S04,2,3,short,30.0,120.0,0.129,0.133,,129,133,,0.4,0.54,0.4,,0.4,42.5
49,R2_S04,random_short_2link,2S04,2,3,short,30.0,120.0,0.129,0.133,,129,133,,0.4,0.54,0.4,,0.4,45.0
50,R2_S04,random_short_2link,2S04,2,3,short,30.0,120.0,0.129,0.133,,129,133,,0.4,0.54,0.4,,0.4,47.5
51,R2_S04,random_short_2link,2S04,2,3,short,30.0,120.0,0.129,0.133,,129,133,,0.4,0.54,0.4,,0.4,50.0
52,R2_S05,random_short_2link,2S05,2,3,short,30.0,120.0,0.184,0.193,,184,193,,0.4,0.53,0.4,,0.4,20.0
53,R2_S05,random_short_2link,2S05,2,3,short,30.0,120.0,0.184,0.193,,184,193,,0.4,0.53,0.4,,0.4,22.5
54,R2_S05,random_short_2link,2S05,2,3,short,30.0,120.0,0.184,0.193,,184,193,,0.4,0.53,0.4,,0.4,25.0
55,R2_S05,random_short_2link,2S05,2,3,short,30.0,120.0,0.184,0.193,,184,193,,0.4,0.53,0.4,,0.4,27.5
56,R2_S05,random_short_2link,2S05,2,3,short,30.0,120.0,0.184,0.193,,184,193,,0.4,0.53,0.4,,0.4,30.0
57,R2_S05,random_short_2link,2S05,2,3,short,30.0,120.0,0.184,0.193,,184,193,,0.4,0.53,0.4,,0.4,32.5
58,R2_S05,random_short_2link,2S05,2,3,short,30.0,120.0,0.184,0.193,,184,193,,0.4,0.53,0.4,,0.4,35.0
59,R2_S05,random_short_2link,2S05,2,3,short,30.0,120.0,0.184,0.193,,184,193,,0.4,0.53,0.4,,0.4,37.5
60,R2_S05,random_short_2link,2S05,2,3,short,30.0,120.0,0.184,0.193,,184,193,,0.4,0.53,0.4,,0.4,40.0
61,R2_S05,random_short_2link,2S05,2,3,short,30.0,120.0,0.184,0.193,,184,193,,0.4,0.53,0.4,,0.4,42.5
62,R2_S05,random_short_2link,2S05,2,3,short,30.0,120.0,0.184,0.193,,184,193,,0.4,0.53,0.4,,0.4,45.0
63,R2_S05,random_short_2link,2S05,2,3,short,30.0,120.0,0.184,0.193,,184,193,,0.4,0.53,0.4,,0.4,47.5
64,R2_S05,random_short_2link,2S05,2,3,short,30.0,120.0,0.184,0.193,,184,193,,0.4,0.53,0.4,,0.4,50.0
65,R2_S06,random_short_2link,2S06,2,3,short,30.0,120.0,0.18,0.143,,180,143,,0.4,0.55,0.4,,0.4,20.0
66,R2_S06,random_short_2link,2S06,2,3,short,30.0,120.0,0.18,0.143,,180,143,,0.4,0.55,0.4,,0.4,22.5
67,R2_S06,random_short_2link,2S06,2,3,short,30.0,120.0,0.18,0.143,,180,143,,0.4,0.55,0.4,,0.4,25.0
68,R2_S06,random_short_2link,2S06,2,3,short,30.0,120.0,0.18,0.143,,180,143,,0.4,0.55,0.4,,0.4,27.5
69,R2_S06,random_short_2link,2S06,2,3,short,30.0,120.0,0.18,0.143,,180,143,,0.4,0.55,0.4,,0.4,30.0
70,R2_S06,random_short_2link,2S06,2,3,short,30.0,120.0,0.18,0.143,,180,143,,0.4,0.55,0.4,,0.4,32.5
71,R2_S06,random_short_2link,2S06,2,3,short,30.0,120.0,0.18,0.143,,180,143,,0.4,0.55,0.4,,0.4,35.0
72,R2_S06,random_short_2link,2S06,2,3,short,30.0,120.0,0.18,0.143,,180,143,,0.4,0.55,0.4,,0.4,37.5
73,R2_S06,random_short_2link,2S06,2,3,short,30.0,120.0,0.18,0.143,,180,143,,0.4,0.55,0.4,,0.4,40.0
74,R2_S06,random_short_2link,2S06,2,3,short,30.0,120.0,0.18,0.143,,180,143,,0.4,0.55,0.4,,0.4,42.5
75,R2_S06,random_short_2link,2S06,2,3,short,30.0,120.0,0.18,0.143,,180,143,,0.4,0.55,0.4,,0.4,45.0
76,R2_S06,random_short_2link,2S06,2,3,short,30.0,120.0,0.18,0.143,,180,143,,0.4,0.55,0.4,,0.4,47.5
77,R2_S06,random_short_2link,2S06,2,3,short,30.0,120.0,0.18,0.143,,180,143,,0.4,0.55,0.4,,0.4,50.0
78,R2_S07,random_short_2link,2S07,2,3,short,30.0,120.0,0.12,0.178,,120,178,,0.4,0.7,0.4,,0.4,20.0
79,R2_S07,random_short_2link,2S07,2,3,short,30.0,120.0,0.12,0.178,,120,178,,0.4,0.7,0.4,,0.4,22.5
80,R2_S07,random_short_2link,2S07,2,3,short,30.0,120.0,0.12,0.178,,120,178,,0.4,0.7,0.4,,0.4,25.0
81,R2_S07,random_short_2link,2S07,2,3,short,30.0,120.0,0.12,0.178,,120,178,,0.4,0.7,0.4,,0.4,27.5
82,R2_S07,random_short_2link,2S07,2,3,short,30.0,120.0,0.12,0.178,,120,178,,0.4,0.7,0.4,,0.4,30.0
83,R2_S07,random_short_2link,2S07,2,3,short,30.0,120.0,0.12,0.178,,120,178,,0.4,0.7,0.4,,0.4,32.5
84,R2_S07,random_short_2link,2S07,2,3,short,30.0,120.0,0.12,0.178,,120,178,,0.4,0.7,0.4,,0.4,35.0
85,R2_S07,random_short_2link,2S07,2,3,short,30.0,120.0,0.12,0.178,,120,178,,0.4,0.7,0.4,,0.4,37.5
86,R2_S07,random_short_2link,2S07,2,3,short,30.0,120.0,0.12,0.178,,120,178,,0.4,0.7,0.4,,0.4,40.0
87,R2_S07,random_short_2link,2S07,2,3,short,30.0,120.0,0.12,0.178,,120,178,,0.4,0.7,0.4,,0.4,42.5
88,R2_S07,random_short_2link,2S07,2,3,short,30.0,120.0,0.12,0.178,,120,178,,0.4,0.7,0.4,,0.4,45.0
89,R2_S07,random_short_2link,2S07,2,3,short,30.0,120.0,0.12,0.178,,120,178,,0.4,0.7,0.4,,0.4,47.5
90,R2_S07,random_short_2link,2S07,2,3,short,30.0,120.0,0.12,0.178,,120,178,,0.4,0.7,0.4,,0.4,50.0
91,R2_S08,random_short_2link,2S08,2,3,short,30.0,120.0,0.144,0.114,,144,114,,0.4,0.56,0.4,,0.4,20.0
92,R2_S08,random_short_2link,2S08,2,3,short,30.0,120.0,0.144,0.114,,144,114,,0.4,0.56,0.4,,0.4,22.5
93,R2_S08,random_short_2link,2S08,2,3,short,30.0,120.0,0.144,0.114,,144,114,,0.4,0.56,0.4,,0.4,25.0
94,R2_S08,random_short_2link,2S08,2,3,short,30.0,120.0,0.144,0.114,,144,114,,0.4,0.56,0.4,,0.4,27.5
95,R2_S08,random_short_2link,2S08,2,3,short,30.0,120.0,0.144,0.114,,144,114,,0.4,0.56,0.4,,0.4,30.0
96,R2_S08,random_short_2link,2S08,2,3,short,30.0,120.0,0.144,0.114,,144,114,,0.4,0.56,0.4,,0.4,32.5
97,R2_S08,random_short_2link,2S08,2,3,short,30.0,120.0,0.144,0.114,,144,114,,0.4,0.56,0.4,,0.4,35.0
98,R2_S08,random_short_2link,2S08,2,3,short,30.0,120.0,0.144,0.114,,144,114,,0.4,0.56,0.4,,0.4,37.5
99,R2_S08,random_short_2link,2S08,2,3,short,30.0,120.0,0.144,0.114,,144,114,,0.4,0.56,0.4,,0.4,40.0
100,R2_S08,random_short_2link,2S08,2,3,short,30.0,120.0,0.144,0.114,,144,114,,0.4,0.56,0.4,,0.4,42.5
101,R2_S08,random_short_2link,2S08,2,3,short,30.0,120.0,0.144,0.114,,144,114,,0.4,0.56,0.4,,0.4,45.0
102,R2_S08,random_short_2link,2S08,2,3,short,30.0,120.0,0.144,0.114,,144,114,,0.4,0.56,0.4,,0.4,47.5
103,R2_S08,random_short_2link,2S08,2,3,short,30.0,120.0,0.144,0.114,,144,114,,0.4,0.56,0.4,,0.4,50.0
104,R2_S09,random_short_2link,2S09,2,3,short,30.0,120.0,0.189,0.089,,189,89,,0.4,0.48,0.4,,0.4,20.0
105,R2_S09,random_short_2link,2S09,2,3,short,30.0,120.0,0.189,0.089,,189,89,,0.4,0.48,0.4,,0.4,22.5
106,R2_S09,random_short_2link,2S09,2,3,short,30.0,120.0,0.189,0.089,,189,89,,0.4,0.48,0.4,,0.4,25.0
107,R2_S09,random_short_2link,2S09,2,3,short,30.0,120.0,0.189,0.089,,189,89,,0.4,0.48,0.4,,0.4,27.5
108,R2_S09,random_short_2link,2S09,2,3,short,30.0,120.0,0.189,0.089,,189,89,,0.4,0.48,0.4,,0.4,30.0
109,R2_S09,random_short_2link,2S09,2,3,short,30.0,120.0,0.189,0.089,,189,89,,0.4,0.48,0.4,,0.4,32.5
110,R2_S09,random_short_2link,2S09,2,3,short,30.0,120.0,0.189,0.089,,189,89,,0.4,0.48,0.4,,0.4,35.0
111,R2_S09,random_short_2link,2S09,2,3,short,30.0,120.0,0.189,0.089,,189,89,,0.4,0.48,0.4,,0.4,37.5
112,R2_S09,random_short_2link,2S09,2,3,short,30.0,120.0,0.189,0.089,,189,89,,0.4,0.48,0.4,,0.4,40.0
113,R2_S09,random_short_2link,2S09,2,3,short,30.0,120.0,0.189,0.089,,189,89,,0.4,0.48,0.4,,0.4,42.5
114,R2_S09,random_short_2link,2S09,2,3,short,30.0,120.0,0.189,0.089,,189,89,,0.4,0.48,0.4,,0.4,45.0
115,R2_S09,random_short_2link,2S09,2,3,short,30.0,120.0,0.189,0.089,,189,89,,0.4,0.48,0.4,,0.4,47.5
116,R2_S09,random_short_2link,2S09,2,3,short,30.0,120.0,0.189,0.089,,189,89,,0.4,0.48,0.4,,0.4,50.0
117,R2_S10,random_short_2link,2S10,2,3,short,30.0,120.0,0.129,0.121,,129,121,,0.4,0.48,0.4,,0.4,20.0
118,R2_S10,random_short_2link,2S10,2,3,short,30.0,120.0,0.129,0.121,,129,121,,0.4,0.48,0.4,,0.4,22.5
119,R2_S10,random_short_2link,2S10,2,3,short,30.0,120.0,0.129,0.121,,129,121,,0.4,0.48,0.4,,0.4,25.0
120,R2_S10,random_short_2link,2S10,2,3,short,30.0,120.0,0.129,0.121,,129,121,,0.4,0.48,0.4,,0.4,27.5
121,R2_S10,random_short_2link,2S10,2,3,short,30.0,120.0,0.129,0.121,,129,121,,0.4,0.48,0.4,,0.4,30.0
122,R2_S10,random_short_2link,2S10,2,3,short,30.0,120.0,0.129,0.121,,129,121,,0.4,0.48,0.4,,0.4,32.5
123,R2_S10,random_short_2link,2S10,2,3,short,30.0,120.0,0.129,0.121,,129,121,,0.4,0.48,0.4,,0.4,35.0
124,R2_S10,random_short_2link,2S10,2,3,short,30.0,120.0,0.129,0.121,,129,121,,0.4,0.48,0.4,,0.4,37.5
125,R2_S10,random_short_2link,2S10,2,3,short,30.0,120.0,0.129,0.121,,129,121,,0.4,0.48,0.4,,0.4,40.0
126,R2_S10,random_short_2link,2S10,2,3,short,30.0,120.0,0.129,0.121,,129,121,,0.4,0.48,0.4,,0.4,42.5
127,R2_S10,random_short_2link,2S10,2,3,short,30.0,120.0,0.129,0.121,,129,121,,0.4,0.48,0.4,,0.4,45.0
128,R2_S10,random_short_2link,2S10,2,3,short,30.0,120.0,0.129,0.121,,129,121,,0.4,0.48,0.4,,0.4,47.5
129,R2_S10,random_short_2link,2S10,2,3,short,30.0,120.0,0.129,0.121,,129,121,,0.4,0.48,0.4,,0.4,50.0
130,R2_M01,random_medium_2link,2M01,2,3,medium,30.0,120.0,0.246,0.327,,246,327,,0.4,0.53,0.4,,0.4,20.0
131,R2_M01,random_medium_2link,2M01,2,3,medium,30.0,120.0,0.246,0.327,,246,327,,0.4,0.53,0.4,,0.4,22.5
132,R2_M01,random_medium_2link,2M01,2,3,medium,30.0,120.0,0.246,0.327,,246,327,,0.4,0.53,0.4,,0.4,25.0
133,R2_M01,random_medium_2link,2M01,2,3,medium,30.0,120.0,0.246,0.327,,246,327,,0.4,0.53,0.4,,0.4,27.5
134,R2_M01,random_medium_2link,2M01,2,3,medium,30.0,120.0,0.246,0.327,,246,327,,0.4,0.53,0.4,,0.4,30.0
135,R2_M01,random_medium_2link,2M01,2,3,medium,30.0,120.0,0.246,0.327,,246,327,,0.4,0.53,0.4,,0.4,32.5
136,R2_M01,random_medium_2link,2M01,2,3,medium,30.0,120.0,0.246,0.327,,246,327,,0.4,0.53,0.4,,0.4,35.0
137,R2_M01,random_medium_2link,2M01,2,3,medium,30.0,120.0,0.246,0.327,,246,327,,0.4,0.53,0.4,,0.4,37.5
138,R2_M01,random_medium_2link,2M01,2,3,medium,30.0,120.0,0.246,0.327,,246,327,,0.4,0.53,0.4,,0.4,40.0
139,R2_M01,random_medium_2link,2M01,2,3,medium,30.0,120.0,0.246,0.327,,246,327,,0.4,0.53,0.4,,0.4,42.5
140,R2_M01,random_medium_2link,2M01,2,3,medium,30.0,120.0,0.246,0.327,,246,327,,0.4,0.53,0.4,,0.4,45.0
141,R2_M01,random_medium_2link,2M01,2,3,medium,30.0,120.0,0.246,0.327,,246,327,,0.4,0.53,0.4,,0.4,47.5
142,R2_M01,random_medium_2link,2M01,2,3,medium,30.0,120.0,0.246,0.327,,246,327,,0.4,0.53,0.4,,0.4,50.0
143,R2_M02,random_medium_2link,2M02,2,3,medium,30.0,120.0,0.338,0.179,,338,179,,0.4,0.57,0.4,,0.4,20.0
144,R2_M02,random_medium_2link,2M02,2,3,medium,30.0,120.0,0.338,0.179,,338,179,,0.4,0.57,0.4,,0.4,22.5
145,R2_M02,random_medium_2link,2M02,2,3,medium,30.0,120.0,0.338,0.179,,338,179,,0.4,0.57,0.4,,0.4,25.0
146,R2_M02,random_medium_2link,2M02,2,3,medium,30.0,120.0,0.338,0.179,,338,179,,0.4,0.57,0.4,,0.4,27.5
147,R2_M02,random_medium_2link,2M02,2,3,medium,30.0,120.0,0.338,0.179,,338,179,,0.4,0.57,0.4,,0.4,30.0
148,R2_M02,random_medium_2link,2M02,2,3,medium,30.0,120.0,0.338,0.179,,338,179,,0.4,0.57,0.4,,0.4,32.5
149,R2_M02,random_medium_2link,2M02,2,3,medium,30.0,120.0,0.338,0.179,,338,179,,0.4,0.57,0.4,,0.4,35.0
150,R2_M02,random_medium_2link,2M02,2,3,medium,30.0,120.0,0.338,0.179,,338,179,,0.4,0.57,0.4,,0.4,37.5
151,R2_M02,random_medium_2link,2M02,2,3,medium,30.0,120.0,0.338,0.179,,338,179,,0.4,0.57,0.4,,0.4,40.0
152,R2_M02,random_medium_2link,2M02,2,3,medium,30.0,120.0,0.338,0.179,,338,179,,0.4,0.57,0.4,,0.4,42.5
153,R2_M02,random_medium_2link,2M02,2,3,medium,30.0,120.0,0.338,0.179,,338,179,,0.4,0.57,0.4,,0.4,45.0
154,R2_M02,random_medium_2link,2M02,2,3,medium,30.0,120.0,0.338,0.179,,338,179,,0.4,0.57,0.4,,0.4,47.5
155,R2_M02,random_medium_2link,2M02,2,3,medium,30.0,120.0,0.338,0.179,,338,179,,0.4,0.57,0.4,,0.4,50.0
156,R2_M03,random_medium_2link,2M03,2,3,medium,30.0,120.0,0.143,0.122,,143,122,,0.4,0.66,0.4,,0.4,20.0
157,R2_M03,random_medium_2link,2M03,2,3,medium,30.0,120.0,0.143,0.122,,143,122,,0.4,0.66,0.4,,0.4,22.5
158,R2_M03,random_medium_2link,2M03,2,3,medium,30.0,120.0,0.143,0.122,,143,122,,0.4,0.66,0.4,,0.4,25.0
159,R2_M03,random_medium_2link,2M03,2,3,medium,30.0,120.0,0.143,0.122,,143,122,,0.4,0.66,0.4,,0.4,27.5
160,R2_M03,random_medium_2link,2M03,2,3,medium,30.0,120.0,0.143,0.122,,143,122,,0.4,0.66,0.4,,0.4,30.0
161,R2_M03,random_medium_2link,2M03,2,3,medium,30.0,120.0,0.143,0.122,,143,122,,0.4,0.66,0.4,,0.4,32.5
162,R2_M03,random_medium_2link,2M03,2,3,medium,30.0,120.0,0.143,0.122,,143,122,,0.4,0.66,0.4,,0.4,35.0
163,R2_M03,random_medium_2link,2M03,2,3,medium,30.0,120.0,0.143,0.122,,143,122,,0.4,0.66,0.4,,0.4,37.5
164,R2_M03,random_medium_2link,2M03,2,3,medium,30.0,120.0,0.143,0.122,,143,122,,0.4,0.66,0.4,,0.4,40.0
165,R2_M03,random_medium_2link,2M03,2,3,medium,30.0,120.0,0.143,0.122,,143,122,,0.4,0.66,0.4,,0.4,42.5
166,R2_M03,random_medium_2link,2M03,2,3,medium,30.0,120.0,0.143,0.122,,143,122,,0.4,0.66,0.4,,0.4,45.0
167,R2_M03,random_medium_2link,2M03,2,3,medium,30.0,120.0,0.143,0.122,,143,122,,0.4,0.66,0.4,,0.4,47.5
168,R2_M03,random_medium_2link,2M03,2,3,medium,30.0,120.0,0.143,0.122,,143,122,,0.4,0.66,0.4,,0.4,50.0
169,R2_M04,random_medium_2link,2M04,2,3,medium,30.0,120.0,0.356,0.187,,356,187,,0.4,0.47,0.4,,0.4,20.0
170,R2_M04,random_medium_2link,2M04,2,3,medium,30.0,120.0,0.356,0.187,,356,187,,0.4,0.47,0.4,,0.4,22.5
171,R2_M04,random_medium_2link,2M04,2,3,medium,30.0,120.0,0.356,0.187,,356,187,,0.4,0.47,0.4,,0.4,25.0
172,R2_M04,random_medium_2link,2M04,2,3,medium,30.0,120.0,0.356,0.187,,356,187,,0.4,0.47,0.4,,0.4,27.5
173,R2_M04,random_medium_2link,2M04,2,3,medium,30.0,120.0,0.356,0.187,,356,187,,0.4,0.47,0.4,,0.4,30.0
174,R2_M04,random_medium_2link,2M04,2,3,medium,30.0,120.0,0.356,0.187,,356,187,,0.4,0.47,0.4,,0.4,32.5
175,R2_M04,random_medium_2link,2M04,2,3,medium,30.0,120.0,0.356,0.187,,356,187,,0.4,0.47,0.4,,0.4,35.0
176,R2_M04,random_medium_2link,2M04,2,3,medium,30.0,120.0,0.356,0.187,,356,187,,0.4,0.47,0.4,,0.4,37.5
177,R2_M04,random_medium_2link,2M04,2,3,medium,30.0,120.0,0.356,0.187,,356,187,,0.4,0.47,0.4,,0.4,40.0
178,R2_M04,random_medium_2link,2M04,2,3,medium,30.0,120.0,0.356,0.187,,356,187,,0.4,0.47,0.4,,0.4,42.5
179,R2_M04,random_medium_2link,2M04,2,3,medium,30.0,120.0,0.356,0.187,,356,187,,0.4,0.47,0.4,,0.4,45.0
180,R2_M04,random_medium_2link,2M04,2,3,medium,30.0,120.0,0.356,0.187,,356,187,,0.4,0.47,0.4,,0.4,47.5
181,R2_M04,random_medium_2link,2M04,2,3,medium,30.0,120.0,0.356,0.187,,356,187,,0.4,0.47,0.4,,0.4,50.0
182,R2_M05,random_medium_2link,2M05,2,3,medium,30.0,120.0,0.386,0.149,,386,149,,0.4,0.5,0.4,,0.4,20.0
183,R2_M05,random_medium_2link,2M05,2,3,medium,30.0,120.0,0.386,0.149,,386,149,,0.4,0.5,0.4,,0.4,22.5
184,R2_M05,random_medium_2link,2M05,2,3,medium,30.0,120.0,0.386,0.149,,386,149,,0.4,0.5,0.4,,0.4,25.0
185,R2_M05,random_medium_2link,2M05,2,3,medium,30.0,120.0,0.386,0.149,,386,149,,0.4,0.5,0.4,,0.4,27.5
186,R2_M05,random_medium_2link,2M05,2,3,medium,30.0,120.0,0.386,0.149,,386,149,,0.4,0.5,0.4,,0.4,30.0
187,R2_M05,random_medium_2link,2M05,2,3,medium,30.0,120.0,0.386,0.149,,386,149,,0.4,0.5,0.4,,0.4,32.5
188,R2_M05,random_medium_2link,2M05,2,3,medium,30.0,120.0,0.386,0.149,,386,149,,0.4,0.5,0.4,,0.4,35.0
189,R2_M05,random_medium_2link,2M05,2,3,medium,30.0,120.0,0.386,0.149,,386,149,,0.4,0.5,0.4,,0.4,37.5
190,R2_M05,random_medium_2link,2M05,2,3,medium,30.0,120.0,0.386,0.149,,386,149,,0.4,0.5,0.4,,0.4,40.0
191,R2_M05,random_medium_2link,2M05,2,3,medium,30.0,120.0,0.386,0.149,,386,149,,0.4,0.5,0.4,,0.4,42.5
192,R2_M05,random_medium_2link,2M05,2,3,medium,30.0,120.0,0.386,0.149,,386,149,,0.4,0.5,0.4,,0.4,45.0
193,R2_M05,random_medium_2link,2M05,2,3,medium,30.0,120.0,0.386,0.149,,386,149,,0.4,0.5,0.4,,0.4,47.5
194,R2_M05,random_medium_2link,2M05,2,3,medium,30.0,120.0,0.386,0.149,,386,149,,0.4,0.5,0.4,,0.4,50.0
195,R2_M06,random_medium_2link,2M06,2,3,medium,30.0,120.0,0.136,0.197,,136,197,,0.4,0.47,0.4,,0.4,20.0
196,R2_M06,random_medium_2link,2M06,2,3,medium,30.0,120.0,0.136,0.197,,136,197,,0.4,0.47,0.4,,0.4,22.5
197,R2_M06,random_medium_2link,2M06,2,3,medium,30.0,120.0,0.136,0.197,,136,197,,0.4,0.47,0.4,,0.4,25.0
198,R2_M06,random_medium_2link,2M06,2,3,medium,30.0,120.0,0.136,0.197,,136,197,,0.4,0.47,0.4,,0.4,27.5
199,R2_M06,random_medium_2link,2M06,2,3,medium,30.0,120.0,0.136,0.197,,136,197,,0.4,0.47,0.4,,0.4,30.0
200,R2_M06,random_medium_2link,2M06,2,3,medium,30.0,120.0,0.136,0.197,,136,197,,0.4,0.47,0.4,,0.4,32.5
201,R2_M06,random_medium_2link,2M06,2,3,medium,30.0,120.0,0.136,0.197,,136,197,,0.4,0.47,0.4,,0.4,35.0
202,R2_M06,random_medium_2link,2M06,2,3,medium,30.0,120.0,0.136,0.197,,136,197,,0.4,0.47,0.4,,0.4,37.5
203,R2_M06,random_medium_2link,2M06,2,3,medium,30.0,120.0,0.136,0.197,,136,197,,0.4,0.47,0.4,,0.4,40.0
204,R2_M06,random_medium_2link,2M06,2,3,medium,30.0,120.0,0.136,0.197,,136,197,,0.4,0.47,0.4,,0.4,42.5
205,R2_M06,random_medium_2link,2M06,2,3,medium,30.0,120.0,0.136,0.197,,136,197,,0.4,0.47,0.4,,0.4,45.0
206,R2_M06,random_medium_2link,2M06,2,3,medium,30.0,120.0,0.136,0.197,,136,197,,0.4,0.47,0.4,,0.4,47.5
207,R2_M06,random_medium_2link,2M06,2,3,medium,30.0,120.0,0.136,0.197,,136,197,,0.4,0.47,0.4,,0.4,50.0
208,R2_M07,random_medium_2link,2M07,2,3,medium,30.0,120.0,0.393,0.121,,393,121,,0.4,0.56,0.4,,0.4,20.0
209,R2_M07,random_medium_2link,2M07,2,3,medium,30.0,120.0,0.393,0.121,,393,121,,0.4,0.56,0.4,,0.4,22.5
210,R2_M07,random_medium_2link,2M07,2,3,medium,30.0,120.0,0.393,0.121,,393,121,,0.4,0.56,0.4,,0.4,25.0
211,R2_M07,random_medium_2link,2M07,2,3,medium,30.0,120.0,0.393,0.121,,393,121,,0.4,0.56,0.4,,0.4,27.5
212,R2_M07,random_medium_2link,2M07,2,3,medium,30.0,120.0,0.393,0.121,,393,121,,0.4,0.56,0.4,,0.4,30.0
213,R2_M07,random_medium_2link,2M07,2,3,medium,30.0,120.0,0.393,0.121,,393,121,,0.4,0.56,0.4,,0.4,32.5
214,R2_M07,random_medium_2link,2M07,2,3,medium,30.0,120.0,0.393,0.121,,393,121,,0.4,0.56,0.4,,0.4,35.0
215,R2_M07,random_medium_2link,2M07,2,3,medium,30.0,120.0,0.393,0.121,,393,121,,0.4,0.56,0.4,,0.4,37.5
216,R2_M07,random_medium_2link,2M07,2,3,medium,30.0,120.0,0.393,0.121,,393,121,,0.4,0.56,0.4,,0.4,40.0
217,R2_M07,random_medium_2link,2M07,2,3,medium,30.0,120.0,0.393,0.121,,393,121,,0.4,0.56,0.4,,0.4,42.5
218,R2_M07,random_medium_2link,2M07,2,3,medium,30.0,120.0,0.393,0.121,,393,121,,0.4,0.56,0.4,,0.4,45.0
219,R2_M07,random_medium_2link,2M07,2,3,medium,30.0,120.0,0.393,0.121,,393,121,,0.4,0.56,0.4,,0.4,47.5
220,R2_M07,random_medium_2link,2M07,2,3,medium,30.0,120.0,0.393,0.121,,393,121,,0.4,0.56,0.4,,0.4,50.0
221,R2_M08,random_medium_2link,2M08,2,3,medium,30.0,120.0,0.141,0.326,,141,326,,0.4,0.54,0.4,,0.4,20.0
222,R2_M08,random_medium_2link,2M08,2,3,medium,30.0,120.0,0.141,0.326,,141,326,,0.4,0.54,0.4,,0.4,22.5
223,R2_M08,random_medium_2link,2M08,2,3,medium,30.0,120.0,0.141,0.326,,141,326,,0.4,0.54,0.4,,0.4,25.0
224,R2_M08,random_medium_2link,2M08,2,3,medium,30.0,120.0,0.141,0.326,,141,326,,0.4,0.54,0.4,,0.4,27.5
225,R2_M08,random_medium_2link,2M08,2,3,medium,30.0,120.0,0.141,0.326,,141,326,,0.4,0.54,0.4,,0.4,30.0
226,R2_M08,random_medium_2link,2M08,2,3,medium,30.0,120.0,0.141,0.326,,141,326,,0.4,0.54,0.4,,0.4,32.5
227,R2_M08,random_medium_2link,2M08,2,3,medium,30.0,120.0,0.141,0.326,,141,326,,0.4,0.54,0.4,,0.4,35.0
228,R2_M08,random_medium_2link,2M08,2,3,medium,30.0,120.0,0.141,0.326,,141,326,,0.4,0.54,0.4,,0.4,37.5
229,R2_M08,random_medium_2link,2M08,2,3,medium,30.0,120.0,0.141,0.326,,141,326,,0.4,0.54,0.4,,0.4,40.0
230,R2_M08,random_medium_2link,2M08,2,3,medium,30.0,120.0,0.141,0.326,,141,326,,0.4,0.54,0.4,,0.4,42.5
231,R2_M08,random_medium_2link,2M08,2,3,medium,30.0,120.0,0.141,0.326,,141,326,,0.4,0.54,0.4,,0.4,45.0
232,R2_M08,random_medium_2link,2M08,2,3,medium,30.0,120.0,0.141,0.326,,141,326,,0.4,0.54,0.4,,0.4,47.5
233,R2_M08,random_medium_2link,2M08,2,3,medium,30.0,120.0,0.141,0.326,,141,326,,0.4,0.54,0.4,,0.4,50.0
234,R2_M09,random_medium_2link,2M09,2,3,medium,30.0,120.0,0.304,0.138,,304,138,,0.4,0.53,0.4,,0.4,20.0
235,R2_M09,random_medium_2link,2M09,2,3,medium,30.0,120.0,0.304,0.138,,304,138,,0.4,0.53,0.4,,0.4,22.5
236,R2_M09,random_medium_2link,2M09,2,3,medium,30.0,120.0,0.304,0.138,,304,138,,0.4,0.53,0.4,,0.4,25.0
237,R2_M09,random_medium_2link,2M09,2,3,medium,30.0,120.0,0.304,0.138,,304,138,,0.4,0.53,0.4,,0.4,27.5
238,R2_M09,random_medium_2link,2M09,2,3,medium,30.0,120.0,0.304,0.138,,304,138,,0.4,0.53,0.4,,0.4,30.0
239,R2_M09,random_medium_2link,2M09,2,3,medium,30.0,120.0,0.304,0.138,,304,138,,0.4,0.53,0.4,,0.4,32.5
240,R2_M09,random_medium_2link,2M09,2,3,medium,30.0,120.0,0.304,0.138,,304,138,,0.4,0.53,0.4,,0.4,35.0
241,R2_M09,random_medium_2link,2M09,2,3,medium,30.0,120.0,0.304,0.138,,304,138,,0.4,0.53,0.4,,0.4,37.5
242,R2_M09,random_medium_2link,2M09,2,3,medium,30.0,120.0,0.304,0.138,,304,138,,0.4,0.53,0.4,,0.4,40.0
243,R2_M09,random_medium_2link,2M09,2,3,medium,30.0,120.0,0.304,0.138,,304,138,,0.4,0.53,0.4,,0.4,42.5
244,R2_M09,random_medium_2link,2M09,2,3,medium,30.0,120.0,0.304,0.138,,304,138,,0.4,0.53,0.4,,0.4,45.0
245,R2_M09,random_medium_2link,2M09,2,3,medium,30.0,120.0,0.304,0.138,,304,138,,0.4,0.53,0.4,,0.4,47.5
246,R2_M09,random_medium_2link,2M09,2,3,medium,30.0,120.0,0.304,0.138,,304,138,,0.4,0.53,0.4,,0.4,50.0
247,R2_M10,random_medium_2link,2M10,2,3,medium,30.0,120.0,0.26,0.12,,260,120,,0.4,0.51,0.4,,0.4,20.0
248,R2_M10,random_medium_2link,2M10,2,3,medium,30.0,120.0,0.26,0.12,,260,120,,0.4,0.51,0.4,,0.4,22.5
249,R2_M10,random_medium_2link,2M10,2,3,medium,30.0,120.0,0.26,0.12,,260,120,,0.4,0.51,0.4,,0.4,25.0
250,R2_M10,random_medium_2link,2M10,2,3,medium,30.0,120.0,0.26,0.12,,260,120,,0.4,0.51,0.4,,0.4,27.5
251,R2_M10,random_medium_2link,2M10,2,3,medium,30.0,120.0,0.26,0.12,,260,120,,0.4,0.51,0.4,,0.4,30.0
252,R2_M10,random_medium_2link,2M10,2,3,medium,30.0,120.0,0.26,0.12,,260,120,,0.4,0.51,0.4,,0.4,32.5
253,R2_M10,random_medium_2link,2M10,2,3,medium,30.0,120.0,0.26,0.12,,260,120,,0.4,0.51,0.4,,0.4,35.0
254,R2_M10,random_medium_2link,2M10,2,3,medium,30.0,120.0,0.26,0.12,,260,120,,0.4,0.51,0.4,,0.4,37.5
255,R2_M10,random_medium_2link,2M10,2,3,medium,30.0,120.0,0.26,0.12,,260,120,,0.4,0.51,0.4,,0.4,40.0
256,R2_M10,random_medium_2link,2M10,2,3,medium,30.0,120.0,0.26,0.12,,260,120,,0.4,0.51,0.4,,0.4,42.5
257,R2_M10,random_medium_2link,2M10,2,3,medium,30.0,120.0,0.26,0.12,,260,120,,0.4,0.51,0.4,,0.4,45.0
258,R2_M10,random_medium_2link,2M10,2,3,medium,30.0,120.0,0.26,0.12,,260,120,,0.4,0.51,0.4,,0.4,47.5
259,R2_M10,random_medium_2link,2M10,2,3,medium,30.0,120.0,0.26,0.12,,260,120,,0.4,0.51,0.4,,0.4,50.0
260,R2_L01,random_long_2link,2L01,2,3,long,30.0,120.0,0.589,0.553,,589,553,,0.4,0.61,0.4,,0.4,20.0
261,R2_L01,random_long_2link,2L01,2,3,long,30.0,120.0,0.589,0.553,,589,553,,0.4,0.61,0.4,,0.4,22.5
262,R2_L01,random_long_2link,2L01,2,3,long,30.0,120.0,0.589,0.553,,589,553,,0.4,0.61,0.4,,0.4,25.0
263,R2_L01,random_long_2link,2L01,2,3,long,30.0,120.0,0.589,0.553,,589,553,,0.4,0.61,0.4,,0.4,27.5
264,R2_L01,random_long_2link,2L01,2,3,long,30.0,120.0,0.589,0.553,,589,553,,0.4,0.61,0.4,,0.4,30.0
265,R2_L01,random_long_2link,2L01,2,3,long,30.0,120.0,0.589,0.553,,589,553,,0.4,0.61,0.4,,0.4,32.5
266,R2_L01,random_long_2link,2L01,2,3,long,30.0,120.0,0.589,0.553,,589,553,,0.4,0.61,0.4,,0.4,35.0
267,R2_L01,random_long_2link,2L01,2,3,long,30.0,120.0,0.589,0.553,,589,553,,0.4,0.61,0.4,,0.4,37.5
268,R2_L01,random_long_2link,2L01,2,3,long,30.0,120.0,0.589,0.553,,589,553,,0.4,0.61,0.4,,0.4,40.0
269,R2_L01,random_long_2link,2L01,2,3,long,30.0,120.0,0.589,0.553,,589,553,,0.4,0.61,0.4,,0.4,42.5
270,R2_L01,random_long_2link,2L01,2,3,long,30.0,120.0,0.589,0.553,,589,553,,0.4,0.61,0.4,,0.4,45.0
271,R2_L01,random_long_2link,2L01,2,3,long,30.0,120.0,0.589,0.553,,589,553,,0.4,0.61,0.4,,0.4,47.5
272,R2_L01,random_long_2link,2L01,2,3,long,30.0,120.0,0.589,0.553,,589,553,,0.4,0.61,0.4,,0.4,50.0
273,R2_L02,random_long_2link,2L02,2,3,long,30.0,120.0,0.483,0.269,,483,269,,0.4,0.41,0.4,,0.4,20.0
274,R2_L02,random_long_2link,2L02,2,3,long,30.0,120.0,0.483,0.269,,483,269,,0.4,0.41,0.4,,0.4,22.5
275,R2_L02,random_long_2link,2L02,2,3,long,30.0,120.0,0.483,0.269,,483,269,,0.4,0.41,0.4,,0.4,25.0
276,R2_L02,random_long_2link,2L02,2,3,long,30.0,120.0,0.483,0.269,,483,269,,0.4,0.41,0.4,,0.4,27.5
277,R2_L02,random_long_2link,2L02,2,3,long,30.0,120.0,0.483,0.269,,483,269,,0.4,0.41,0.4,,0.4,30.0
278,R2_L02,random_long_2link,2L02,2,3,long,30.0,120.0,0.483,0.269,,483,269,,0.4,0.41,0.4,,0.4,32.5
279,R2_L02,random_long_2link,2L02,2,3,long,30.0,120.0,0.483,0.269,,483,269,,0.4,0.41,0.4,,0.4,35.0
280,R2_L02,random_long_2link,2L02,2,3,long,30.0,120.0,0.483,0.269,,483,269,,0.4,0.41,0.4,,0.4,37.5
281,R2_L02,random_long_2link,2L02,2,3,long,30.0,120.0,0.483,0.269,,483,269,,0.4,0.41,0.4,,0.4,40.0
282,R2_L02,random_long_2link,2L02,2,3,long,30.0,120.0,0.483,0.269,,483,269,,0.4,0.41,0.4,,0.4,42.5
283,R2_L02,random_long_2link,2L02,2,3,long,30.0,120.0,0.483,0.269,,483,269,,0.4,0.41,0.4,,0.4,45.0
284,R2_L02,random_long_2link,2L02,2,3,long,30.0,120.0,0.483,0.269,,483,269,,0.4,0.41,0.4,,0.4,47.5
285,R2_L02,random_long_2link,2L02,2,3,long,30.0,120.0,0.483,0.269,,483,269,,0.4,0.41,0.4,,0.4,50.0
286,R2_L03,random_long_2link,2L03,2,3,long,30.0,120.0,0.295,0.283,,295,283,,0.4,0.55,0.4,,0.4,20.0
287,R2_L03,random_long_2link,2L03,2,3,long,30.0,120.0,0.295,0.283,,295,283,,0.4,0.55,0.4,,0.4,22.5
288,R2_L03,random_long_2link,2L03,2,3,long,30.0,120.0,0.295,0.283,,295,283,,0.4,0.55,0.4,,0.4,25.0
289,R2_L03,random_long_2link,2L03,2,3,long,30.0,120.0,0.295,0.283,,295,283,,0.4,0.55,0.4,,0.4,27.5
290,R2_L03,random_long_2link,2L03,2,3,long,30.0,120.0,0.295,0.283,,295,283,,0.4,0.55,0.4,,0.4,30.0
291,R2_L03,random_long_2link,2L03,2,3,long,30.0,120.0,0.295,0.283,,295,283,,0.4,0.55,0.4,,0.4,32.5
292,R2_L03,random_long_2link,2L03,2,3,long,30.0,120.0,0.295,0.283,,295,283,,0.4,0.55,0.4,,0.4,35.0
293,R2_L03,random_long_2link,2L03,2,3,long,30.0,120.0,0.295,0.283,,295,283,,0.4,0.55,0.4,,0.4,37.5
294,R2_L03,random_long_2link,2L03,2,3,long,30.0,120.0,0.295,0.283,,295,283,,0.4,0.55,0.4,,0.4,40.0
295,R2_L03,random_long_2link,2L03,2,3,long,30.0,120.0,0.295,0.283,,295,283,,0.4,0.55,0.4,,0.4,42.5
296,R2_L03,random_long_2link,2L03,2,3,long,30.0,120.0,0.295,0.283,,295,283,,0.4,0.55,0.4,,0.4,45.0
297,R2_L03,random_long_2link,2L03,2,3,long,30.0,120.0,0.295,0.283,,295,283,,0.4,0.55,0.4,,0.4,47.5
298,R2_L03,random_long_2link,2L03,2,3,long,30.0,120.0,0.295,0.283,,295,283,,0.4,0.55,0.4,,0.4,50.0
299,R2_L04,random_long_2link,2L04,2,3,long,30.0,120.0,0.551,0.221,,551,221,,0.4,0.49,0.4,,0.4,20.0
300,R2_L04,random_long_2link,2L04,2,3,long,30.0,120.0,0.551,0.221,,551,221,,0.4,0.49,0.4,,0.4,22.5
301,R2_L04,random_long_2link,2L04,2,3,long,30.0,120.0,0.551,0.221,,551,221,,0.4,0.49,0.4,,0.4,25.0
302,R2_L04,random_long_2link,2L04,2,3,long,30.0,120.0,0.551,0.221,,551,221,,0.4,0.49,0.4,,0.4,27.5
303,R2_L04,random_long_2link,2L04,2,3,long,30.0,120.0,0.551,0.221,,551,221,,0.4,0.49,0.4,,0.4,30.0
304,R2_L04,random_long_2link,2L04,2,3,long,30.0,120.0,0.551,0.221,,551,221,,0.4,0.49,0.4,,0.4,32.5
305,R2_L04,random_long_2link,2L04,2,3,long,30.0,120.0,0.551,0.221,,551,221,,0.4,0.49,0.4,,0.4,35.0
306,R2_L04,random_long_2link,2L04,2,3,long,30.0,120.0,0.551,0.221,,551,221,,0.4,0.49,0.4,,0.4,37.5
307,R2_L04,random_long_2link,2L04,2,3,long,30.0,120.0,0.551,0.221,,551,221,,0.4,0.49,0.4,,0.4,40.0
308,R2_L04,random_long_2link,2L04,2,3,long,30.0,120.0,0.551,0.221,,551,221,,0.4,0.49,0.4,,0.4,42.5
309,R2_L04,random_long_2link,2L04,2,3,long,30.0,120.0,0.551,0.221,,551,221,,0.4,0.49,0.4,,0.4,45.0
310,R2_L04,random_long_2link,2L04,2,3,long,30.0,120.0,0.551,0.221,,551,221,,0.4,0.49,0.4,,0.4,47.5
311,R2_L04,random_long_2link,2L04,2,3,long,30.0,120.0,0.551,0.221,,551,221,,0.4,0.49,0.4,,0.4,50.0
312,R2_L05,random_long_2link,2L05,2,3,long,30.0,120.0,0.25,0.407,,250,407,,0.4,0.51,0.4,,0.4,20.0
313,R2_L05,random_long_2link,2L05,2,3,long,30.0,120.0,0.25,0.407,,250,407,,0.4,0.51,0.4,,0.4,22.5
314,R2_L05,random_long_2link,2L05,2,3,long,30.0,120.0,0.25,0.407,,250,407,,0.4,0.51,0.4,,0.4,25.0
315,R2_L05,random_long_2link,2L05,2,3,long,30.0,120.0,0.25,0.407,,250,407,,0.4,0.51,0.4,,0.4,27.5
316,R2_L05,random_long_2link,2L05,2,3,long,30.0,120.0,0.25,0.407,,250,407,,0.4,0.51,0.4,,0.4,30.0
317,R2_L05,random_long_2link,2L05,2,3,long,30.0,120.0,0.25,0.407,,250,407,,0.4,0.51,0.4,,0.4,32.5
318,R2_L05,random_long_2link,2L05,2,3,long,30.0,120.0,0.25,0.407,,250,407,,0.4,0.51,0.4,,0.4,35.0
319,R2_L05,random_long_2link,2L05,2,3,long,30.0,120.0,0.25,0.407,,250,407,,0.4,0.51,0.4,,0.4,37.5
320,R2_L05,random_long_2link,2L05,2,3,long,30.0,120.0,0.25,0.407,,250,407,,0.4,0.51,0.4,,0.4,40.0
321,R2_L05,random_long_2link,2L05,2,3,long,30.0,120.0,0.25,0.407,,250,407,,0.4,0.51,0.4,,0.4,42.5
322,R2_L05,random_long_2link,2L05,2,3,long,30.0,120.0,0.25,0.407,,250,407,,0.4,0.51,0.4,,0.4,45.0
323,R2_L05,random_long_2link,2L05,2,3,long,30.0,120.0,0.25,0.407,,250,407,,0.4,0.51,0.4,,0.4,47.5
324,R2_L05,random_long_2link,2L05,2,3,long,30.0,120.0,0.25,0.407,,250,407,,0.4,0.51,0.4,,0.4,50.0
325,R2_L06,random_long_2link,2L06,2,3,long,30.0,120.0,0.431,0.549,,431,549,,0.4,0.6,0.4,,0.4,20.0
326,R2_L06,random_long_2link,2L06,2,3,long,30.0,120.0,0.431,0.549,,431,549,,0.4,0.6,0.4,,0.4,22.5
327,R2_L06,random_long_2link,2L06,2,3,long,30.0,120.0,0.431,0.549,,431,549,,0.4,0.6,0.4,,0.4,25.0
328,R2_L06,random_long_2link,2L06,2,3,long,30.0,120.0,0.431,0.549,,431,549,,0.4,0.6,0.4,,0.4,27.5
329,R2_L06,random_long_2link,2L06,2,3,long,30.0,120.0,0.431,0.549,,431,549,,0.4,0.6,0.4,,0.4,30.0
330,R2_L06,random_long_2link,2L06,2,3,long,30.0,120.0,0.431,0.549,,431,549,,0.4,0.6,0.4,,0.4,32.5
331,R2_L06,random_long_2link,2L06,2,3,long,30.0,120.0,0.431,0.549,,431,549,,0.4,0.6,0.4,,0.4,35.0
332,R2_L06,random_long_2link,2L06,2,3,long,30.0,120.0,0.431,0.549,,431,549,,0.4,0.6,0.4,,0.4,37.5
333,R2_L06,random_long_2link,2L06,2,3,long,30.0,120.0,0.431,0.549,,431,549,,0.4,0.6,0.4,,0.4,40.0
334,R2_L06,random_long_2link,2L06,2,3,long,30.0,120.0,0.431,0.549,,431,549,,0.4,0.6,0.4,,0.4,42.5
335,R2_L06,random_long_2link,2L06,2,3,long,30.0,120.0,0.431,0.549,,431,549,,0.4,0.6,0.4,,0.4,45.0
336,R2_L06,random_long_2link,2L06,2,3,long,30.0,120.0,0.431,0.549,,431,549,,0.4,0.6,0.4,,0.4,47.5
337,R2_L06,random_long_2link,2L06,2,3,long,30.0,120.0,0.431,0.549,,431,549,,0.4,0.6,0.4,,0.4,50.0
338,R2_L07,random_long_2link,2L07,2,3,long,30.0,120.0,0.3,0.45,,300,450,,0.4,0.46,0.4,,0.4,20.0
339,R2_L07,random_long_2link,2L07,2,3,long,30.0,120.0,0.3,0.45,,300,450,,0.4,0.46,0.4,,0.4,22.5
340,R2_L07,random_long_2link,2L07,2,3,long,30.0,120.0,0.3,0.45,,300,450,,0.4,0.46,0.4,,0.4,25.0
341,R2_L07,random_long_2link,2L07,2,3,long,30.0,120.0,0.3,0.45,,300,450,,0.4,0.46,0.4,,0.4,27.5
342,R2_L07,random_long_2link,2L07,2,3,long,30.0,120.0,0.3,0.45,,300,450,,0.4,0.46,0.4,,0.4,30.0
343,R2_L07,random_long_2link,2L07,2,3,long,30.0,120.0,0.3,0.45,,300,450,,0.4,0.46,0.4,,0.4,32.5
344,R2_L07,random_long_2link,2L07,2,3,long,30.0,120.0,0.3,0.45,,300,450,,0.4,0.46,0.4,,0.4,35.0
345,R2_L07,random_long_2link,2L07,2,3,long,30.0,120.0,0.3,0.45,,300,450,,0.4,0.46,0.4,,0.4,37.5
346,R2_L07,random_long_2link,2L07,2,3,long,30.0,120.0,0.3,0.45,,300,450,,0.4,0.46,0.4,,0.4,40.0
347,R2_L07,random_long_2link,2L07,2,3,long,30.0,120.0,0.3,0.45,,300,450,,0.4,0.46,0.4,,0.4,42.5
348,R2_L07,random_long_2link,2L07,2,3,long,30.0,120.0,0.3,0.45,,300,450,,0.4,0.46,0.4,,0.4,45.0
349,R2_L07,random_long_2link,2L07,2,3,long,30.0,120.0,0.3,0.45,,300,450,,0.4,0.46,0.4,,0.4,47.5
350,R2_L07,random_long_2link,2L07,2,3,long,30.0,120.0,0.3,0.45,,300,450,,0.4,0.46,0.4,,0.4,50.0
351,R2_L08,random_long_2link,2L08,2,3,long,30.0,120.0,0.219,0.363,,219,363,,0.4,0.41,0.4,,0.4,20.0
352,R2_L08,random_long_2link,2L08,2,3,long,30.0,120.0,0.219,0.363,,219,363,,0.4,0.41,0.4,,0.4,22.5
353,R2_L08,random_long_2link,2L08,2,3,long,30.0,120.0,0.219,0.363,,219,363,,0.4,0.41,0.4,,0.4,25.0
354,R2_L08,random_long_2link,2L08,2,3,long,30.0,120.0,0.219,0.363,,219,363,,0.4,0.41,0.4,,0.4,27.5
355,R2_L08,random_long_2link,2L08,2,3,long,30.0,120.0,0.219,0.363,,219,363,,0.4,0.41,0.4,,0.4,30.0
356,R2_L08,random_long_2link,2L08,2,3,long,30.0,120.0,0.219,0.363,,219,363,,0.4,0.41,0.4,,0.4,32.5
357,R2_L08,random_long_2link,2L08,2,3,long,30.0,120.0,0.219,0.363,,219,363,,0.4,0.41,0.4,,0.4,35.0
358,R2_L08,random_long_2link,2L08,2,3,long,30.0,120.0,0.219,0.363,,219,363,,0.4,0.41,0.4,,0.4,37.5
359,R2_L08,random_long_2link,2L08,2,3,long,30.0,120.0,0.219,0.363,,219,363,,0.4,0.41,0.4,,0.4,40.0
360,R2_L08,random_long_2link,2L08,2,3,long,30.0,120.0,0.219,0.363,,219,363,,0.4,0.41,0.4,,0.4,42.5
361,R2_L08,random_long_2link,2L08,2,3,long,30.0,120.0,0.219,0.363,,219,363,,0.4,0.41,0.4,,0.4,45.0
362,R2_L08,random_long_2link,2L08,2,3,long,30.0,120.0,0.219,0.363,,219,363,,0.4,0.41,0.4,,0.4,47.5
363,R2_L08,random_long_2link,2L08,2,3,long,30.0,120.0,0.219,0.363,,219,363,,0.4,0.41,0.4,,0.4,50.0
364,R2_L09,random_long_2link,2L09,2,3,long,30.0,120.0,0.252,0.551,,252,551,,0.4,0.67,0.4,,0.4,20.0
365,R2_L09,random_long_2link,2L09,2,3,long,30.0,120.0,0.252,0.551,,252,551,,0.4,0.67,0.4,,0.4,22.5
366,R2_L09,random_long_2link,2L09,2,3,long,30.0,120.0,0.252,0.551,,252,551,,0.4,0.67,0.4,,0.4,25.0
367,R2_L09,random_long_2link,2L09,2,3,long,30.0,120.0,0.252,0.551,,252,551,,0.4,0.67,0.4,,0.4,27.5
368,R2_L09,random_long_2link,2L09,2,3,long,30.0,120.0,0.252,0.551,,252,551,,0.4,0.67,0.4,,0.4,30.0
369,R2_L09,random_long_2link,2L09,2,3,long,30.0,120.0,0.252,0.551,,252,551,,0.4,0.67,0.4,,0.4,32.5
370,R2_L09,random_long_2link,2L09,2,3,long,30.0,120.0,0.252,0.551,,252,551,,0.4,0.67,0.4,,0.4,35.0
371,R2_L09,random_long_2link,2L09,2,3,long,30.0,120.0,0.252,0.551,,252,551,,0.4,0.67,0.4,,0.4,37.5
372,R2_L09,random_long_2link,2L09,2,3,long,30.0,120.0,0.252,0.551,,252,551,,0.4,0.67,0.4,,0.4,40.0
373,R2_L09,random_long_2link,2L09,2,3,long,30.0,120.0,0.252,0.551,,252,551,,0.4,0.67,0.4,,0.4,42.5
374,R2_L09,random_long_2link,2L09,2,3,long,30.0,120.0,0.252,0.551,,252,551,,0.4,0.67,0.4,,0.4,45.0
375,R2_L09,random_long_2link,2L09,2,3,long,30.0,120.0,0.252,0.551,,252,551,,0.4,0.67,0.4,,0.4,47.5
376,R2_L09,random_long_2link,2L09,2,3,long,30.0,120.0,0.252,0.551,,252,551,,0.4,0.67,0.4,,0.4,50.0
377,R2_L10,random_long_2link,2L10,2,3,long,30.0,120.0,0.474,0.203,,474,203,,0.4,0.51,0.4,,0.4,20.0
378,R2_L10,random_long_2link,2L10,2,3,long,30.0,120.0,0.474,0.203,,474,203,,0.4,0.51,0.4,,0.4,22.5
379,R2_L10,random_long_2link,2L10,2,3,long,30.0,120.0,0.474,0.203,,474,203,,0.4,0.51,0.4,,0.4,25.0
380,R2_L10,random_long_2link,2L10,2,3,long,30.0,120.0,0.474,0.203,,474,203,,0.4,0.51,0.4,,0.4,27.5
381,R2_L10,random_long_2link,2L10,2,3,long,30.0,120.0,0.474,0.203,,474,203,,0.4,0.51,0.4,,0.4,30.0
382,R2_L10,random_long_2link,2L10,2,3,long,30.0,120.0,0.474,0.203,,474,203,,0.4,0.51,0.4,,0.4,32.5
383,R2_L10,random_long_2link,2L10,2,3,long,30.0,120.0,0.474,0.203,,474,203,,0.4,0.51,0.4,,0.4,35.0
384,R2_L10,random_long_2link,2L10,2,3,long,30.0,120.0,0.474,0.203,,474,203,,0.4,0.51,0.4,,0.4,37.5
385,R2_L10,random_long_2link,2L10,2,3,long,30.0,120.0,0.474,0.203,,474,203,,0.4,0.51,0.4,,0.4,40.0
386,R2_L10,random_long_2link,2L10,2,3,long,30.0,120.0,0.474,0.203,,474,203,,0.4,0.51,0.4,,0.4,42.5
387,R2_L10,random_long_2link,2L10,2,3,long,30.0,120.0,0.474,0.203,,474,203,,0.4,0.51,0.4,,0.4,45.0
388,R2_L10,random_long_2link,2L10,2,3,long,30.0,120.0,0.474,0.203,,474,203,,0.4,0.51,0.4,,0.4,47.5
389,R2_L10,random_long_2link,2L10,2,3,long,30.0,120.0,0.474,0.203,,474,203,,0.4,0.51,0.4,,0.4,50.0
390,R3_S01,random_short_3link,3S01,3,4,short,30.0,120.0,0.189,0.152,0.099,189,152,99,0.4,0.41,0.54,0.4,0.4,20.0
391,R3_S01,random_short_3link,3S01,3,4,short,30.0,120.0,0.189,0.152,0.099,189,152,99,0.4,0.41,0.54,0.4,0.4,22.5
392,R3_S01,random_short_3link,3S01,3,4,short,30.0,120.0,0.189,0.152,0.099,189,152,99,0.4,0.41,0.54,0.4,0.4,25.0
393,R3_S01,random_short_3link,3S01,3,4,short,30.0,120.0,0.189,0.152,0.099,189,152,99,0.4,0.41,0.54,0.4,0.4,27.5
394,R3_S01,random_short_3link,3S01,3,4,short,30.0,120.0,0.189,0.152,0.099,189,152,99,0.4,0.41,0.54,0.4,0.4,30.0
395,R3_S01,random_short_3link,3S01,3,4,short,30.0,120.0,0.189,0.152,0.099,189,152,99,0.4,0.41,0.54,0.4,0.4,32.5
396,R3_S01,random_short_3link,3S01,3,4,short,30.0,120.0,0.189,0.152,0.099,189,152,99,0.4,0.41,0.54,0.4,0.4,35.0
397,R3_S01,random_short_3link,3S01,3,4,short,30.0,120.0,0.189,0.152,0.099,189,152,99,0.4,0.41,0.54,0.4,0.4,37.5
398,R3_S01,random_short_3link,3S01,3,4,short,30.0,120.0,0.189,0.152,0.099,189,152,99,0.4,0.41,0.54,0.4,0.4,40.0
399,R3_S01,random_short_3link,3S01,3,4,short,30.0,120.0,0.189,0.152,0.099,189,152,99,0.4,0.41,0.54,0.4,0.4,42.5
400,R3_S01,random_short_3link,3S01,3,4,short,30.0,120.0,0.189,0.152,0.099,189,152,99,0.4,0.41,0.54,0.4,0.4,45.0
401,R3_S01,random_short_3link,3S01,3,4,short,30.0,120.0,0.189,0.152,0.099,189,152,99,0.4,0.41,0.54,0.4,0.4,47.5
402,R3_S01,random_short_3link,3S01,3,4,short,30.0,120.0,0.189,0.152,0.099,189,152,99,0.4,0.41,0.54,0.4,0.4,50.0
403,R3_S02,random_short_3link,3S02,3,4,short,30.0,120.0,0.163,0.099,0.109,163,99,109,0.4,0.68,0.41,0.4,0.4,20.0
404,R3_S02,random_short_3link,3S02,3,4,short,30.0,120.0,0.163,0.099,0.109,163,99,109,0.4,0.68,0.41,0.4,0.4,22.5
405,R3_S02,random_short_3link,3S02,3,4,short,30.0,120.0,0.163,0.099,0.109,163,99,109,0.4,0.68,0.41,0.4,0.4,25.0
406,R3_S02,random_short_3link,3S02,3,4,short,30.0,120.0,0.163,0.099,0.109,163,99,109,0.4,0.68,0.41,0.4,0.4,27.5
407,R3_S02,random_short_3link,3S02,3,4,short,30.0,120.0,0.163,0.099,0.109,163,99,109,0.4,0.68,0.41,0.4,0.4,30.0
408,R3_S02,random_short_3link,3S02,3,4,short,30.0,120.0,0.163,0.099,0.109,163,99,109,0.4,0.68,0.41,0.4,0.4,32.5
409,R3_S02,random_short_3link,3S02,3,4,short,30.0,120.0,0.163,0.099,0.109,163,99,109,0.4,0.68,0.41,0.4,0.4,35.0
410,R3_S02,random_short_3link,3S02,3,4,short,30.0,120.0,0.163,0.099,0.109,163,99,109,0.4,0.68,0.41,0.4,0.4,37.5
411,R3_S02,random_short_3link,3S02,3,4,short,30.0,120.0,0.163,0.099,0.109,163,99,109,0.4,0.68,0.41,0.4,0.4,40.0
412,R3_S02,random_short_3link,3S02,3,4,short,30.0,120.0,0.163,0.099,0.109,163,99,109,0.4,0.68,0.41,0.4,0.4,42.5
413,R3_S02,random_short_3link,3S02,3,4,short,30.0,120.0,0.163,0.099,0.109,163,99,109,0.4,0.68,0.41,0.4,0.4,45.0
414,R3_S02,random_short_3link,3S02,3,4,short,30.0,120.0,0.163,0.099,0.109,163,99,109,0.4,0.68,0.41,0.4,0.4,47.5
415,R3_S02,random_short_3link,3S02,3,4,short,30.0,120.0,0.163,0.099,0.109,163,99,109,0.4,0.68,0.41,0.4,0.4,50.0
416,R3_S03,random_short_3link,3S03,3,4,short,30.0,120.0,0.085,0.135,0.134,85,135,134,0.4,0.52,0.67,0.4,0.4,20.0
417,R3_S03,random_short_3link,3S03,3,4,short,30.0,120.0,0.085,0.135,0.134,85,135,134,0.4,0.52,0.67,0.4,0.4,22.5
418,R3_S03,random_short_3link,3S03,3,4,short,30.0,120.0,0.085,0.135,0.134,85,135,134,0.4,0.52,0.67,0.4,0.4,25.0
419,R3_S03,random_short_3link,3S03,3,4,short,30.0,120.0,0.085,0.135,0.134,85,135,134,0.4,0.52,0.67,0.4,0.4,27.5
420,R3_S03,random_short_3link,3S03,3,4,short,30.0,120.0,0.085,0.135,0.134,85,135,134,0.4,0.52,0.67,0.4,0.4,30.0
421,R3_S03,random_short_3link,3S03,3,4,short,30.0,120.0,0.085,0.135,0.134,85,135,134,0.4,0.52,0.67,0.4,0.4,32.5
422,R3_S03,random_short_3link,3S03,3,4,short,30.0,120.0,0.085,0.135,0.134,85,135,134,0.4,0.52,0.67,0.4,0.4,35.0
423,R3_S03,random_short_3link,3S03,3,4,short,30.0,120.0,0.085,0.135,0.134,85,135,134,0.4,0.52,0.67,0.4,0.4,37.5
424,R3_S03,random_short_3link,3S03,3,4,short,30.0,120.0,0.085,0.135,0.134,85,135,134,0.4,0.52,0.67,0.4,0.4,40.0
425,R3_S03,random_short_3link,3S03,3,4,short,30.0,120.0,0.085,0.135,0.134,85,135,134,0.4,0.52,0.67,0.4,0.4,42.5
426,R3_S03,random_short_3link,3S03,3,4,short,30.0,120.0,0.085,0.135,0.134,85,135,134,0.4,0.52,0.67,0.4,0.4,45.0
427,R3_S03,random_short_3link,3S03,3,4,short,30.0,120.0,0.085,0.135,0.134,85,135,134,0.4,0.52,0.67,0.4,0.4,47.5
428,R3_S03,random_short_3link,3S03,3,4,short,30.0,120.0,0.085,0.135,0.134,85,135,134,0.4,0.52,0.67,0.4,0.4,50.0
429,R3_S04,random_short_3link,3S04,3,4,short,30.0,120.0,0.104,0.162,0.099,104,162,99,0.4,0.59,0.46,0.4,0.4,20.0
430,R3_S04,random_short_3link,3S04,3,4,short,30.0,120.0,0.104,0.162,0.099,104,162,99,0.4,0.59,0.46,0.4,0.4,22.5
431,R3_S04,random_short_3link,3S04,3,4,short,30.0,120.0,0.104,0.162,0.099,104,162,99,0.4,0.59,0.46,0.4,0.4,25.0
432,R3_S04,random_short_3link,3S04,3,4,short,30.0,120.0,0.104,0.162,0.099,104,162,99,0.4,0.59,0.46,0.4,0.4,27.5
433,R3_S04,random_short_3link,3S04,3,4,short,30.0,120.0,0.104,0.162,0.099,104,162,99,0.4,0.59,0.46,0.4,0.4,30.0
434,R3_S04,random_short_3link,3S04,3,4,short,30.0,120.0,0.104,0.162,0.099,104,162,99,0.4,0.59,0.46,0.4,0.4,32.5
435,R3_S04,random_short_3link,3S04,3,4,short,30.0,120.0,0.104,0.162,0.099,104,162,99,0.4,0.59,0.46,0.4,0.4,35.0
436,R3_S04,random_short_3link,3S04,3,4,short,30.0,120.0,0.104,0.162,0.099,104,162,99,0.4,0.59,0.46,0.4,0.4,37.5
437,R3_S04,random_short_3link,3S04,3,4,short,30.0,120.0,0.104,0.162,0.099,104,162,99,0.4,0.59,0.46,0.4,0.4,40.0
438,R3_S04,random_short_3link,3S04,3,4,short,30.0,120.0,0.104,0.162,0.099,104,162,99,0.4,0.59,0.46,0.4,0.4,42.5
439,R3_S04,random_short_3link,3S04,3,4,short,30.0,120.0,0.104,0.162,0.099,104,162,99,0.4,0.59,0.46,0.4,0.4,45.0
440,R3_S04,random_short_3link,3S04,3,4,short,30.0,120.0,0.104,0.162,0.099,104,162,99,0.4,0.59,0.46,0.4,0.4,47.5
441,R3_S04,random_short_3link,3S04,3,4,short,30.0,120.0,0.104,0.162,0.099,104,162,99,0.4,0.59,0.46,0.4,0.4,50.0
442,R3_S05,random_short_3link,3S05,3,4,short,30.0,120.0,0.163,0.082,0.123,163,82,123,0.4,0.62,0.56,0.4,0.4,20.0
443,R3_S05,random_short_3link,3S05,3,4,short,30.0,120.0,0.163,0.082,0.123,163,82,123,0.4,0.62,0.56,0.4,0.4,22.5
444,R3_S05,random_short_3link,3S05,3,4,short,30.0,120.0,0.163,0.082,0.123,163,82,123,0.4,0.62,0.56,0.4,0.4,25.0
445,R3_S05,random_short_3link,3S05,3,4,short,30.0,120.0,0.163,0.082,0.123,163,82,123,0.4,0.62,0.56,0.4,0.4,27.5
446,R3_S05,random_short_3link,3S05,3,4,short,30.0,120.0,0.163,0.082,0.123,163,82,123,0.4,0.62,0.56,0.4,0.4,30.0
447,R3_S05,random_short_3link,3S05,3,4,short,30.0,120.0,0.163,0.082,0.123,163,82,123,0.4,0.62,0.56,0.4,0.4,32.5
448,R3_S05,random_short_3link,3S05,3,4,short,30.0,120.0,0.163,0.082,0.123,163,82,123,0.4,0.62,0.56,0.4,0.4,35.0
449,R3_S05,random_short_3link,3S05,3,4,short,30.0,120.0,0.163,0.082,0.123,163,82,123,0.4,0.62,0.56,0.4,0.4,37.5
450,R3_S05,random_short_3link,3S05,3,4,short,30.0,120.0,0.163,0.082,0.123,163,82,123,0.4,0.62,0.56,0.4,0.4,40.0
451,R3_S05,random_short_3link,3S05,3,4,short,30.0,120.0,0.163,0.082,0.123,163,82,123,0.4,0.62,0.56,0.4,0.4,42.5
452,R3_S05,random_short_3link,3S05,3,4,short,30.0,120.0,0.163,0.082,0.123,163,82,123,0.4,0.62,0.56,0.4,0.4,45.0
453,R3_S05,random_short_3link,3S05,3,4,short,30.0,120.0,0.163,0.082,0.123,163,82,123,0.4,0.62,0.56,0.4,0.4,47.5
454,R3_S05,random_short_3link,3S05,3,4,short,30.0,120.0,0.163,0.082,0.123,163,82,123,0.4,0.62,0.56,0.4,0.4,50.0
455,R3_S06,random_short_3link,3S06,3,4,short,30.0,120.0,0.159,0.154,0.109,159,154,109,0.4,0.5,0.51,0.4,0.4,20.0
456,R3_S06,random_short_3link,3S06,3,4,short,30.0,120.0,0.159,0.154,0.109,159,154,109,0.4,0.5,0.51,0.4,0.4,22.5
457,R3_S06,random_short_3link,3S06,3,4,short,30.0,120.0,0.159,0.154,0.109,159,154,109,0.4,0.5,0.51,0.4,0.4,25.0
458,R3_S06,random_short_3link,3S06,3,4,short,30.0,120.0,0.159,0.154,0.109,159,154,109,0.4,0.5,0.51,0.4,0.4,27.5
459,R3_S06,random_short_3link,3S06,3,4,short,30.0,120.0,0.159,0.154,0.109,159,154,109,0.4,0.5,0.51,0.4,0.4,30.0
460,R3_S06,random_short_3link,3S06,3,4,short,30.0,120.0,0.159,0.154,0.109,159,154,109,0.4,0.5,0.51,0.4,0.4,32.5
461,R3_S06,random_short_3link,3S06,3,4,short,30.0,120.0,0.159,0.154,0.109,159,154,109,0.4,0.5,0.51,0.4,0.4,35.0
462,R3_S06,random_short_3link,3S06,3,4,short,30.0,120.0,0.159,0.154,0.109,159,154,109,0.4,0.5,0.51,0.4,0.4,37.5
463,R3_S06,random_short_3link,3S06,3,4,short,30.0,120.0,0.159,0.154,0.109,159,154,109,0.4,0.5,0.51,0.4,0.4,40.0
464,R3_S06,random_short_3link,3S06,3,4,short,30.0,120.0,0.159,0.154,0.109,159,154,109,0.4,0.5,0.51,0.4,0.4,42.5
465,R3_S06,random_short_3link,3S06,3,4,short,30.0,120.0,0.159,0.154,0.109,159,154,109,0.4,0.5,0.51,0.4,0.4,45.0
466,R3_S06,random_short_3link,3S06,3,4,short,30.0,120.0,0.159,0.154,0.109,159,154,109,0.4,0.5,0.51,0.4,0.4,47.5
467,R3_S06,random_short_3link,3S06,3,4,short,30.0,120.0,0.159,0.154,0.109,159,154,109,0.4,0.5,0.51,0.4,0.4,50.0
468,R3_S07,random_short_3link,3S07,3,4,short,30.0,120.0,0.106,0.171,0.133,106,171,133,0.4,0.43,0.59,0.4,0.4,20.0
469,R3_S07,random_short_3link,3S07,3,4,short,30.0,120.0,0.106,0.171,0.133,106,171,133,0.4,0.43,0.59,0.4,0.4,22.5
470,R3_S07,random_short_3link,3S07,3,4,short,30.0,120.0,0.106,0.171,0.133,106,171,133,0.4,0.43,0.59,0.4,0.4,25.0
471,R3_S07,random_short_3link,3S07,3,4,short,30.0,120.0,0.106,0.171,0.133,106,171,133,0.4,0.43,0.59,0.4,0.4,27.5
472,R3_S07,random_short_3link,3S07,3,4,short,30.0,120.0,0.106,0.171,0.133,106,171,133,0.4,0.43,0.59,0.4,0.4,30.0
473,R3_S07,random_short_3link,3S07,3,4,short,30.0,120.0,0.106,0.171,0.133,106,171,133,0.4,0.43,0.59,0.4,0.4,32.5
474,R3_S07,random_short_3link,3S07,3,4,short,30.0,120.0,0.106,0.171,0.133,106,171,133,0.4,0.43,0.59,0.4,0.4,35.0
475,R3_S07,random_short_3link,3S07,3,4,short,30.0,120.0,0.106,0.171,0.133,106,171,133,0.4,0.43,0.59,0.4,0.4,37.5
476,R3_S07,random_short_3link,3S07,3,4,short,30.0,120.0,0.106,0.171,0.133,106,171,133,0.4,0.43,0.59,0.4,0.4,40.0
477,R3_S07,random_short_3link,3S07,3,4,short,30.0,120.0,0.106,0.171,0.133,106,171,133,0.4,0.43,0.59,0.4,0.4,42.5
478,R3_S07,random_short_3link,3S07,3,4,short,30.0,120.0,0.106,0.171,0.133,106,171,133,0.4,0.43,0.59,0.4,0.4,45.0
479,R3_S07,random_short_3link,3S07,3,4,short,30.0,120.0,0.106,0.171,0.133,106,171,133,0.4,0.43,0.59,0.4,0.4,47.5
480,R3_S07,random_short_3link,3S07,3,4,short,30.0,120.0,0.106,0.171,0.133,106,171,133,0.4,0.43,0.59,0.4,0.4,50.0
481,R3_S08,random_short_3link,3S08,3,4,short,30.0,120.0,0.127,0.094,0.133,127,94,133,0.4,0.48,0.63,0.4,0.4,20.0
482,R3_S08,random_short_3link,3S08,3,4,short,30.0,120.0,0.127,0.094,0.133,127,94,133,0.4,0.48,0.63,0.4,0.4,22.5
483,R3_S08,random_short_3link,3S08,3,4,short,30.0,120.0,0.127,0.094,0.133,127,94,133,0.4,0.48,0.63,0.4,0.4,25.0
484,R3_S08,random_short_3link,3S08,3,4,short,30.0,120.0,0.127,0.094,0.133,127,94,133,0.4,0.48,0.63,0.4,0.4,27.5
485,R3_S08,random_short_3link,3S08,3,4,short,30.0,120.0,0.127,0.094,0.133,127,94,133,0.4,0.48,0.63,0.4,0.4,30.0
486,R3_S08,random_short_3link,3S08,3,4,short,30.0,120.0,0.127,0.094,0.133,127,94,133,0.4,0.48,0.63,0.4,0.4,32.5
487,R3_S08,random_short_3link,3S08,3,4,short,30.0,120.0,0.127,0.094,0.133,127,94,133,0.4,0.48,0.63,0.4,0.4,35.0
488,R3_S08,random_short_3link,3S08,3,4,short,30.0,120.0,0.127,0.094,0.133,127,94,133,0.4,0.48,0.63,0.4,0.4,37.5
489,R3_S08,random_short_3link,3S08,3,4,short,30.0,120.0,0.127,0.094,0.133,127,94,133,0.4,0.48,0.63,0.4,0.4,40.0
490,R3_S08,random_short_3link,3S08,3,4,short,30.0,120.0,0.127,0.094,0.133,127,94,133,0.4,0.48,0.63,0.4,0.4,42.5
491,R3_S08,random_short_3link,3S08,3,4,short,30.0,120.0,0.127,0.094,0.133,127,94,133,0.4,0.48,0.63,0.4,0.4,45.0
492,R3_S08,random_short_3link,3S08,3,4,short,30.0,120.0,0.127,0.094,0.133,127,94,133,0.4,0.48,0.63,0.4,0.4,47.5
493,R3_S08,random_short_3link,3S08,3,4,short,30.0,120.0,0.127,0.094,0.133,127,94,133,0.4,0.48,0.63,0.4,0.4,50.0
494,R3_S09,random_short_3link,3S09,3,4,short,30.0,120.0,0.199,0.118,0.194,199,118,194,0.4,0.51,0.62,0.4,0.4,20.0
495,R3_S09,random_short_3link,3S09,3,4,short,30.0,120.0,0.199,0.118,0.194,199,118,194,0.4,0.51,0.62,0.4,0.4,22.5
496,R3_S09,random_short_3link,3S09,3,4,short,30.0,120.0,0.199,0.118,0.194,199,118,194,0.4,0.51,0.62,0.4,0.4,25.0
497,R3_S09,random_short_3link,3S09,3,4,short,30.0,120.0,0.199,0.118,0.194,199,118,194,0.4,0.51,0.62,0.4,0.4,27.5
498,R3_S09,random_short_3link,3S09,3,4,short,30.0,120.0,0.199,0.118,0.194,199,118,194,0.4,0.51,0.62,0.4,0.4,30.0
499,R3_S09,random_short_3link,3S09,3,4,short,30.0,120.0,0.199,0.118,0.194,199,118,194,0.4,0.51,0.62,0.4,0.4,32.5
500,R3_S09,random_short_3link,3S09,3,4,short,30.0,120.0,0.199,0.118,0.194,199,118,194,0.4,0.51,0.62,0.4,0.4,35.0
501,R3_S09,random_short_3link,3S09,3,4,short,30.0,120.0,0.199,0.118,0.194,199,118,194,0.4,0.51,0.62,0.4,0.4,37.5
502,R3_S09,random_short_3link,3S09,3,4,short,30.0,120.0,0.199,0.118,0.194,199,118,194,0.4,0.51,0.62,0.4,0.4,40.0
503,R3_S09,random_short_3link,3S09,3,4,short,30.0,120.0,0.199,0.118,0.194,199,118,194,0.4,0.51,0.62,0.4,0.4,42.5
504,R3_S09,random_short_3link,3S09,3,4,short,30.0,120.0,0.199,0.118,0.194,199,118,194,0.4,0.51,0.62,0.4,0.4,45.0
505,R3_S09,random_short_3link,3S09,3,4,short,30.0,120.0,0.199,0.118,0.194,199,118,194,0.4,0.51,0.62,0.4,0.4,47.5
506,R3_S09,random_short_3link,3S09,3,4,short,30.0,120.0,0.199,0.118,0.194,199,118,194,0.4,0.51,0.62,0.4,0.4,50.0
507,R3_S10,random_short_3link,3S10,3,4,short,30.0,120.0,0.081,0.115,0.092,81,115,92,0.4,0.54,0.43,0.4,0.4,20.0
508,R3_S10,random_short_3link,3S10,3,4,short,30.0,120.0,0.081,0.115,0.092,81,115,92,0.4,0.54,0.43,0.4,0.4,22.5
509,R3_S10,random_short_3link,3S10,3,4,short,30.0,120.0,0.081,0.115,0.092,81,115,92,0.4,0.54,0.43,0.4,0.4,25.0
510,R3_S10,random_short_3link,3S10,3,4,short,30.0,120.0,0.081,0.115,0.092,81,115,92,0.4,0.54,0.43,0.4,0.4,27.5
511,R3_S10,random_short_3link,3S10,3,4,short,30.0,120.0,0.081,0.115,0.092,81,115,92,0.4,0.54,0.43,0.4,0.4,30.0
512,R3_S10,random_short_3link,3S10,3,4,short,30.0,120.0,0.081,0.115,0.092,81,115,92,0.4,0.54,0.43,0.4,0.4,32.5
513,R3_S10,random_short_3link,3S10,3,4,short,30.0,120.0,0.081,0.115,0.092,81,115,92,0.4,0.54,0.43,0.4,0.4,35.0
514,R3_S10,random_short_3link,3S10,3,4,short,30.0,120.0,0.081,0.115,0.092,81,115,92,0.4,0.54,0.43,0.4,0.4,37.5
515,R3_S10,random_short_3link,3S10,3,4,short,30.0,120.0,0.081,0.115,0.092,81,115,92,0.4,0.54,0.43,0.4,0.4,40.0
516,R3_S10,random_short_3link,3S10,3,4,short,30.0,120.0,0.081,0.115,0.092,81,115,92,0.4,0.54,0.43,0.4,0.4,42.5
517,R3_S10,random_short_3link,3S10,3,4,short,30.0,120.0,0.081,0.115,0.092,81,115,92,0.4,0.54,0.43,0.4,0.4,45.0
518,R3_S10,random_short_3link,3S10,3,4,short,30.0,120.0,0.081,0.115,0.092,81,115,92,0.4,0.54,0.43,0.4,0.4,47.5
519,R3_S10,random_short_3link,3S10,3,4,short,30.0,120.0,0.081,0.115,0.092,81,115,92,0.4,0.54,0.43,0.4,0.4,50.0
520,R3_M01,random_medium_3link,3M01,3,4,medium,30.0,120.0,0.346,0.205,0.16,346,205,160,0.4,0.65,0.66,0.4,0.4,20.0
521,R3_M01,random_medium_3link,3M01,3,4,medium,30.0,120.0,0.346,0.205,0.16,346,205,160,0.4,0.65,0.66,0.4,0.4,22.5
522,R3_M01,random_medium_3link,3M01,3,4,medium,30.0,120.0,0.346,0.205,0.16,346,205,160,0.4,0.65,0.66,0.4,0.4,25.0
523,R3_M01,random_medium_3link,3M01,3,4,medium,30.0,120.0,0.346,0.205,0.16,346,205,160,0.4,0.65,0.66,0.4,0.4,27.5
524,R3_M01,random_medium_3link,3M01,3,4,medium,30.0,120.0,0.346,0.205,0.16,346,205,160,0.4,0.65,0.66,0.4,0.4,30.0
525,R3_M01,random_medium_3link,3M01,3,4,medium,30.0,120.0,0.346,0.205,0.16,346,205,160,0.4,0.65,0.66,0.4,0.4,32.5
526,R3_M01,random_medium_3link,3M01,3,4,medium,30.0,120.0,0.346,0.205,0.16,346,205,160,0.4,0.65,0.66,0.4,0.4,35.0
527,R3_M01,random_medium_3link,3M01,3,4,medium,30.0,120.0,0.346,0.205,0.16,346,205,160,0.4,0.65,0.66,0.4,0.4,37.5
528,R3_M01,random_medium_3link,3M01,3,4,medium,30.0,120.0,0.346,0.205,0.16,346,205,160,0.4,0.65,0.66,0.4,0.4,40.0
529,R3_M01,random_medium_3link,3M01,3,4,medium,30.0,120.0,0.346,0.205,0.16,346,205,160,0.4,0.65,0.66,0.4,0.4,42.5
530,R3_M01,random_medium_3link,3M01,3,4,medium,30.0,120.0,0.346,0.205,0.16,346,205,160,0.4,0.65,0.66,0.4,0.4,45.0
531,R3_M01,random_medium_3link,3M01,3,4,medium,30.0,120.0,0.346,0.205,0.16,346,205,160,0.4,0.65,0.66,0.4,0.4,47.5
532,R3_M01,random_medium_3link,3M01,3,4,medium,30.0,120.0,0.346,0.205,0.16,346,205,160,0.4,0.65,0.66,0.4,0.4,50.0
533,R3_M02,random_medium_3link,3M02,3,4,medium,30.0,120.0,0.332,0.156,0.371,332,156,371,0.4,0.65,0.41,0.4,0.4,20.0
534,R3_M02,random_medium_3link,3M02,3,4,medium,30.0,120.0,0.332,0.156,0.371,332,156,371,0.4,0.65,0.41,0.4,0.4,22.5
535,R3_M02,random_medium_3link,3M02,3,4,medium,30.0,120.0,0.332,0.156,0.371,332,156,371,0.4,0.65,0.41,0.4,0.4,25.0
536,R3_M02,random_medium_3link,3M02,3,4,medium,30.0,120.0,0.332,0.156,0.371,332,156,371,0.4,0.65,0.41,0.4,0.4,27.5
537,R3_M02,random_medium_3link,3M02,3,4,medium,30.0,120.0,0.332,0.156,0.371,332,156,371,0.4,0.65,0.41,0.4,0.4,30.0
538,R3_M02,random_medium_3link,3M02,3,4,medium,30.0,120.0,0.332,0.156,0.371,332,156,371,0.4,0.65,0.41,0.4,0.4,32.5
539,R3_M02,random_medium_3link,3M02,3,4,medium,30.0,120.0,0.332,0.156,0.371,332,156,371,0.4,0.65,0.41,0.4,0.4,35.0
540,R3_M02,random_medium_3link,3M02,3,4,medium,30.0,120.0,0.332,0.156,0.371,332,156,371,0.4,0.65,0.41,0.4,0.4,37.5
541,R3_M02,random_medium_3link,3M02,3,4,medium,30.0,120.0,0.332,0.156,0.371,332,156,371,0.4,0.65,0.41,0.4,0.4,40.0
542,R3_M02,random_medium_3link,3M02,3,4,medium,30.0,120.0,0.332,0.156,0.371,332,156,371,0.4,0.65,0.41,0.4,0.4,42.5
543,R3_M02,random_medium_3link,3M02,3,4,medium,30.0,120.0,0.332,0.156,0.371,332,156,371,0.4,0.65,0.41,0.4,0.4,45.0
544,R3_M02,random_medium_3link,3M02,3,4,medium,30.0,120.0,0.332,0.156,0.371,332,156,371,0.4,0.65,0.41,0.4,0.4,47.5
545,R3_M02,random_medium_3link,3M02,3,4,medium,30.0,120.0,0.332,0.156,0.371,332,156,371,0.4,0.65,0.41,0.4,0.4,50.0
546,R3_M03,random_medium_3link,3M03,3,4,medium,30.0,120.0,0.127,0.37,0.229,127,370,229,0.4,0.57,0.53,0.4,0.4,20.0
547,R3_M03,random_medium_3link,3M03,3,4,medium,30.0,120.0,0.127,0.37,0.229,127,370,229,0.4,0.57,0.53,0.4,0.4,22.5
548,R3_M03,random_medium_3link,3M03,3,4,medium,30.0,120.0,0.127,0.37,0.229,127,370,229,0.4,0.57,0.53,0.4,0.4,25.0
549,R3_M03,random_medium_3link,3M03,3,4,medium,30.0,120.0,0.127,0.37,0.229,127,370,229,0.4,0.57,0.53,0.4,0.4,27.5
550,R3_M03,random_medium_3link,3M03,3,4,medium,30.0,120.0,0.127,0.37,0.229,127,370,229,0.4,0.57,0.53,0.4,0.4,30.0
551,R3_M03,random_medium_3link,3M03,3,4,medium,30.0,120.0,0.127,0.37,0.229,127,370,229,0.4,0.57,0.53,0.4,0.4,32.5
552,R3_M03,random_medium_3link,3M03,3,4,medium,30.0,120.0,0.127,0.37,0.229,127,370,229,0.4,0.57,0.53,0.4,0.4,35.0
553,R3_M03,random_medium_3link,3M03,3,4,medium,30.0,120.0,0.127,0.37,0.229,127,370,229,0.4,0.57,0.53,0.4,0.4,37.5
554,R3_M03,random_medium_3link,3M03,3,4,medium,30.0,120.0,0.127,0.37,0.229,127,370,229,0.4,0.57,0.53,0.4,0.4,40.0
555,R3_M03,random_medium_3link,3M03,3,4,medium,30.0,120.0,0.127,0.37,0.229,127,370,229,0.4,0.57,0.53,0.4,0.4,42.5
556,R3_M03,random_medium_3link,3M03,3,4,medium,30.0,120.0,0.127,0.37,0.229,127,370,229,0.4,0.57,0.53,0.4,0.4,45.0
557,R3_M03,random_medium_3link,3M03,3,4,medium,30.0,120.0,0.127,0.37,0.229,127,370,229,0.4,0.57,0.53,0.4,0.4,47.5
558,R3_M03,random_medium_3link,3M03,3,4,medium,30.0,120.0,0.127,0.37,0.229,127,370,229,0.4,0.57,0.53,0.4,0.4,50.0
559,R3_M04,random_medium_3link,3M04,3,4,medium,30.0,120.0,0.199,0.337,0.144,199,337,144,0.4,0.59,0.57,0.4,0.4,20.0
560,R3_M04,random_medium_3link,3M04,3,4,medium,30.0,120.0,0.199,0.337,0.144,199,337,144,0.4,0.59,0.57,0.4,0.4,22.5
561,R3_M04,random_medium_3link,3M04,3,4,medium,30.0,120.0,0.199,0.337,0.144,199,337,144,0.4,0.59,0.57,0.4,0.4,25.0
562,R3_M04,random_medium_3link,3M04,3,4,medium,30.0,120.0,0.199,0.337,0.144,199,337,144,0.4,0.59,0.57,0.4,0.4,27.5
563,R3_M04,random_medium_3link,3M04,3,4,medium,30.0,120.0,0.199,0.337,0.144,199,337,144,0.4,0.59,0.57,0.4,0.4,30.0
564,R3_M04,random_medium_3link,3M04,3,4,medium,30.0,120.0,0.199,0.337,0.144,199,337,144,0.4,0.59,0.57,0.4,0.4,32.5
565,R3_M04,random_medium_3link,3M04,3,4,medium,30.0,120.0,0.199,0.337,0.144,199,337,144,0.4,0.59,0.57,0.4,0.4,35.0
566,R3_M04,random_medium_3link,3M04,3,4,medium,30.0,120.0,0.199,0.337,0.144,199,337,144,0.4,0.59,0.57,0.4,0.4,37.5
567,R3_M04,random_medium_3link,3M04,3,4,medium,30.0,120.0,0.199,0.337,0.144,199,337,144,0.4,0.59,0.57,0.4,0.4,40.0
568,R3_M04,random_medium_3link,3M04,3,4,medium,30.0,120.0,0.199,0.337,0.144,199,337,144,0.4,0.59,0.57,0.4,0.4,42.5
569,R3_M04,random_medium_3link,3M04,3,4,medium,30.0,120.0,0.199,0.337,0.144,199,337,144,0.4,0.59,0.57,0.4,0.4,45.0
570,R3_M04,random_medium_3link,3M04,3,4,medium,30.0,120.0,0.199,0.337,0.144,199,337,144,0.4,0.59,0.57,0.4,0.4,47.5
571,R3_M04,random_medium_3link,3M04,3,4,medium,30.0,120.0,0.199,0.337,0.144,199,337,144,0.4,0.59,0.57,0.4,0.4,50.0
572,R3_M05,random_medium_3link,3M05,3,4,medium,30.0,120.0,0.237,0.141,0.365,237,141,365,0.4,0.68,0.47,0.4,0.4,20.0
573,R3_M05,random_medium_3link,3M05,3,4,medium,30.0,120.0,0.237,0.141,0.365,237,141,365,0.4,0.68,0.47,0.4,0.4,22.5
574,R3_M05,random_medium_3link,3M05,3,4,medium,30.0,120.0,0.237,0.141,0.365,237,141,365,0.4,0.68,0.47,0.4,0.4,25.0
575,R3_M05,random_medium_3link,3M05,3,4,medium,30.0,120.0,0.237,0.141,0.365,237,141,365,0.4,0.68,0.47,0.4,0.4,27.5
576,R3_M05,random_medium_3link,3M05,3,4,medium,30.0,120.0,0.237,0.141,0.365,237,141,365,0.4,0.68,0.47,0.4,0.4,30.0
577,R3_M05,random_medium_3link,3M05,3,4,medium,30.0,120.0,0.237,0.141,0.365,237,141,365,0.4,0.68,0.47,0.4,0.4,32.5
578,R3_M05,random_medium_3link,3M05,3,4,medium,30.0,120.0,0.237,0.141,0.365,237,141,365,0.4,0.68,0.47,0.4,0.4,35.0
579,R3_M05,random_medium_3link,3M05,3,4,medium,30.0,120.0,0.237,0.141,0.365,237,141,365,0.4,0.68,0.47,0.4,0.4,37.5
580,R3_M05,random_medium_3link,3M05,3,4,medium,30.0,120.0,0.237,0.141,0.365,237,141,365,0.4,0.68,0.47,0.4,0.4,40.0
581,R3_M05,random_medium_3link,3M05,3,4,medium,30.0,120.0,0.237,0.141,0.365,237,141,365,0.4,0.68,0.47,0.4,0.4,42.5
582,R3_M05,random_medium_3link,3M05,3,4,medium,30.0,120.0,0.237,0.141,0.365,237,141,365,0.4,0.68,0.47,0.4,0.4,45.0
583,R3_M05,random_medium_3link,3M05,3,4,medium,30.0,120.0,0.237,0.141,0.365,237,141,365,0.4,0.68,0.47,0.4,0.4,47.5
584,R3_M05,random_medium_3link,3M05,3,4,medium,30.0,120.0,0.237,0.141,0.365,237,141,365,0.4,0.68,0.47,0.4,0.4,50.0
585,R3_M06,random_medium_3link,3M06,3,4,medium,30.0,120.0,0.271,0.226,0.358,271,226,358,0.4,0.46,0.69,0.4,0.4,20.0
586,R3_M06,random_medium_3link,3M06,3,4,medium,30.0,120.0,0.271,0.226,0.358,271,226,358,0.4,0.46,0.69,0.4,0.4,22.5
587,R3_M06,random_medium_3link,3M06,3,4,medium,30.0,120.0,0.271,0.226,0.358,271,226,358,0.4,0.46,0.69,0.4,0.4,25.0
588,R3_M06,random_medium_3link,3M06,3,4,medium,30.0,120.0,0.271,0.226,0.358,271,226,358,0.4,0.46,0.69,0.4,0.4,27.5
589,R3_M06,random_medium_3link,3M06,3,4,medium,30.0,120.0,0.271,0.226,0.358,271,226,358,0.4,0.46,0.69,0.4,0.4,30.0
590,R3_M06,random_medium_3link,3M06,3,4,medium,30.0,120.0,0.271,0.226,0.358,271,226,358,0.4,0.46,0.69,0.4,0.4,32.5
591,R3_M06,random_medium_3link,3M06,3,4,medium,30.0,120.0,0.271,0.226,0.358,271,226,358,0.4,0.46,0.69,0.4,0.4,35.0
592,R3_M06,random_medium_3link,3M06,3,4,medium,30.0,120.0,0.271,0.226,0.358,271,226,358,0.4,0.46,0.69,0.4,0.4,37.5
593,R3_M06,random_medium_3link,3M06,3,4,medium,30.0,120.0,0.271,0.226,0.358,271,226,358,0.4,0.46,0.69,0.4,0.4,40.0
594,R3_M06,random_medium_3link,3M06,3,4,medium,30.0,120.0,0.271,0.226,0.358,271,226,358,0.4,0.46,0.69,0.4,0.4,42.5
595,R3_M06,random_medium_3link,3M06,3,4,medium,30.0,120.0,0.271,0.226,0.358,271,226,358,0.4,0.46,0.69,0.4,0.4,45.0
596,R3_M06,random_medium_3link,3M06,3,4,medium,30.0,120.0,0.271,0.226,0.358,271,226,358,0.4,0.46,0.69,0.4,0.4,47.5
597,R3_M06,random_medium_3link,3M06,3,4,medium,30.0,120.0,0.271,0.226,0.358,271,226,358,0.4,0.46,0.69,0.4,0.4,50.0
598,R3_M07,random_medium_3link,3M07,3,4,medium,30.0,120.0,0.393,0.17,0.101,393,170,101,0.4,0.47,0.59,0.4,0.4,20.0
599,R3_M07,random_medium_3link,3M07,3,4,medium,30.0,120.0,0.393,0.17,0.101,393,170,101,0.4,0.47,0.59,0.4,0.4,22.5
600,R3_M07,random_medium_3link,3M07,3,4,medium,30.0,120.0,0.393,0.17,0.101,393,170,101,0.4,0.47,0.59,0.4,0.4,25.0
601,R3_M07,random_medium_3link,3M07,3,4,medium,30.0,120.0,0.393,0.17,0.101,393,170,101,0.4,0.47,0.59,0.4,0.4,27.5
602,R3_M07,random_medium_3link,3M07,3,4,medium,30.0,120.0,0.393,0.17,0.101,393,170,101,0.4,0.47,0.59,0.4,0.4,30.0
603,R3_M07,random_medium_3link,3M07,3,4,medium,30.0,120.0,0.393,0.17,0.101,393,170,101,0.4,0.47,0.59,0.4,0.4,32.5
604,R3_M07,random_medium_3link,3M07,3,4,medium,30.0,120.0,0.393,0.17,0.101,393,170,101,0.4,0.47,0.59,0.4,0.4,35.0
605,R3_M07,random_medium_3link,3M07,3,4,medium,30.0,120.0,0.393,0.17,0.101,393,170,101,0.4,0.47,0.59,0.4,0.4,37.5
606,R3_M07,random_medium_3link,3M07,3,4,medium,30.0,120.0,0.393,0.17,0.101,393,170,101,0.4,0.47,0.59,0.4,0.4,40.0
607,R3_M07,random_medium_3link,3M07,3,4,medium,30.0,120.0,0.393,0.17,0.101,393,170,101,0.4,0.47,0.59,0.4,0.4,42.5
608,R3_M07,random_medium_3link,3M07,3,4,medium,30.0,120.0,0.393,0.17,0.101,393,170,101,0.4,0.47,0.59,0.4,0.4,45.0
609,R3_M07,random_medium_3link,3M07,3,4,medium,30.0,120.0,0.393,0.17,0.101,393,170,101,0.4,0.47,0.59,0.4,0.4,47.5
610,R3_M07,random_medium_3link,3M07,3,4,medium,30.0,120.0,0.393,0.17,0.101,393,170,101,0.4,0.47,0.59,0.4,0.4,50.0
611,R3_M08,random_medium_3link,3M08,3,4,medium,30.0,120.0,0.231,0.35,0.107,231,350,107,0.4,0.66,0.6,0.4,0.4,20.0
612,R3_M08,random_medium_3link,3M08,3,4,medium,30.0,120.0,0.231,0.35,0.107,231,350,107,0.4,0.66,0.6,0.4,0.4,22.5
613,R3_M08,random_medium_3link,3M08,3,4,medium,30.0,120.0,0.231,0.35,0.107,231,350,107,0.4,0.66,0.6,0.4,0.4,25.0
614,R3_M08,random_medium_3link,3M08,3,4,medium,30.0,120.0,0.231,0.35,0.107,231,350,107,0.4,0.66,0.6,0.4,0.4,27.5
615,R3_M08,random_medium_3link,3M08,3,4,medium,30.0,120.0,0.231,0.35,0.107,231,350,107,0.4,0.66,0.6,0.4,0.4,30.0
616,R3_M08,random_medium_3link,3M08,3,4,medium,30.0,120.0,0.231,0.35,0.107,231,350,107,0.4,0.66,0.6,0.4,0.4,32.5
617,R3_M08,random_medium_3link,3M08,3,4,medium,30.0,120.0,0.231,0.35,0.107,231,350,107,0.4,0.66,0.6,0.4,0.4,35.0
618,R3_M08,random_medium_3link,3M08,3,4,medium,30.0,120.0,0.231,0.35,0.107,231,350,107,0.4,0.66,0.6,0.4,0.4,37.5
619,R3_M08,random_medium_3link,3M08,3,4,medium,30.0,120.0,0.231,0.35,0.107,231,350,107,0.4,0.66,0.6,0.4,0.4,40.0
620,R3_M08,random_medium_3link,3M08,3,4,medium,30.0,120.0,0.231,0.35,0.107,231,350,107,0.4,0.66,0.6,0.4,0.4,42.5
621,R3_M08,random_medium_3link,3M08,3,4,medium,30.0,120.0,0.231,0.35,0.107,231,350,107,0.4,0.66,0.6,0.4,0.4,45.0
622,R3_M08,random_medium_3link,3M08,3,4,medium,30.0,120.0,0.231,0.35,0.107,231,350,107,0.4,0.66,0.6,0.4,0.4,47.5
623,R3_M08,random_medium_3link,3M08,3,4,medium,30.0,120.0,0.231,0.35,0.107,231,350,107,0.4,0.66,0.6,0.4,0.4,50.0
624,R3_M09,random_medium_3link,3M09,3,4,medium,30.0,120.0,0.12,0.291,0.312,120,291,312,0.4,0.68,0.47,0.4,0.4,20.0
625,R3_M09,random_medium_3link,3M09,3,4,medium,30.0,120.0,0.12,0.291,0.312,120,291,312,0.4,0.68,0.47,0.4,0.4,22.5
626,R3_M09,random_medium_3link,3M09,3,4,medium,30.0,120.0,0.12,0.291,0.312,120,291,312,0.4,0.68,0.47,0.4,0.4,25.0
627,R3_M09,random_medium_3link,3M09,3,4,medium,30.0,120.0,0.12,0.291,0.312,120,291,312,0.4,0.68,0.47,0.4,0.4,27.5
628,R3_M09,random_medium_3link,3M09,3,4,medium,30.0,120.0,0.12,0.291,0.312,120,291,312,0.4,0.68,0.47,0.4,0.4,30.0
629,R3_M09,random_medium_3link,3M09,3,4,medium,30.0,120.0,0.12,0.291,0.312,120,291,312,0.4,0.68,0.47,0.4,0.4,32.5
630,R3_M09,random_medium_3link,3M09,3,4,medium,30.0,120.0,0.12,0.291,0.312,120,291,312,0.4,0.68,0.47,0.4,0.4,35.0
631,R3_M09,random_medium_3link,3M09,3,4,medium,30.0,120.0,0.12,0.291,0.312,120,291,312,0.4,0.68,0.47,0.4,0.4,37.5
632,R3_M09,random_medium_3link,3M09,3,4,medium,30.0,120.0,0.12,0.291,0.312,120,291,312,0.4,0.68,0.47,0.4,0.4,40.0
633,R3_M09,random_medium_3link,3M09,3,4,medium,30.0,120.0,0.12,0.291,0.312,120,291,312,0.4,0.68,0.47,0.4,0.4,42.5
634,R3_M09,random_medium_3link,3M09,3,4,medium,30.0,120.0,0.12,0.291,0.312,120,291,312,0.4,0.68,0.47,0.4,0.4,45.0
635,R3_M09,random_medium_3link,3M09,3,4,medium,30.0,120.0,0.12,0.291,0.312,120,291,312,0.4,0.68,0.47,0.4,0.4,47.5
636,R3_M09,random_medium_3link,3M09,3,4,medium,30.0,120.0,0.12,0.291,0.312,120,291,312,0.4,0.68,0.47,0.4,0.4,50.0
637,R3_M10,random_medium_3link,3M10,3,4,medium,30.0,120.0,0.176,0.172,0.156,176,172,156,0.4,0.41,0.52,0.4,0.4,20.0
638,R3_M10,random_medium_3link,3M10,3,4,medium,30.0,120.0,0.176,0.172,0.156,176,172,156,0.4,0.41,0.52,0.4,0.4,22.5
639,R3_M10,random_medium_3link,3M10,3,4,medium,30.0,120.0,0.176,0.172,0.156,176,172,156,0.4,0.41,0.52,0.4,0.4,25.0
640,R3_M10,random_medium_3link,3M10,3,4,medium,30.0,120.0,0.176,0.172,0.156,176,172,156,0.4,0.41,0.52,0.4,0.4,27.5
641,R3_M10,random_medium_3link,3M10,3,4,medium,30.0,120.0,0.176,0.172,0.156,176,172,156,0.4,0.41,0.52,0.4,0.4,30.0
642,R3_M10,random_medium_3link,3M10,3,4,medium,30.0,120.0,0.176,0.172,0.156,176,172,156,0.4,0.41,0.52,0.4,0.4,32.5
643,R3_M10,random_medium_3link,3M10,3,4,medium,30.0,120.0,0.176,0.172,0.156,176,172,156,0.4,0.41,0.52,0.4,0.4,35.0
644,R3_M10,random_medium_3link,3M10,3,4,medium,30.0,120.0,0.176,0.172,0.156,176,172,156,0.4,0.41,0.52,0.4,0.4,37.5
645,R3_M10,random_medium_3link,3M10,3,4,medium,30.0,120.0,0.176,0.172,0.156,176,172,156,0.4,0.41,0.52,0.4,0.4,40.0
646,R3_M10,random_medium_3link,3M10,3,4,medium,30.0,120.0,0.176,0.172,0.156,176,172,156,0.4,0.41,0.52,0.4,0.4,42.5
647,R3_M10,random_medium_3link,3M10,3,4,medium,30.0,120.0,0.176,0.172,0.156,176,172,156,0.4,0.41,0.52,0.4,0.4,45.0
648,R3_M10,random_medium_3link,3M10,3,4,medium,30.0,120.0,0.176,0.172,0.156,176,172,156,0.4,0.41,0.52,0.4,0.4,47.5
649,R3_M10,random_medium_3link,3M10,3,4,medium,30.0,120.0,0.176,0.172,0.156,176,172,156,0.4,0.41,0.52,0.4,0.4,50.0
650,R3_L01,random_long_3link,3L01,3,4,long,30.0,120.0,0.595,0.592,0.474,595,592,474,0.4,0.62,0.7,0.4,0.4,20.0
651,R3_L01,random_long_3link,3L01,3,4,long,30.0,120.0,0.595,0.592,0.474,595,592,474,0.4,0.62,0.7,0.4,0.4,22.5
652,R3_L01,random_long_3link,3L01,3,4,long,30.0,120.0,0.595,0.592,0.474,595,592,474,0.4,0.62,0.7,0.4,0.4,25.0
653,R3_L01,random_long_3link,3L01,3,4,long,30.0,120.0,0.595,0.592,0.474,595,592,474,0.4,0.62,0.7,0.4,0.4,27.5
654,R3_L01,random_long_3link,3L01,3,4,long,30.0,120.0,0.595,0.592,0.474,595,592,474,0.4,0.62,0.7,0.4,0.4,30.0
655,R3_L01,random_long_3link,3L01,3,4,long,30.0,120.0,0.595,0.592,0.474,595,592,474,0.4,0.62,0.7,0.4,0.4,32.5
656,R3_L01,random_long_3link,3L01,3,4,long,30.0,120.0,0.595,0.592,0.474,595,592,474,0.4,0.62,0.7,0.4,0.4,35.0
657,R3_L01,random_long_3link,3L01,3,4,long,30.0,120.0,0.595,0.592,0.474,595,592,474,0.4,0.62,0.7,0.4,0.4,37.5
658,R3_L01,random_long_3link,3L01,3,4,long,30.0,120.0,0.595,0.592,0.474,595,592,474,0.4,0.62,0.7,0.4,0.4,40.0
659,R3_L01,random_long_3link,3L01,3,4,long,30.0,120.0,0.595,0.592,0.474,595,592,474,0.4,0.62,0.7,0.4,0.4,42.5
660,R3_L01,random_long_3link,3L01,3,4,long,30.0,120.0,0.595,0.592,0.474,595,592,474,0.4,0.62,0.7,0.4,0.4,45.0
661,R3_L01,random_long_3link,3L01,3,4,long,30.0,120.0,0.595,0.592,0.474,595,592,474,0.4,0.62,0.7,0.4,0.4,47.5
662,R3_L01,random_long_3link,3L01,3,4,long,30.0,120.0,0.595,0.592,0.474,595,592,474,0.4,0.62,0.7,0.4,0.4,50.0
663,R3_L02,random_long_3link,3L02,3,4,long,30.0,120.0,0.306,0.591,0.244,306,591,244,0.4,0.44,0.65,0.4,0.4,20.0
664,R3_L02,random_long_3link,3L02,3,4,long,30.0,120.0,0.306,0.591,0.244,306,591,244,0.4,0.44,0.65,0.4,0.4,22.5
665,R3_L02,random_long_3link,3L02,3,4,long,30.0,120.0,0.306,0.591,0.244,306,591,244,0.4,0.44,0.65,0.4,0.4,25.0
666,R3_L02,random_long_3link,3L02,3,4,long,30.0,120.0,0.306,0.591,0.244,306,591,244,0.4,0.44,0.65,0.4,0.4,27.5
667,R3_L02,random_long_3link,3L02,3,4,long,30.0,120.0,0.306,0.591,0.244,306,591,244,0.4,0.44,0.65,0.4,0.4,30.0
668,R3_L02,random_long_3link,3L02,3,4,long,30.0,120.0,0.306,0.591,0.244,306,591,244,0.4,0.44,0.65,0.4,0.4,32.5
669,R3_L02,random_long_3link,3L02,3,4,long,30.0,120.0,0.306,0.591,0.244,306,591,244,0.4,0.44,0.65,0.4,0.4,35.0
670,R3_L02,random_long_3link,3L02,3,4,long,30.0,120.0,0.306,0.591,0.244,306,591,244,0.4,0.44,0.65,0.4,0.4,37.5
671,R3_L02,random_long_3link,3L02,3,4,long,30.0,120.0,0.306,0.591,0.244,306,591,244,0.4,0.44,0.65,0.4,0.4,40.0
672,R3_L02,random_long_3link,3L02,3,4,long,30.0,120.0,0.306,0.591,0.244,306,591,244,0.4,0.44,0.65,0.4,0.4,42.5
673,R3_L02,random_long_3link,3L02,3,4,long,30.0,120.0,0.306,0.591,0.244,306,591,244,0.4,0.44,0.65,0.4,0.4,45.0
674,R3_L02,random_long_3link,3L02,3,4,long,30.0,120.0,0.306,0.591,0.244,306,591,244,0.4,0.44,0.65,0.4,0.4,47.5
675,R3_L02,random_long_3link,3L02,3,4,long,30.0,120.0,0.306,0.591,0.244,306,591,244,0.4,0.44,0.65,0.4,0.4,50.0
676,R3_L03,random_long_3link,3L03,3,4,long,30.0,120.0,0.314,0.363,0.271,314,363,271,0.4,0.62,0.67,0.4,0.4,20.0
677,R3_L03,random_long_3link,3L03,3,4,long,30.0,120.0,0.314,0.363,0.271,314,363,271,0.4,0.62,0.67,0.4,0.4,22.5
678,R3_L03,random_long_3link,3L03,3,4,long,30.0,120.0,0.314,0.363,0.271,314,363,271,0.4,0.62,0.67,0.4,0.4,25.0
679,R3_L03,random_long_3link,3L03,3,4,long,30.0,120.0,0.314,0.363,0.271,314,363,271,0.4,0.62,0.67,0.4,0.4,27.5
680,R3_L03,random_long_3link,3L03,3,4,long,30.0,120.0,0.314,0.363,0.271,314,363,271,0.4,0.62,0.67,0.4,0.4,30.0
681,R3_L03,random_long_3link,3L03,3,4,long,30.0,120.0,0.314,0.363,0.271,314,363,271,0.4,0.62,0.67,0.4,0.4,32.5
682,R3_L03,random_long_3link,3L03,3,4,long,30.0,120.0,0.314,0.363,0.271,314,363,271,0.4,0.62,0.67,0.4,0.4,35.0
683,R3_L03,random_long_3link,3L03,3,4,long,30.0,120.0,0.314,0.363,0.271,314,363,271,0.4,0.62,0.67,0.4,0.4,37.5
684,R3_L03,random_long_3link,3L03,3,4,long,30.0,120.0,0.314,0.363,0.271,314,363,271,0.4,0.62,0.67,0.4,0.4,40.0
685,R3_L03,random_long_3link,3L03,3,4,long,30.0,120.0,0.314,0.363,0.271,314,363,271,0.4,0.62,0.67,0.4,0.4,42.5
686,R3_L03,random_long_3link,3L03,3,4,long,30.0,120.0,0.314,0.363,0.271,314,363,271,0.4,0.62,0.67,0.4,0.4,45.0
687,R3_L03,random_long_3link,3L03,3,4,long,30.0,120.0,0.314,0.363,0.271,314,363,271,0.4,0.62,0.67,0.4,0.4,47.5
688,R3_L03,random_long_3link,3L03,3,4,long,30.0,120.0,0.314,0.363,0.271,314,363,271,0.4,0.62,0.67,0.4,0.4,50.0
689,R3_L04,random_long_3link,3L04,3,4,long,30.0,120.0,0.42,0.588,0.343,420,588,343,0.4,0.51,0.44,0.4,0.4,20.0
690,R3_L04,random_long_3link,3L04,3,4,long,30.0,120.0,0.42,0.588,0.343,420,588,343,0.4,0.51,0.44,0.4,0.4,22.5
691,R3_L04,random_long_3link,3L04,3,4,long,30.0,120.0,0.42,0.588,0.343,420,588,343,0.4,0.51,0.44,0.4,0.4,25.0
692,R3_L04,random_long_3link,3L04,3,4,long,30.0,120.0,0.42,0.588,0.343,420,588,343,0.4,0.51,0.44,0.4,0.4,27.5
693,R3_L04,random_long_3link,3L04,3,4,long,30.0,120.0,0.42,0.588,0.343,420,588,343,0.4,0.51,0.44,0.4,0.4,30.0
694,R3_L04,random_long_3link,3L04,3,4,long,30.0,120.0,0.42,0.588,0.343,420,588,343,0.4,0.51,0.44,0.4,0.4,32.5
695,R3_L04,random_long_3link,3L04,3,4,long,30.0,120.0,0.42,0.588,0.343,420,588,343,0.4,0.51,0.44,0.4,0.4,35.0
696,R3_L04,random_long_3link,3L04,3,4,long,30.0,120.0,0.42,0.588,0.343,420,588,343,0.4,0.51,0.44,0.4,0.4,37.5
697,R3_L04,random_long_3link,3L04,3,4,long,30.0,120.0,0.42,0.588,0.343,420,588,343,0.4,0.51,0.44,0.4,0.4,40.0
698,R3_L04,random_long_3link,3L04,3,4,long,30.0,120.0,0.42,0.588,0.343,420,588,343,0.4,0.51,0.44,0.4,0.4,42.5
699,R3_L04,random_long_3link,3L04,3,4,long,30.0,120.0,0.42,0.588,0.343,420,588,343,0.4,0.51,0.44,0.4,0.4,45.0
700,R3_L04,random_long_3link,3L04,3,4,long,30.0,120.0,0.42,0.588,0.343,420,588,343,0.4,0.51,0.44,0.4,0.4,47.5
701,R3_L04,random_long_3link,3L04,3,4,long,30.0,120.0,0.42,0.588,0.343,420,588,343,0.4,0.51,0.44,0.4,0.4,50.0
702,R3_L05,random_long_3link,3L05,3,4,long,30.0,120.0,0.398,0.549,0.266,398,549,266,0.4,0.62,0.58,0.4,0.4,20.0
703,R3_L05,random_long_3link,3L05,3,4,long,30.0,120.0,0.398,0.549,0.266,398,549,266,0.4,0.62,0.58,0.4,0.4,22.5
704,R3_L05,random_long_3link,3L05,3,4,long,30.0,120.0,0.398,0.549,0.266,398,549,266,0.4,0.62,0.58,0.4,0.4,25.0
705,R3_L05,random_long_3link,3L05,3,4,long,30.0,120.0,0.398,0.549,0.266,398,549,266,0.4,0.62,0.58,0.4,0.4,27.5
706,R3_L05,random_long_3link,3L05,3,4,long,30.0,120.0,0.398,0.549,0.266,398,549,266,0.4,0.62,0.58,0.4,0.4,30.0
707,R3_L05,random_long_3link,3L05,3,4,long,30.0,120.0,0.398,0.549,0.266,398,549,266,0.4,0.62,0.58,0.4,0.4,32.5
708,R3_L05,random_long_3link,3L05,3,4,long,30.0,120.0,0.398,0.549,0.266,398,549,266,0.4,0.62,0.58,0.4,0.4,35.0
709,R3_L05,random_long_3link,3L05,3,4,long,30.0,120.0,0.398,0.549,0.266,398,549,266,0.4,0.62,0.58,0.4,0.4,37.5
710,R3_L05,random_long_3link,3L05,3,4,long,30.0,120.0,0.398,0.549,0.266,398,549,266,0.4,0.62,0.58,0.4,0.4,40.0
711,R3_L05,random_long_3link,3L05,3,4,long,30.0,120.0,0.398,0.549,0.266,398,549,266,0.4,0.62,0.58,0.4,0.4,42.5
712,R3_L05,random_long_3link,3L05,3,4,long,30.0,120.0,0.398,0.549,0.266,398,549,266,0.4,0.62,0.58,0.4,0.4,45.0
713,R3_L05,random_long_3link,3L05,3,4,long,30.0,120.0,0.398,0.549,0.266,398,549,266,0.4,0.62,0.58,0.4,0.4,47.5
714,R3_L05,random_long_3link,3L05,3,4,long,30.0,120.0,0.398,0.549,0.266,398,549,266,0.4,0.62,0.58,0.4,0.4,50.0
715,R3_L06,random_long_3link,3L06,3,4,long,30.0,120.0,0.571,0.355,0.551,571,355,551,0.4,0.48,0.56,0.4,0.4,20.0
716,R3_L06,random_long_3link,3L06,3,4,long,30.0,120.0,0.571,0.355,0.551,571,355,551,0.4,0.48,0.56,0.4,0.4,22.5
717,R3_L06,random_long_3link,3L06,3,4,long,30.0,120.0,0.571,0.355,0.551,571,355,551,0.4,0.48,0.56,0.4,0.4,25.0
718,R3_L06,random_long_3link,3L06,3,4,long,30.0,120.0,0.571,0.355,0.551,571,355,551,0.4,0.48,0.56,0.4,0.4,27.5
719,R3_L06,random_long_3link,3L06,3,4,long,30.0,120.0,0.571,0.355,0.551,571,355,551,0.4,0.48,0.56,0.4,0.4,30.0
720,R3_L06,random_long_3link,3L06,3,4,long,30.0,120.0,0.571,0.355,0.551,571,355,551,0.4,0.48,0.56,0.4,0.4,32.5
721,R3_L06,random_long_3link,3L06,3,4,long,30.0,120.0,0.571,0.355,0.551,571,355,551,0.4,0.48,0.56,0.4,0.4,35.0
722,R3_L06,random_long_3link,3L06,3,4,long,30.0,120.0,0.571,0.355,0.551,571,355,551,0.4,0.48,0.56,0.4,0.4,37.5
723,R3_L06,random_long_3link,3L06,3,4,long,30.0,120.0,0.571,0.355,0.551,571,355,551,0.4,0.48,0.56,0.4,0.4,40.0
724,R3_L06,random_long_3link,3L06,3,4,long,30.0,120.0,0.571,0.355,0.551,571,355,551,0.4,0.48,0.56,0.4,0.4,42.5
725,R3_L06,random_long_3link,3L06,3,4,long,30.0,120.0,0.571,0.355,0.551,571,355,551,0.4,0.48,0.56,0.4,0.4,45.0
726,R3_L06,random_long_3link,3L06,3,4,long,30.0,120.0,0.571,0.355,0.551,571,355,551,0.4,0.48,0.56,0.4,0.4,47.5
727,R3_L06,random_long_3link,3L06,3,4,long,30.0,120.0,0.571,0.355,0.551,571,355,551,0.4,0.48,0.56,0.4,0.4,50.0
728,R3_L07,random_long_3link,3L07,3,4,long,30.0,120.0,0.542,0.262,0.298,542,262,298,0.4,0.46,0.49,0.4,0.4,20.0
729,R3_L07,random_long_3link,3L07,3,4,long,30.0,120.0,0.542,0.262,0.298,542,262,298,0.4,0.46,0.49,0.4,0.4,22.5
730,R3_L07,random_long_3link,3L07,3,4,long,30.0,120.0,0.542,0.262,0.298,542,262,298,0.4,0.46,0.49,0.4,0.4,25.0
731,R3_L07,random_long_3link,3L07,3,4,long,30.0,120.0,0.542,0.262,0.298,542,262,298,0.4,0.46,0.49,0.4,0.4,27.5
732,R3_L07,random_long_3link,3L07,3,4,long,30.0,120.0,0.542,0.262,0.298,542,262,298,0.4,0.46,0.49,0.4,0.4,30.0
733,R3_L07,random_long_3link,3L07,3,4,long,30.0,120.0,0.542,0.262,0.298,542,262,298,0.4,0.46,0.49,0.4,0.4,32.5
734,R3_L07,random_long_3link,3L07,3,4,long,30.0,120.0,0.542,0.262,0.298,542,262,298,0.4,0.46,0.49,0.4,0.4,35.0
735,R3_L07,random_long_3link,3L07,3,4,long,30.0,120.0,0.542,0.262,0.298,542,262,298,0.4,0.46,0.49,0.4,0.4,37.5
736,R3_L07,random_long_3link,3L07,3,4,long,30.0,120.0,0.542,0.262,0.298,542,262,298,0.4,0.46,0.49,0.4,0.4,40.0
737,R3_L07,random_long_3link,3L07,3,4,long,30.0,120.0,0.542,0.262,0.298,542,262,298,0.4,0.46,0.49,0.4,0.4,42.5
738,R3_L07,random_long_3link,3L07,3,4,long,30.0,120.0,0.542,0.262,0.298,542,262,298,0.4,0.46,0.49,0.4,0.4,45.0
739,R3_L07,random_long_3link,3L07,3,4,long,30.0,120.0,0.542,0.262,0.298,542,262,298,0.4,0.46,0.49,0.4,0.4,47.5
740,R3_L07,random_long_3link,3L07,3,4,long,30.0,120.0,0.542,0.262,0.298,542,262,298,0.4,0.46,0.49,0.4,0.4,50.0
741,R3_L08,random_long_3link,3L08,3,4,long,30.0,120.0,0.399,0.353,0.464,399,353,464,0.4,0.5,0.55,0.4,0.4,20.0
742,R3_L08,random_long_3link,3L08,3,4,long,30.0,120.0,0.399,0.353,0.464,399,353,464,0.4,0.5,0.55,0.4,0.4,22.5
743,R3_L08,random_long_3link,3L08,3,4,long,30.0,120.0,0.399,0.353,0.464,399,353,464,0.4,0.5,0.55,0.4,0.4,25.0
744,R3_L08,random_long_3link,3L08,3,4,long,30.0,120.0,0.399,0.353,0.464,399,353,464,0.4,0.5,0.55,0.4,0.4,27.5
745,R3_L08,random_long_3link,3L08,3,4,long,30.0,120.0,0.399,0.353,0.464,399,353,464,0.4,0.5,0.55,0.4,0.4,30.0
746,R3_L08,random_long_3link,3L08,3,4,long,30.0,120.0,0.399,0.353,0.464,399,353,464,0.4,0.5,0.55,0.4,0.4,32.5
747,R3_L08,random_long_3link,3L08,3,4,long,30.0,120.0,0.399,0.353,0.464,399,353,464,0.4,0.5,0.55,0.4,0.4,35.0
748,R3_L08,random_long_3link,3L08,3,4,long,30.0,120.0,0.399,0.353,0.464,399,353,464,0.4,0.5,0.55,0.4,0.4,37.5
749,R3_L08,random_long_3link,3L08,3,4,long,30.0,120.0,0.399,0.353,0.464,399,353,464,0.4,0.5,0.55,0.4,0.4,40.0
750,R3_L08,random_long_3link,3L08,3,4,long,30.0,120.0,0.399,0.353,0.464,399,353,464,0.4,0.5,0.55,0.4,0.4,42.5
751,R3_L08,random_long_3link,3L08,3,4,long,30.0,120.0,0.399,0.353,0.464,399,353,464,0.4,0.5,0.55,0.4,0.4,45.0
752,R3_L08,random_long_3link,3L08,3,4,long,30.0,120.0,0.399,0.353,0.464,399,353,464,0.4,0.5,0.55,0.4,0.4,47.5
753,R3_L08,random_long_3link,3L08,3,4,long,30.0,120.0,0.399,0.353,0.464,399,353,464,0.4,0.5,0.55,0.4,0.4,50.0
754,R3_L09,random_long_3link,3L09,3,4,long,30.0,120.0,0.22,0.218,0.55,220,218,550,0.4,0.66,0.63,0.4,0.4,20.0
755,R3_L09,random_long_3link,3L09,3,4,long,30.0,120.0,0.22,0.218,0.55,220,218,550,0.4,0.66,0.63,0.4,0.4,22.5
756,R3_L09,random_long_3link,3L09,3,4,long,30.0,120.0,0.22,0.218,0.55,220,218,550,0.4,0.66,0.63,0.4,0.4,25.0
757,R3_L09,random_long_3link,3L09,3,4,long,30.0,120.0,0.22,0.218,0.55,220,218,550,0.4,0.66,0.63,0.4,0.4,27.5
758,R3_L09,random_long_3link,3L09,3,4,long,30.0,120.0,0.22,0.218,0.55,220,218,550,0.4,0.66,0.63,0.4,0.4,30.0
759,R3_L09,random_long_3link,3L09,3,4,long,30.0,120.0,0.22,0.218,0.55,220,218,550,0.4,0.66,0.63,0.4,0.4,32.5
760,R3_L09,random_long_3link,3L09,3,4,long,30.0,120.0,0.22,0.218,0.55,220,218,550,0.4,0.66,0.63,0.4,0.4,35.0
761,R3_L09,random_long_3link,3L09,3,4,long,30.0,120.0,0.22,0.218,0.55,220,218,550,0.4,0.66,0.63,0.4,0.4,37.5
762,R3_L09,random_long_3link,3L09,3,4,long,30.0,120.0,0.22,0.218,0.55,220,218,550,0.4,0.66,0.63,0.4,0.4,40.0
763,R3_L09,random_long_3link,3L09,3,4,long,30.0,120.0,0.22,0.218,0.55,220,218,550,0.4,0.66,0.63,0.4,0.4,42.5
764,R3_L09,random_long_3link,3L09,3,4,long,30.0,120.0,0.22,0.218,0.55,220,218,550,0.4,0.66,0.63,0.4,0.4,45.0
765,R3_L09,random_long_3link,3L09,3,4,long,30.0,120.0,0.22,0.218,0.55,220,218,550,0.4,0.66,0.63,0.4,0.4,47.5
766,R3_L09,random_long_3link,3L09,3,4,long,30.0,120.0,0.22,0.218,0.55,220,218,550,0.4,0.66,0.63,0.4,0.4,50.0
767,R3_L10,random_long_3link,3L10,3,4,long,30.0,120.0,0.346,0.581,0.45,346,581,450,0.4,0.44,0.6,0.4,0.4,20.0
768,R3_L10,random_long_3link,3L10,3,4,long,30.0,120.0,0.346,0.581,0.45,346,581,450,0.4,0.44,0.6,0.4,0.4,22.5
769,R3_L10,random_long_3link,3L10,3,4,long,30.0,120.0,0.346,0.581,0.45,346,581,450,0.4,0.44,0.6,0.4,0.4,25.0
770,R3_L10,random_long_3link,3L10,3,4,long,30.0,120.0,0.346,0.581,0.45,346,581,450,0.4,0.44,0.6,0.4,0.4,27.5
771,R3_L10,random_long_3link,3L10,3,4,long,30.0,120.0,0.346,0.581,0.45,346,581,450,0.4,0.44,0.6,0.4,0.4,30.0
772,R3_L10,random_long_3link,3L10,3,4,long,30.0,120.0,0.346,0.581,0.45,346,581,450,0.4,0.44,0.6,0.4,0.4,32.5
773,R3_L10,random_long_3link,3L10,3,4,long,30.0,120.0,0.346,0.581,0.45,346,581,450,0.4,0.44,0.6,0.4,0.4,35.0
774,R3_L10,random_long_3link,3L10,3,4,long,30.0,120.0,0.346,0.581,0.45,346,581,450,0.4,0.44,0.6,0.4,0.4,37.5
775,R3_L10,random_long_3link,3L10,3,4,long,30.0,120.0,0.346,0.581,0.45,346,581,450,0.4,0.44,0.6,0.4,0.4,40.0
776,R3_L10,random_long_3link,3L10,3,4,long,30.0,120.0,0.346,0.581,0.45,346,581,450,0.4,0.44,0.6,0.4,0.4,42.5
777,R3_L10,random_long_3link,3L10,3,4,long,30.0,120.0,0.346,0.581,0.45,346,581,450,0.4,0.44,0.6,0.4,0.4,45.0
778,R3_L10,random_long_3link,3L10,3,4,long,30.0,120.0,0.346,0.581,0.45,346,581,450,0.4,0.44,0.6,0.4,0.4,47.5
779,R3_L10,random_long_3link,3L10,3,4,long,30.0,120.0,0.346,0.581,0.45,346,581,450,0.4,0.44,0.6,0.4,0.4,50.0
