Link,Length[m],LaneNum,Total,Vol_0630,Vol_0645,Vol_0700,Vol_0715,Vol_0730,Vol_0745,Vol_0800,Vol_0815,Vol_0830,Vol_0845,Vol_0900,Vol_0915,Vol_0930,Vol_0945,Vol_1000,Vol_1015,Vol_1030,Vol_1045,Vol_1100,Vol_1115,Vol_1130,Vol_1145,Vol_1200,Vol_1215,Vol_1230,Vol_1245,Vol_1300,Vol_1315,Vol_1330,Vol_1345,Vol_1400,Vol_1415,Vol_1430,Vol_1445,Vol_1500,Vol_1515,Vol_1530,Vol_1545,Vol_1600,Vol_1615,Vol_1630,Vol_1645,Vol_1700,Vol_1715,Vol_1730,Vol_1745,Vol_1800,Vol_1815,Vol_1830,Vol_1845
533967_00280_11490_0,117.2,1,5535,139,117,123,138,123,155,116,147,132,156,104,133,154,109,95,89,93,98,104,106,112,95,96,100,113,105,119,109,120,104,131,149,100,112,86,111,115,98,105,100,75,113,84,117,105,115,73,92,65,85
533967_00280_11490_1,117.3,1,5731,72,69,75,115,119,142,137,120,138,116,126,123,120,122,105,124,95,126,102,108,110,121,121,155,103,111,117,118,108,67,94,112,115,108,113,93,109,101,142,135,141,147,141,140,114,82,129,120,123,87
533967_00280_13214_0,138.9,1,5731,69,71,72,118,115,143,138,120,138,119,123,126,116,124,106,125,92,129,98,112,106,124,119,155,105,112,114,120,107,69,94,112,113,110,110,96,104,106,136,141,137,150,139,140,116,82,127,120,124,89
533967_00280_13214_1,158.9,1,5535,142,115,125,137,122,154,118,146,131,158,102,134,154,109,95,90,91,98,106,106,111,97,94,99,113,106,119,108,120,106,130,149,99,113,86,111,115,99,103,103,73,113,85,116,107,113,72,93,64,85
533967_00285_11494_0,61.6,1,986,19,13,37,27,42,52,54,44,8,0,4,6,41,16,32,7,4,8,4,62,11,6,10,2,23,15,11,4,54,22,18,3,0,8,16,8,5,15,20,12,17,6,15,27,48,26,15,19,27,43
533967_00285_11494_1,61.5,1,1271,41,32,40,29,34,26,40,52,49,32,32,20,38,28,38,26,34,18,22,21,34,19,21,18,19,14,19,11,14,13,18,21,25,16,20,11,15,17,32,19,34,24,36,26,22,20,29,13,19,20
533967_00285_11497_0,145.2,1,1271,41,32,40,29,34,25,41,52,48,32,33,20,38,28,38,26,33,19,22,21,34,19,21,18,19,14,18,12,14,13,18,20,26,14,22,11,15,17,32,19,32,26,36,25,22,21,29,13,17,22
533967_00285_11497_1,145.1,1,986,19,13,37,27,42,52,54,44,8,0,4,6,42,15,32,7,4,8,4,62,11,6,10,2,23,15,11,4,54,22,19,2,0,8,16,8,5,15,20,12,17,6,15,27,48,26,15,19,27,43
533967_00319_00539_0,145.8,1,4574,61,81,50,90,74,89,145,96,106,138,98,95,130,97,107,91,87,101,92,63,79,106,73,72,88,83,105,77,70,78,80,92,84,89,83,119,94,79,66,102,63,94,88,105,94,105,100,114,111,90
533967_00319_00539_1,145.6,1,3835,94,139,145,106,86,37,89,86,71,80,69,49,65,76,72,55,77,94,96,76,91,95,73,56,77,92,88,52,92,87,84,90,79,64,77,81,61,75,59,83,72,81,65,85,75,77,42,35,40,45
533967_00319_01435_0,261.1,1,0,0,0,0,0,0,0,0,0,0,0,0,0,0,0,0,0,0,0,0,0,0,0,0,0,0,0,0,0,0,0,0,0,0,0,0,0,0,0,0,0,0,0,0,0,0,0,0,0,0,0
533967_00319_01435_1,281.8,1,0,0,0,0,0,0,0,0,0,0,0,0,0,0,0,0,0,0,0,0,0,0,0,0,0,0,0,0,0,0,0,0,0,0,0,0,0,0,0,0,0,0,0,0,0,0,0,0,0,0,0
533967_00319_11518_0,242.2,1,3835,94,139,145,106,86,37,89,86,71,80,69,49,65,76,72,55,77,94,96,76,91,95,73,56,77,92,88,52,92,87,84,90,79,64,77,81,61,75,59,82,72,81,65,86,75,76,43,33,42,45
533967_00319_11518_1,242.9,1,4576,63,79,51,90,85,91,136,105,103,134,93,107,118,97,107,90,87,101,91,65,78,109,69,73,88,82,110,75,69,81,75,92,85,89,85,116,95,79,66,104,61,96,87,106,93,108,97,114,111,90
533967_00319_87770_0,526.5,1,0,0,0,0,0,0,0,0,0,0,0,0,0,0,0,0,0,0,0,0,0,0,0,0,0,0,0,0,0,0,0,0,0,0,0,0,0,0,0,0,0,0,0,0,0,0,0,0,0,0,0
533967_00319_87770_1,526.3,1,0,0,0,0,0,0,0,0,0,0,0,0,0,0,0,0,0,0,0,0,0,0,0,0,0,0,0,0,0,0,0,0,0,0,0,0,0,0,0,0,0,0,0,0,0,0,0,0,0,0,0
533967_00532_00534_0,270.4,1,5865,125,93,114,126,120,126,124,127,152,159,133,130,142,93,95,88,120,88,105,109,130,93,107,122,131,105,109,114,129,117,141,134,115,142,109,108,133,98,112,112,113,131,120,98,103,126,106,128,127,83
533967_00532_00534_1,270.7,1,5706,72,67,79,95,118,124,145,130,124,114,116,109,121,106,114,139,112,96,98,115,117,98,108,127,79,109,106,107,119,58,94,90,112,123,103,91,115,113,155,108,176,144,162,149,128,97,147,141,132,104
533967_00532_01530_0,145.8,1,2339,40,57,31,17,44,32,45,68,63,64,42,33,41,44,64,61,58,38,56,24,54,44,43,39,45,44,74,38,26,12,44,43,63,39,27,35,49,44,64,27,70,70,68,72,53,67,63,35,32,33
533967_00532_01530_1,145.6,1,2419,17,14,18,31,44,52,50,39,43,56,43,31,34,36,33,39,31,45,36,77,34,53,55,77,80,60,60,50,54,48,54,49,37,55,49,40,38,39,48,57,57,72,55,57,55,71,61,65,80,40
533967_00532_11490_0,284.1,1,5731,74,68,76,113,120,141,139,118,140,114,129,120,124,120,103,124,97,124,102,108,111,120,125,151,103,111,120,115,108,67,94,112,116,107,113,93,110,100,145,132,145,145,142,137,116,80,132,117,123,87
533967_00532_11490_1,283.1,1,5534,135,112,129,131,128,144,130,140,137,143,117,122,167,101,102,82,101,96,108,100,117,89,102,99,113,100,121,106,127,99,134,146,102,110,90,108,118,96,106,96,82,109,88,113,106,113,74,91,67,87
533967_00532_11497_0,89.2,1,986,19,13,37,27,43,51,54,44,8,0,4,6,43,14,32,7,4,8,4,63,10,6,10,2,23,15,11,4,54,22,20,1,0,8,16,8,5,15,20,12,17,6,15,27,48,26,15,19,27,43
533967_00532_11497_1,90.0,1,1271,37,36,35,34,33,26,35,57,49,31,30,24,35,31,35,29,29,23,19,23,28,25,19,21,19,12,20,12,14,12,17,21,26,15,19,14,14,18,24,27,27,30,35,27,19,24,26,16,16,23
533967_00533_11502_0,55.6,1,2445,2,7,23,39,12,5,9,47,48,71,39,60,54,24,32,31,64,22,47,41,92,25,74,52,75,34,51,64,34,77,60,83,40,87,66,60,63,47,50,65,42,74,53,17,56,75,51,88,63,50
533967_00533_11502_1,76.1,1,3020,61,35,61,72,74,53,91,78,100,65,69,59,71,58,77,68,66,55,70,60,62,46,83,56,62,36,43,38,71,28,38,45,52,52,50,31,48,39,73,66,91,75,86,61,64,55,65,62,49,50
533967_00533_11503_0,186.6,1,2947,57,35,59,74,73,90,113,81,116,72,74,52,70,85,60,72,45,56,51,62,37,46,53,61,53,40,34,30,71,16,40,46,57,50,41,31,48,40,70,59,92,63,98,60,56,39,73,53,52,41
533967_00533_11503_1,186.7,1,2769,0,7,23,22,10,13,14,43,58,62,36,73,56,25,30,33,67,49,51,42,90,44,77,58,77,44,57,68,36,90,58,84,49,96,65,55,63,51,69,91,81,105,74,32,57,74,61,95,92,62
533967_00533_11505_0,220.0,1,668,4,0,0,0,0,8,9,6,18,2,0,23,3,0,18,3,29,25,25,0,24,22,38,5,11,9,16,16,4,24,4,1,10,9,14,0,0,4,21,33,39,44,23,15,12,13,10,16,29,29
533967_00533_11505_1,220.7,1,273,3,0,0,19,2,34,30,13,22,16,11,1,0,26,7,1,4,0,2,1,0,4,5,4,0,3,1,3,1,2,6,0,7,1,3,5,0,0,2,0,0,3,11,0,2,1,5,3,0,9
533967_00534_00766_0,409.9,1,3549,124,104,112,125,102,128,127,135,102,133,102,77,79,88,74,56,53,46,53,71,30,66,32,71,51,72,44,54,76,50,67,71,78,75,59,61,67,67,44,33,27,36,49,77,55,70,47,57,38,34
533967_00534_00766_1,409.7,1,3221,33,37,44,47,47,48,58,81,41,56,61,62,54,34,57,63,72,39,54,51,92,49,66,65,35,64,79,74,50,44,55,58,71,96,74,65,88,70,102,50,83,83,81,95,74,78,88,99,86,68
533967_00534_11504_0,86.9,1,2769,0,7,24,21,10,13,16,41,62,58,37,73,59,21,30,33,73,43,54,39,103,31,82,53,84,37,63,63,44,81,68,74,59,88,66,52,69,45,75,91,87,94,83,23,62,68,64,93,103,50
533967_00534_11504_1,87.2,1,2944,50,40,57,77,68,91,98,97,93,96,63,64,62,90,57,78,41,60,46,67,29,52,47,68,47,48,27,37,66,21,38,45,52,55,43,29,40,50,60,69,90,67,85,68,57,36,69,63,49,42
533967_00535_00538_0,162.0,1,3609,64,55,58,82,80,95,63,108,89,65,66,67,61,53,79,82,68,67,78,67,76,87,84,62,82,65,84,70,74,74,59,72,50,57,92,61,60,70,83,76,81,78,84,56,81,93,90,57,49,55
533967_00535_00538_1,173.6,1,2844,16,18,40,43,52,79,81,66,48,47,86,39,63,62,45,45,39,41,41,79,51,48,57,73,78,57,61,49,55,48,53,76,68,55,59,71,90,63,53,37,25,35,52,68,70,76,72,99,50,65
533967_00535_00609_0,512.4,1,4551,74,72,63,97,148,95,141,140,153,151,114,89,123,95,109,89,77,73,72,116,61,70,92,116,76,66,78,66,77,63,77,65,83,67,68,80,76,81,112,80,89,98,53,109,103,91,112,101,83,67
533967_00535_00609_1,514.6,1,4213,89,91,83,107,90,60,68,93,68,85,80,76,76,55,72,82,81,75,94,86,90,76,110,99,101,91,89,96,74,66,70,60,51,59,81,90,84,75,87,94,77,93,98,107,106,107,89,99,96,87
533967_00535_11512_0,144.9,1,4157,26,32,45,51,54,96,58,73,57,78,92,71,86,76,66,78,85,58,99,117,108,72,83,117,128,87,101,99,78,69,66,91,85,89,86,99,131,98,73,71,57,70,83,105,99,90,109,129,79,107
533967_00535_11512_1,145.9,1,5074,114,117,77,125,154,128,149,171,173,116,94,94,106,98,121,103,95,85,99,134,89,118,86,120,100,89,101,117,100,88,66,86,105,72,91,79,87,80,111,78,96,92,83,100,87,78,96,86,77,63
533967_00535_14018_0,131.1,1,2870,89,97,80,112,96,64,103,107,96,62,59,51,54,54,40,49,49,51,40,46,32,44,70,56,62,65,44,59,46,31,38,32,44,28,27,48,37,41,49,38,38,51,72,78,55,64,42,69,65,46
533967_00535_14018_1,131.7,1,3011,43,38,48,65,84,87,71,99,105,99,69,67,74,64,57,60,58,47,59,50,43,37,58,73,62,39,49,47,38,37,40,46,47,44,50,36,54,58,73,56,72,66,64,68,84,70,86,61,51,58
533967_00536_11512_0,117.7,1,5075,119,112,80,127,157,124,156,170,172,111,94,96,102,98,124,99,94,88,99,139,82,120,85,119,100,89,101,116,101,88,67,87,102,73,93,81,83,81,112,75,99,91,84,98,88,80,94,90,72,63
533967_00536_11512_1,97.2,1,4156,25,32,45,51,54,96,59,72,56,79,93,70,85,77,65,78,86,58,97,117,109,71,84,116,128,89,99,101,78,67,68,89,85,89,88,96,131,100,74,70,58,69,85,101,103,90,108,130,79,106
533967_00538_00539_0,270.7,1,4530,126,164,154,123,151,141,127,146,131,126,114,117,101,96,102,92,87,94,59,72,90,83,92,61,68,100,90,73,100,73,94,62,63,69,87,67,65,54,76,81,81,77,62,74,78,68,59,53,55,52
533967_00538_00539_1,271.1,1,4879,48,63,50,55,84,60,99,76,66,87,95,70,95,90,101,81,101,95,104,101,98,97,112,99,83,78,103,94,71,85,104,88,104,97,102,147,120,99,101,137,103,111,106,129,122,128,133,154,129,124
533967_00538_11513_0,256.6,1,4784,48,62,45,83,79,72,54,92,89,93,77,94,96,77,118,102,101,74,118,88,93,111,87,80,77,71,92,94,68,101,82,89,90,103,107,133,99,120,97,128,113,106,124,128,126,125,147,120,108,103
533967_00538_11513_1,257.1,1,3733,96,125,124,115,120,138,101,121,111,126,115,105,111,93,91,73,63,40,39,84,45,70,33,53,63,82,57,51,90,51,69,67,75,73,60,64,68,72,40,36,29,33,49,92,70,63,49,60,31,47
533967_00539_11517_0,283.3,1,271,0,0,0,0,0,0,0,2,12,7,22,5,4,2,0,0,0,4,3,1,3,3,0,2,13,9,0,1,2,0,0,0,9,17,4,4,13,3,20,8,17,12,10,3,0,8,13,17,12,6
533967_00539_11517_1,303.8,1,325,0,0,0,0,5,2,9,7,5,4,9,11,3,9,4,8,6,6,3,10,1,10,8,6,0,0,7,2,3,8,9,8,3,10,11,11,12,1,8,0,5,5,17,14,12,15,9,15,3,11
533967_00605_01530_0,176.3,1,0,0,0,0,0,0,0,0,0,0,0,0,0,0,0,0,0,0,0,0,0,0,0,0,0,0,0,0,0,0,0,0,0,0,0,0,0,0,0,0,0,0,0,0,0,0,0,0,0,0,0
533967_00605_01530_1,174.8,1,0,0,0,0,0,0,0,0,0,0,0,0,0,0,0,0,0,0,0,0,0,0,0,0,0,0,0,0,0,0,0,0,0,0,0,0,0,0,0,0,0,0,0,0,0,0,0,0,0,0,0
533967_00605_72276_0,92.4,1,0,0,0,0,0,0,0,0,0,0,0,0,0,0,0,0,0,0,0,0,0,0,0,0,0,0,0,0,0,0,0,0,0,0,0,0,0,0,0,0,0,0,0,0,0,0,0,0,0,0,0
533967_00605_72276_1,92.9,1,0,0,0,0,0,0,0,0,0,0,0,0,0,0,0,0,0,0,0,0,0,0,0,0,0,0,0,0,0,0,0,0,0,0,0,0,0,0,0,0,0,0,0,0,0,0,0,0,0,0,0
533967_00608_00609_0,62.4,1,4018,91,89,92,112,83,85,88,85,85,93,85,55,78,75,64,75,62,72,80,90,59,74,100,78,89,87,83,77,66,55,74,55,50,55,79,84,78,74,84,94,67,85,103,87,98,94,89,91,90,80
533967_00608_00609_1,41.7,1,4733,72,72,63,79,147,95,134,133,159,142,112,95,122,96,108,88,80,97,79,115,61,82,94,115,77,66,84,66,76,69,77,65,89,68,65,76,76,79,127,103,132,115,70,116,104,90,119,103,105,76
533967_00609_11505_0,262.2,1,273,3,0,0,20,1,34,33,10,22,17,10,1,0,28,5,1,4,0,2,1,0,4,5,4,0,3,1,3,1,3,5,0,7,1,4,4,0,0,2,0,0,3,11,0,2,1,5,3,0,9
533967_00609_11505_1,261.8,1,668,4,0,0,0,0,7,10,6,17,3,0,22,4,0,16,5,28,25,26,0,24,22,35,7,12,8,17,14,6,24,4,1,10,9,14,0,0,4,20,30,43,42,25,15,12,13,10,15,30,29
533967_00693_01661_0,200.4,2,4518,90,96,88,107,105,127,117,113,125,131,81,82,77,100,89,102,81,53,85,77,107,84,95,64,85,84,94,66,56,72,65,79,98,96,60,108,70,101,87,93,77,95,116,103,80,91,85,92,96,93
533967_00695_11518_0,242.9,1,4579,66,77,53,95,83,111,118,106,102,137,86,112,117,100,102,89,88,102,87,64,83,109,66,76,83,85,109,76,70,81,72,92,92,84,84,123,89,78,66,106,59,95,86,108,92,109,97,115,110,89
533967_00695_11518_1,222.2,1,3834,87,136,148,111,86,39,86,87,68,82,71,48,67,76,70,57,75,93,97,73,93,94,75,58,76,90,87,51,95,86,85,91,78,66,74,84,60,74,60,80,73,82,65,84,74,79,43,33,42,45
533967_00766_11513_0,381.7,1,3733,112,125,123,114,113,133,104,126,110,128,111,102,109,100,82,74,62,41,39,86,43,69,33,58,60,88,50,51,89,55,65,73,69,77,56,67,66,71,40,36,30,33,49,97,65,64,48,59,33,45
533967_00766_11513_1,381.4,1,4780,45,65,43,80,83,66,59,94,80,102,77,93,91,77,120,95,108,78,103,95,93,106,100,75,82,66,92,99,60,101,83,94,90,97,102,137,96,110,108,128,124,100,118,137,119,127,135,127,119,101
533967_00766_14156_0,450.6,1,2874,15,36,29,61,85,62,71,65,75,87,61,40,59,62,66,58,58,71,75,55,25,75,58,47,60,20,49,47,31,73,55,44,61,50,64,73,53,51,62,98,57,45,69,65,66,70,68,52,52,43
533967_00766_14156_1,453.2,1,1507,21,20,30,32,40,45,60,54,37,40,35,45,46,29,20,36,35,22,19,25,32,25,21,27,18,42,31,33,18,25,26,16,36,50,22,22,27,23,52,19,23,27,36,34,29,17,20,31,16,18
533967_00818_01603_0,92.9,1,0,0,0,0,0,0,0,0,0,0,0,0,0,0,0,0,0,0,0,0,0,0,0,0,0,0,0,0,0,0,0,0,0,0,0,0,0,0,0,0,0,0,0,0,0,0,0,0,0,0,0
533967_00818_01603_1,72.2,1,0,0,0,0,0,0,0,0,0,0,0,0,0,0,0,0,0,0,0,0,0,0,0,0,0,0,0,0,0,0,0,0,0,0,0,0,0,0,0,0,0,0,0,0,0,0,0,0,0,0,0
533967_00933_00943_0,76.5,2,3452,88,77,90,92,72,88,77,64,102,72,87,73,87,70,98,60,57,57,72,69,61,50,75,70,58,73,44,63,63,45,88,46,75,65,60,40,70,51,66,74,67,78,50,80,56,71,90,52,64,55
533967_00933_00944_1,88.8,2,2844,29,52,18,50,63,67,91,35,101,55,47,94,50,22,79,47,58,48,52,57,52,69,55,57,78,77,60,52,62,29,61,33,84,51,43,66,41,46,52,97,100,29,53,17,45,70,80,71,38,61
533967_00933_14152_0,152.8,2,2844,29,52,18,47,66,66,91,36,96,58,49,91,51,24,74,52,53,53,51,58,49,70,51,63,77,75,58,57,60,31,57,37,81,50,43,70,41,46,50,94,99,34,54,17,44,68,83,70,39,61
533967_00933_14152_1,171.5,2,3452,88,77,90,92,72,88,78,63,102,72,88,73,86,71,97,60,59,55,72,69,61,50,75,71,57,73,44,63,64,44,88,46,76,65,59,40,70,51,66,75,68,77,49,81,55,71,91,52,63,55
533967_00938_00939_0,207.9,1,2349,25,40,35,46,72,63,46,36,56,45,35,33,33,51,48,18,53,27,37,56,39,56,54,55,51,57,43,49,36,48,56,46,31,52,64,58,41,35,66,53,56,37,38,60,53,62,56,44,47,51
533967_00938_00939_1,214.1,1,3605,36,73,56,71,127,93,59,57,94,96,73,76,67,120,162,157,88,88,94,115,43,70,72,57,72,34,67,60,25,66,58,44,36,40,77,107,26,50,61,91,55,46,42,74,51,69,109,42,91,68
533967_00938_01409_1,59.5,1,2351,25,41,35,49,72,62,47,32,59,43,35,33,35,50,48,16,55,26,38,59,38,55,54,55,54,52,42,49,37,48,57,44,31,53,64,63,41,53,64,38,54,32,41,61,53,61,57,44,46,50
533967_00938_01417_0,56.9,1,3605,36,73,56,71,127,93,59,57,94,96,73,76,67,120,162,156,89,88,94,114,44,70,72,57,70,36,67,60,24,65,60,44,36,40,77,107,26,49,61,91,56,46,42,73,52,69,107,43,90,70
533967_00939_00940_0,46.1,1,287,13,16,4,13,3,6,5,3,11,2,6,5,18,26,26,3,4,2,20,3,4,2,2,4,2,3,1,1,3,1,2,2,4,2,5,2,2,0,2,3,3,2,11,6,3,6,10,3,3,4
533967_00939_00940_1,48.5,1,551,15,28,23,9,8,7,2,1,6,10,9,14,7,26,39,31,31,9,28,6,18,18,15,18,5,6,11,7,2,0,13,7,9,6,3,4,6,1,20,4,9,3,14,17,7,1,8,4,2,4
533967_00939_01421_1,187.9,2,6392,26,75,64,100,132,114,92,114,134,128,121,80,106,142,178,190,111,154,185,173,119,126,136,140,128,117,159,137,141,131,114,146,102,110,130,154,140,100,128,171,118,125,129,129,122,145,176,117,154,129
533967_00940_13718_0,271.4,2,3651,64,77,67,92,118,89,129,110,89,100,117,53,94,83,71,55,68,62,68,54,47,39,66,59,55,72,78,66,64,56,53,55,96,68,69,50,50,54,55,43,69,85,111,74,88,82,95,71,45,76
533967_00943_01268_0,117.5,2,3452,86,78,87,96,71,88,77,65,101,72,88,72,87,71,98,60,55,58,72,70,60,50,75,71,58,73,44,62,62,46,88,45,76,66,60,40,69,51,66,75,67,77,51,79,57,71,90,52,64,55
533967_00944_13715_1,48.1,2,2846,31,50,18,50,63,70,88,35,104,53,46,95,49,22,81,45,60,46,52,57,52,69,58,54,78,77,63,49,62,29,61,33,84,51,43,66,41,49,49,97,103,26,53,17,45,70,80,71,38,63
533967_00949_14017_0,200.5,1,3013,46,40,43,69,85,86,74,107,114,79,68,72,67,68,54,66,53,48,59,48,42,40,57,77,60,34,51,48,37,35,41,50,46,45,46,40,56,54,73,56,74,65,63,73,81,68,87,63,53,52
533967_00949_14017_1,180.6,1,2870,82,97,82,112,96,67,100,110,96,60,60,53,52,54,41,51,47,53,40,46,31,45,64,58,64,66,42,58,48,33,38,31,42,31,22,53,37,41,47,39,39,49,73,77,55,62,46,69,65,46
533967_00976_12969_0,118.6,2,3357,30,28,34,43,64,65,59,51,57,60,63,57,37,83,96,55,52,77,79,88,67,70,65,79,47,92,70,84,87,47,68,91,51,67,79,56,77,56,86,83,56,84,65,72,89,71,88,62,95,75
533967_00976_12969_1,97.2,2,2654,63,91,68,107,115,108,152,137,71,86,101,45,47,53,38,14,23,36,34,15,11,13,43,61,18,41,50,51,40,37,36,28,65,45,27,11,25,45,27,15,47,58,57,33,69,61,69,53,39,75
533967_00978_01607_0,93.1,1,0,0,0,0,0,0,0,0,0,0,0,0,0,0,0,0,0,0,0,0,0,0,0,0,0,0,0,0,0,0,0,0,0,0,0,0,0,0,0,0,0,0,0,0,0,0,0,0,0,0,0
533967_00978_01607_1,95.1,1,0,0,0,0,0,0,0,0,0,0,0,0,0,0,0,0,0,0,0,0,0,0,0,0,0,0,0,0,0,0,0,0,0,0,0,0,0,0,0,0,0,0,0,0,0,0,0,0,0,0,0
533967_00978_12969_0,145.8,2,2654,66,89,69,105,116,108,152,136,72,85,102,44,47,53,38,14,23,36,34,15,11,13,44,60,18,41,53,48,40,37,36,28,65,45,27,11,25,45,27,19,43,58,58,32,69,61,69,53,39,75
533967_00978_12969_1,146.0,2,3355,29,29,32,44,64,65,60,50,58,60,63,55,37,81,99,55,53,77,79,86,68,71,65,79,47,91,71,83,87,48,68,91,51,67,78,56,78,56,85,84,55,85,63,73,90,70,88,61,96,74
533967_00978_87768_0,103.3,1,0,0,0,0,0,0,0,0,0,0,0,0,0,0,0,0,0,0,0,0,0,0,0,0,0,0,0,0,0,0,0,0,0,0,0,0,0,0,0,0,0,0,0,0,0,0,0,0,0,0,0
533967_00978_87768_1,109.2,1,0,0,0,0,0,0,0,0,0,0,0,0,0,0,0,0,0,0,0,0,0,0,0,0,0,0,0,0,0,0,0,0,0,0,0,0,0,0,0,0,0,0,0,0,0,0,0,0,0,0,0
533967_01268_13716_0,103.3,1,0,0,0,0,0,0,0,0,0,0,0,0,0,0,0,0,0,0,0,0,0,0,0,0,0,0,0,0,0,0,0,0,0,0,0,0,0,0,0,0,0,0,0,0,0,0,0,0,0,0,0
533967_01268_13716_1,93.0,1,0,0,0,0,0,0,0,0,0,0,0,0,0,0,0,0,0,0,0,0,0,0,0,0,0,0,0,0,0,0,0,0,0,0,0,0,0,0,0,0,0,0,0,0,0,0,0,0,0,0,0
533967_01269_13715_0,89.0,2,2847,33,49,17,50,63,72,86,35,105,52,46,96,48,22,81,46,61,44,52,58,51,69,59,53,78,77,64,48,62,29,61,33,84,51,43,66,41,49,49,97,103,26,53,17,45,70,80,71,38,64
533967_01405_01406_0,31.5,1,0,0,0,0,0,0,0,0,0,0,0,0,0,0,0,0,0,0,0,0,0,0,0,0,0,0,0,0,0,0,0,0,0,0,0,0,0,0,0,0,0,0,0,0,0,0,0,0,0,0,0
533967_01405_01406_1,31.5,1,0,0,0,0,0,0,0,0,0,0,0,0,0,0,0,0,0,0,0,0,0,0,0,0,0,0,0,0,0,0,0,0,0,0,0,0,0,0,0,0,0,0,0,0,0,0,0,0,0,0,0
533967_01406_01408_0,143.1,1,0,0,0,0,0,0,0,0,0,0,0,0,0,0,0,0,0,0,0,0,0,0,0,0,0,0,0,0,0,0,0,0,0,0,0,0,0,0,0,0,0,0,0,0,0,0,0,0,0,0,0
533967_01406_01408_1,134.3,1,0,0,0,0,0,0,0,0,0,0,0,0,0,0,0,0,0,0,0,0,0,0,0,0,0,0,0,0,0,0,0,0,0,0,0,0,0,0,0,0,0,0,0,0,0,0,0,0,0,0,0
533967_01406_01644_0,145.7,2,2292,27,31,38,45,63,46,64,66,47,66,60,53,58,51,55,57,39,61,44,35,50,41,61,51,45,29,41,34,38,24,45,52,39,58,44,31,37,32,52,44,43,46,49,73,21,25,55,57,44,25
533967_01407_01408_0,65.5,1,0,0,0,0,0,0,0,0,0,0,0,0,0,0,0,0,0,0,0,0,0,0,0,0,0,0,0,0,0,0,0,0,0,0,0,0,0,0,0,0,0,0,0,0,0,0,0,0,0,0,0
533967_01407_01408_1,44.4,1,0,0,0,0,0,0,0,0,0,0,0,0,0,0,0,0,0,0,0,0,0,0,0,0,0,0,0,0,0,0,0,0,0,0,0,0,0,0,0,0,0,0,0,0,0,0,0,0,0,0,0
533967_01408_01644_0,228.0,1,0,0,0,0,0,0,0,0,0,0,0,0,0,0,0,0,0,0,0,0,0,0,0,0,0,0,0,0,0,0,0,0,0,0,0,0,0,0,0,0,0,0,0,0,0,0,0,0,0,0,0
533967_01408_01644_1,242.6,1,0,0,0,0,0,0,0,0,0,0,0,0,0,0,0,0,0,0,0,0,0,0,0,0,0,0,0,0,0,0,0,0,0,0,0,0,0,0,0,0,0,0,0,0,0,0,0,0,0,0,0
533967_01408_13716_0,103.4,1,0,0,0,0,0,0,0,0,0,0,0,0,0,0,0,0,0,0,0,0,0,0,0,0,0,0,0,0,0,0,0,0,0,0,0,0,0,0,0,0,0,0,0,0,0,0,0,0,0,0,0
533967_01408_13716_1,103.6,1,0,0,0,0,0,0,0,0,0,0,0,0,0,0,0,0,0,0,0,0,0,0,0,0,0,0,0,0,0,0,0,0,0,0,0,0,0,0,0,0,0,0,0,0,0,0,0,0,0,0,0
533967_01409_01410_1,98.4,1,971,10,22,14,16,29,29,19,17,21,16,13,16,15,22,16,8,22,10,18,30,15,30,19,22,21,23,19,15,15,23,25,19,10,31,30,22,16,15,24,16,25,10,14,25,20,26,22,15,20,21
533967_01409_01417_0,27.8,1,0,0,0,0,0,0,0,0,0,0,0,0,0,0,0,0,0,0,0,0,0,0,0,0,0,0,0,0,0,0,0,0,0,0,0,0,0,0,0,0,0,0,0,0,0,0,0,0,0,0,0
533967_01410_01417_1,84.9,1,3603,36,73,56,71,127,93,59,57,94,96,73,76,67,120,162,155,90,88,92,115,45,70,72,57,68,38,67,60,24,62,63,44,36,40,77,106,27,48,61,90,58,45,42,72,54,66,109,43,89,70
533967_01412_01413_0,27.8,1,0,0,0,0,0,0,0,0,0,0,0,0,0,0,0,0,0,0,0,0,0,0,0,0,0,0,0,0,0,0,0,0,0,0,0,0,0,0,0,0,0,0,0,0,0,0,0,0,0,0,0
533967_01412_01414_1,139.9,1,575,21,42,21,24,19,14,17,14,14,9,9,15,12,11,9,10,4,8,11,8,16,2,9,5,6,4,3,8,4,2,11,6,10,11,4,12,8,12,9,12,18,17,14,8,13,17,8,10,16,8
533967_01413_01414_0,75.7,1,0,0,0,0,0,0,0,0,0,0,0,0,0,0,0,0,0,0,0,0,0,0,0,0,0,0,0,0,0,0,0,0,0,0,0,0,0,0,0,0,0,0,0,0,0,0,0,0,0,0,0
533967_01418_01419_0,31.5,1,0,0,0,0,0,0,0,0,0,0,0,0,0,0,0,0,0,0,0,0,0,0,0,0,0,0,0,0,0,0,0,0,0,0,0,0,0,0,0,0,0,0,0,0,0,0,0,0,0,0,0
533967_01418_01419_1,33.7,1,0,0,0,0,0,0,0,0,0,0,0,0,0,0,0,0,0,0,0,0,0,0,0,0,0,0,0,0,0,0,0,0,0,0,0,0,0,0,0,0,0,0,0,0,0,0,0,0,0,0,0
533967_01418_01420_1,131.3,2,3159,39,75,60,63,85,102,104,95,82,68,68,47,77,56,67,59,48,60,74,61,70,45,61,61,52,60,92,50,48,59,51,51,46,62,53,56,59,65,68,69,57,54,58,63,66,56,87,55,56,39
533967_01418_01421_0,125.5,1,1118,5,14,12,21,16,22,21,19,20,16,22,11,23,25,5,22,23,24,35,32,35,20,26,30,20,27,41,25,20,22,28,18,20,27,28,20,30,18,35,31,25,26,17,23,12,17,40,13,23,13
533967_01418_01421_1,129.3,1,0,0,0,0,0,0,0,0,0,0,0,0,0,0,0,0,0,0,0,0,0,0,0,0,0,0,0,0,0,0,0,0,0,0,0,0,0,0,0,0,0,0,0,0,0,0,0,0,0,0,0
533967_01419_01420_0,133.5,2,2463,14,26,32,19,42,68,43,43,40,68,46,50,62,38,33,42,56,53,54,58,42,60,43,29,54,33,39,43,34,38,54,44,55,46,62,58,67,51,58,86,57,44,79,90,78,57,66,59,27,23
533967_01419_01425_1,174.0,2,2466,14,26,32,19,42,68,43,43,40,68,47,50,62,38,32,42,56,53,55,57,46,56,43,31,52,33,41,43,32,39,53,44,57,46,62,57,66,51,58,86,57,47,80,86,80,57,64,59,27,26
533967_01419_01608_0,181.2,1,0,0,0,0,0,0,0,0,0,0,0,0,0,0,0,0,0,0,0,0,0,0,0,0,0,0,0,0,0,0,0,0,0,0,0,0,0,0,0,0,0,0,0,0,0,0,0,0,0,0,0
533967_01419_01608_1,173.6,1,0,0,0,0,0,0,0,0,0,0,0,0,0,0,0,0,0,0,0,0,0,0,0,0,0,0,0,0,0,0,0,0,0,0,0,0,0,0,0,0,0,0,0,0,0,0,0,0,0,0,0
533967_01420_01654_0,223.6,2,2462,12,25,35,19,42,61,50,40,42,59,56,46,66,37,34,38,60,49,56,54,48,53,50,26,57,29,43,41,36,34,58,38,60,44,65,52,71,46,64,78,65,41,79,90,82,55,65,61,28,22
533967_01420_01654_1,227.3,2,3159,39,75,60,63,85,102,104,95,82,68,68,47,77,56,67,59,50,58,74,61,70,45,61,61,52,60,92,50,48,59,51,51,46,62,53,56,59,65,68,69,57,54,58,63,66,56,87,55,56,39
533967_01424_01425_0,75.7,1,0,0,0,0,0,0,0,0,0,0,0,0,0,0,0,0,0,0,0,0,0,0,0,0,0,0,0,0,0,0,0,0,0,0,0,0,0,0,0,0,0,0,0,0,0,0,0,0,0,0,0
533967_01424_01425_1,86.8,1,0,0,0,0,0,0,0,0,0,0,0,0,0,0,0,0,0,0,0,0,0,0,0,0,0,0,0,0,0,0,0,0,0,0,0,0,0,0,0,0,0,0,0,0,0,0,0,0,0,0,0
533967_01424_01604_0,148.3,1,0,0,0,0,0,0,0,0,0,0,0,0,0,0,0,0,0,0,0,0,0,0,0,0,0,0,0,0,0,0,0,0,0,0,0,0,0,0,0,0,0,0,0,0,0,0,0,0,0,0,0
533967_01424_01604_1,148.7,1,0,0,0,0,0,0,0,0,0,0,0,0,0,0,0,0,0,0,0,0,0,0,0,0,0,0,0,0,0,0,0,0,0,0,0,0,0,0,0,0,0,0,0,0,0,0,0,0,0,0,0
533967_01424_01605_0,270.7,1,0,0,0,0,0,0,0,0,0,0,0,0,0,0,0,0,0,0,0,0,0,0,0,0,0,0,0,0,0,0,0,0,0,0,0,0,0,0,0,0,0,0,0,0,0,0,0,0,0,0,0
533967_01424_01605_1,270.6,1,0,0,0,0,0,0,0,0,0,0,0,0,0,0,0,0,0,0,0,0,0,0,0,0,0,0,0,0,0,0,0,0,0,0,0,0,0,0,0,0,0,0,0,0,0,0,0,0,0,0,0
533967_01530_13891_0,118.0,1,2339,40,56,32,17,43,33,45,67,64,63,42,34,41,44,63,61,59,38,56,24,52,46,43,39,45,44,74,38,26,12,44,43,63,39,27,35,48,45,64,27,69,71,67,73,53,67,63,35,32,33
533967_01530_13891_1,117.5,1,2419,18,13,20,29,49,47,53,36,56,43,49,26,38,32,35,38,31,44,37,79,33,53,61,73,81,59,64,44,58,45,62,38,39,52,55,35,44,33,56,50,63,65,59,52,61,65,66,60,86,34
533967_01555_01556_0,188.1,1,0,0,0,0,0,0,0,0,0,0,0,0,0,0,0,0,0,0,0,0,0,0,0,0,0,0,0,0,0,0,0,0,0,0,0,0,0,0,0,0,0,0,0,0,0,0,0,0,0,0,0
533967_01555_01556_1,187.7,1,0,0,0,0,0,0,0,0,0,0,0,0,0,0,0,0,0,0,0,0,0,0,0,0,0,0,0,0,0,0,0,0,0,0,0,0,0,0,0,0,0,0,0,0,0,0,0,0,0,0,0
533967_01555_13718_0,313.6,1,0,0,0,0,0,0,0,0,0,0,0,0,0,0,0,0,0,0,0,0,0,0,0,0,0,0,0,0,0,0,0,0,0,0,0,0,0,0,0,0,0,0,0,0,0,0,0,0,0,0,0
533967_01555_13718_1,330.8,1,0,0,0,0,0,0,0,0,0,0,0,0,0,0,0,0,0,0,0,0,0,0,0,0,0,0,0,0,0,0,0,0,0,0,0,0,0,0,0,0,0,0,0,0,0,0,0,0,0,0,0
533967_01555_14156_0,146.2,1,1507,24,20,31,30,42,49,56,52,38,43,32,46,47,24,24,32,36,22,18,26,32,25,23,27,16,41,32,33,17,27,27,15,40,44,23,21,27,24,54,18,21,28,37,33,28,18,19,31,16,18
533967_01555_14156_1,146.3,1,2874,15,35,28,63,84,61,73,65,75,87,58,43,59,62,65,59,58,71,75,55,25,75,58,45,62,19,50,47,31,70,58,44,61,48,66,72,53,51,62,99,57,45,69,62,69,69,68,53,52,43
533967_01556_01656_0,181.9,1,0,0,0,0,0,0,0,0,0,0,0,0,0,0,0,0,0,0,0,0,0,0,0,0,0,0,0,0,0,0,0,0,0,0,0,0,0,0,0,0,0,0,0,0,0,0,0,0,0,0,0
533967_01556_01656_1,181.2,1,0,0,0,0,0,0,0,0,0,0,0,0,0,0,0,0,0,0,0,0,0,0,0,0,0,0,0,0,0,0,0,0,0,0,0,0,0,0,0,0,0,0,0,0,0,0,0,0,0,0,0
533967_01556_88302_0,61.7,1,0,0,0,0,0,0,0,0,0,0,0,0,0,0,0,0,0,0,0,0,0,0,0,0,0,0,0,0,0,0,0,0,0,0,0,0,0,0,0,0,0,0,0,0,0,0,0,0,0,0,0
533967_01556_88302_1,61.2,1,0,0,0,0,0,0,0,0,0,0,0,0,0,0,0,0,0,0,0,0,0,0,0,0,0,0,0,0,0,0,0,0,0,0,0,0,0,0,0,0,0,0,0,0,0,0,0,0,0,0,0
533967_01602_01603_0,165.2,1,0,0,0,0,0,0,0,0,0,0,0,0,0,0,0,0,0,0,0,0,0,0,0,0,0,0,0,0,0,0,0,0,0,0,0,0,0,0,0,0,0,0,0,0,0,0,0,0,0,0,0
533967_01602_01603_1,164.3,1,0,0,0,0,0,0,0,0,0,0,0,0,0,0,0,0,0,0,0,0,0,0,0,0,0,0,0,0,0,0,0,0,0,0,0,0,0,0,0,0,0,0,0,0,0,0,0,0,0,0,0
533967_01602_01608_0,187.6,1,0,0,0,0,0,0,0,0,0,0,0,0,0,0,0,0,0,0,0,0,0,0,0,0,0,0,0,0,0,0,0,0,0,0,0,0,0,0,0,0,0,0,0,0,0,0,0,0,0,0,0
533967_01602_01608_1,186.8,1,0,0,0,0,0,0,0,0,0,0,0,0,0,0,0,0,0,0,0,0,0,0,0,0,0,0,0,0,0,0,0,0,0,0,0,0,0,0,0,0,0,0,0,0,0,0,0,0,0,0,0
533967_01603_01606_0,292.9,1,0,0,0,0,0,0,0,0,0,0,0,0,0,0,0,0,0,0,0,0,0,0,0,0,0,0,0,0,0,0,0,0,0,0,0,0,0,0,0,0,0,0,0,0,0,0,0,0,0,0,0
533967_01603_01606_1,292.8,1,0,0,0,0,0,0,0,0,0,0,0,0,0,0,0,0,0,0,0,0,0,0,0,0,0,0,0,0,0,0,0,0,0,0,0,0,0,0,0,0,0,0,0,0,0,0,0,0,0,0,0
533967_01603_01608_0,153.8,1,0,0,0,0,0,0,0,0,0,0,0,0,0,0,0,0,0,0,0,0,0,0,0,0,0,0,0,0,0,0,0,0,0,0,0,0,0,0,0,0,0,0,0,0,0,0,0,0,0,0,0
533967_01603_01608_1,154.0,1,0,0,0,0,0,0,0,0,0,0,0,0,0,0,0,0,0,0,0,0,0,0,0,0,0,0,0,0,0,0,0,0,0,0,0,0,0,0,0,0,0,0,0,0,0,0,0,0,0,0,0
533967_01604_01605_0,198.4,1,0,0,0,0,0,0,0,0,0,0,0,0,0,0,0,0,0,0,0,0,0,0,0,0,0,0,0,0,0,0,0,0,0,0,0,0,0,0,0,0,0,0,0,0,0,0,0,0,0,0,0
533967_01604_01605_1,198.6,1,0,0,0,0,0,0,0,0,0,0,0,0,0,0,0,0,0,0,0,0,0,0,0,0,0,0,0,0,0,0,0,0,0,0,0,0,0,0,0,0,0,0,0,0,0,0,0,0,0,0,0
533967_01604_01606_0,71.5,1,0,0,0,0,0,0,0,0,0,0,0,0,0,0,0,0,0,0,0,0,0,0,0,0,0,0,0,0,0,0,0,0,0,0,0,0,0,0,0,0,0,0,0,0,0,0,0,0,0,0,0
533967_01604_01606_1,76.4,1,0,0,0,0,0,0,0,0,0,0,0,0,0,0,0,0,0,0,0,0,0,0,0,0,0,0,0,0,0,0,0,0,0,0,0,0,0,0,0,0,0,0,0,0,0,0,0,0,0,0,0
533967_01605_01607_0,115.0,1,0,0,0,0,0,0,0,0,0,0,0,0,0,0,0,0,0,0,0,0,0,0,0,0,0,0,0,0,0,0,0,0,0,0,0,0,0,0,0,0,0,0,0,0,0,0,0,0,0,0,0
533967_01605_01607_1,114.4,1,0,0,0,0,0,0,0,0,0,0,0,0,0,0,0,0,0,0,0,0,0,0,0,0,0,0,0,0,0,0,0,0,0,0,0,0,0,0,0,0,0,0,0,0,0,0,0,0,0,0,0
533967_01606_01607_0,359.7,1,0,0,0,0,0,0,0,0,0,0,0,0,0,0,0,0,0,0,0,0,0,0,0,0,0,0,0,0,0,0,0,0,0,0,0,0,0,0,0,0,0,0,0,0,0,0,0,0,0,0,0
533967_01606_01607_1,358.8,1,0,0,0,0,0,0,0,0,0,0,0,0,0,0,0,0,0,0,0,0,0,0,0,0,0,0,0,0,0,0,0,0,0,0,0,0,0,0,0,0,0,0,0,0,0,0,0,0,0,0,0
533967_01606_01609_0,72.2,1,0,0,0,0,0,0,0,0,0,0,0,0,0,0,0,0,0,0,0,0,0,0,0,0,0,0,0,0,0,0,0,0,0,0,0,0,0,0,0,0,0,0,0,0,0,0,0,0,0,0,0
533967_01606_01609_1,92.9,1,0,0,0,0,0,0,0,0,0,0,0,0,0,0,0,0,0,0,0,0,0,0,0,0,0,0,0,0,0,0,0,0,0,0,0,0,0,0,0,0,0,0,0,0,0,0,0,0,0,0,0
533967_01654_01655_0,194.4,2,5688,112,114,62,95,81,85,76,131,146,157,116,125,137,123,107,101,131,109,102,100,95,128,136,112,119,105,64,111,97,91,149,128,99,139,138,128,112,106,155,119,118,107,148,130,118,130,99,105,103,89
533967_01654_01658_1,105.6,2,5536,121,153,110,108,95,138,109,139,147,126,104,129,99,97,110,98,75,97,107,87,96,101,85,111,85,122,69,120,94,108,106,101,93,107,111,111,110,114,132,118,105,135,117,140,116,148,97,127,115,93
533967_01654_01661_0,46.1,1,2453,36,58,50,48,43,117,61,33,57,79,51,50,35,37,39,46,39,24,56,58,56,35,31,22,24,46,46,34,44,43,33,16,49,32,40,66,65,41,62,77,48,41,76,108,58,61,63,64,38,17
533967_01654_01661_1,46.0,1,3304,64,62,30,83,69,107,88,79,99,109,76,47,84,83,63,78,81,48,67,83,64,63,91,65,44,66,80,40,55,55,66,61,37,81,57,83,59,56,81,72,51,39,73,75,43,45,84,36,54,28
533967_01656_87767_0,64.7,1,0,0,0,0,0,0,0,0,0,0,0,0,0,0,0,0,0,0,0,0,0,0,0,0,0,0,0,0,0,0,0,0,0,0,0,0,0,0,0,0,0,0,0,0,0,0,0,0,0,0,0
533967_01656_87767_1,53.8,1,0,0,0,0,0,0,0,0,0,0,0,0,0,0,0,0,0,0,0,0,0,0,0,0,0,0,0,0,0,0,0,0,0,0,0,0,0,0,0,0,0,0,0,0,0,0,0,0,0,0,0
533967_01658_01659_0,48.4,1,0,0,0,0,0,0,0,0,0,0,0,0,0,0,0,0,0,0,0,0,0,0,0,0,0,0,0,0,0,0,0,0,0,0,0,0,0,0,0,0,0,0,0,0,0,0,0,0,0,0,0
533967_01658_01659_1,48.2,1,0,0,0,0,0,0,0,0,0,0,0,0,0,0,0,0,0,0,0,0,0,0,0,0,0,0,0,0,0,0,0,0,0,0,0,0,0,0,0,0,0,0,0,0,0,0,0,0,0,0,0
533967_01659_01661_1,97.8,2,3282,74,88,107,68,88,99,113,92,79,103,54,87,54,39,67,65,38,54,65,55,63,54,43,40,69,42,43,51,35,41,45,48,67,56,47,59,41,65,40,74,61,91,109,64,72,69,62,99,77,66
533967_01661_13315_0,66.7,1,2209,38,50,40,57,38,91,47,33,58,64,44,47,33,44,39,44,41,24,53,32,54,26,29,17,42,47,45,27,38,34,21,14,71,30,23,62,63,42,60,60,30,18,48,104,59,63,50,51,24,40
533967_01661_13315_1,82.2,1,1824,52,44,41,52,49,53,69,57,56,67,42,47,58,29,41,40,39,48,47,32,18,24,39,35,45,27,28,16,29,14,34,31,29,36,26,33,26,20,34,34,17,13,40,32,33,25,50,29,22,22
533967_10598_11494_0,47.8,1,1271,41,33,40,28,34,26,41,51,51,30,32,21,37,28,38,27,33,18,22,22,33,19,21,18,19,14,19,11,14,13,18,21,25,16,20,12,14,17,32,19,34,24,36,28,20,20,29,13,19,20
533967_10598_11494_1,42.4,1,986,19,13,37,27,42,52,53,45,8,0,4,6,41,16,32,7,4,8,4,62,11,6,10,2,23,15,11,4,54,22,18,3,0,8,16,8,5,15,20,12,17,6,15,27,48,26,15,19,27,43
533967_10598_13108_0,42.6,1,986,19,13,37,27,41,52,54,45,8,0,4,6,40,17,31,8,4,8,4,60,13,6,10,2,23,15,11,4,54,22,18,3,0,8,16,8,5,15,20,12,17,6,15,27,48,26,15,19,27,43
533967_10598_13108_1,42.6,1,1271,41,33,40,28,34,26,41,51,51,30,32,22,36,28,39,26,33,18,22,22,33,19,21,18,19,14,19,11,14,13,18,21,26,15,20,12,14,17,32,19,34,24,36,28,20,20,29,13,19,20
533967_11501_11503_0,136.8,1,2769,0,7,23,22,10,13,14,43,60,60,36,74,56,24,30,33,67,49,53,40,92,42,78,57,78,43,61,65,37,88,63,79,54,93,63,55,65,49,72,88,84,103,79,27,58,72,64,93,98,55
533967_11501_11503_1,136.0,1,2946,57,35,57,75,73,90,113,81,116,72,74,53,70,84,60,72,45,56,49,65,37,45,49,65,52,42,34,30,69,18,39,46,56,50,43,29,48,40,70,60,93,63,98,59,57,38,72,55,52,40
533967_11501_11504_0,178.1,1,2945,55,35,59,75,72,87,107,89,100,89,70,56,69,86,61,72,43,57,50,65,35,45,49,65,52,44,33,30,67,20,40,45,54,53,43,28,47,42,68,62,92,64,95,59,60,37,71,56,52,40
533967_11501_11504_1,178.9,1,2769,0,7,24,21,10,13,14,43,62,58,36,74,57,23,30,33,71,45,53,40,96,38,82,53,81,40,63,63,40,85,67,75,58,89,65,53,66,48,73,87,91,96,81,25,60,70,64,93,102,51
533967_11505_85937_0,41.7,1,0,0,0,0,0,0,0,0,0,0,0,0,0,0,0,0,0,0,0,0,0,0,0,0,0,0,0,0,0,0,0,0,0,0,0,0,0,0,0,0,0,0,0,0,0,0,0,0,0,0,0
533967_11505_85937_1,62.4,1,0,0,0,0,0,0,0,0,0,0,0,0,0,0,0,0,0,0,0,0,0,0,0,0,0,0,0,0,0,0,0,0,0,0,0,0,0,0,0,0,0,0,0,0,0,0,0,0,0,0,0
533967_11513_88894_0,353.5,1,0,0,0,0,0,0,0,0,0,0,0,0,0,0,0,0,0,0,0,0,0,0,0,0,0,0,0,0,0,0,0,0,0,0,0,0,0,0,0,0,0,0,0,0,0,0,0,0,0,0,0
533967_11513_88894_1,356.5,1,0,0,0,0,0,0,0,0,0,0,0,0,0,0,0,0,0,0,0,0,0,0,0,0,0,0,0,0,0,0,0,0,0,0,0,0,0,0,0,0,0,0,0,0,0,0,0,0,0,0,0
533967_11518_13596_0,255.6,1,0,0,0,0,0,0,0,0,0,0,0,0,0,0,0,0,0,0,0,0,0,0,0,0,0,0,0,0,0,0,0,0,0,0,0,0,0,0,0,0,0,0,0,0,0,0,0,0,0,0,0
533967_11518_13596_1,276.1,1,0,0,0,0,0,0,0,0,0,0,0,0,0,0,0,0,0,0,0,0,0,0,0,0,0,0,0,0,0,0,0,0,0,0,0,0,0,0,0,0,0,0,0,0,0,0,0,0,0,0,0
533967_12969_87770_0,436.6,1,0,0,0,0,0,0,0,0,0,0,0,0,0,0,0,0,0,0,0,0,0,0,0,0,0,0,0,0,0,0,0,0,0,0,0,0,0,0,0,0,0,0,0,0,0,0,0,0,0,0,0
533967_12969_87770_1,439.1,1,0,0,0,0,0,0,0,0,0,0,0,0,0,0,0,0,0,0,0,0,0,0,0,0,0,0,0,0,0,0,0,0,0,0,0,0,0,0,0,0,0,0,0,0,0,0,0,0,0,0,0
533967_13107_13108_0,153.4,1,1271,41,33,40,28,34,26,41,52,50,30,33,21,36,28,39,26,33,19,21,22,33,19,21,18,19,14,19,11,14,13,18,21,27,14,20,12,14,17,32,19,34,24,37,27,20,20,29,13,19,20
533967_13107_13108_1,138.9,1,986,19,10,39,27,42,48,57,45,9,0,3,7,40,17,30,9,4,8,4,57,16,6,10,1,24,15,11,4,54,22,18,3,0,8,15,9,5,15,20,12,17,6,15,27,48,25,16,19,27,43
533967_13308_88665_0,50.0,1,0,0,0,0,0,0,0,0,0,0,0,0,0,0,0,0,0,0,0,0,0,0,0,0,0,0,0,0,0,0,0,0,0,0,0,0,0,0,0,0,0,0,0,0,0,0,0,0,0,0,0
533967_13308_88665_1,57.7,1,0,0,0,0,0,0,0,0,0,0,0,0,0,0,0,0,0,0,0,0,0,0,0,0,0,0,0,0,0,0,0,0,0,0,0,0,0,0,0,0,0,0,0,0,0,0,0,0,0,0,0
533967_13715_72472_0,105.6,1,0,0,0,0,0,0,0,0,0,0,0,0,0,0,0,0,0,0,0,0,0,0,0,0,0,0,0,0,0,0,0,0,0,0,0,0,0,0,0,0,0,0,0,0,0,0,0,0,0,0,0
533967_13715_72472_1,113.1,1,0,0,0,0,0,0,0,0,0,0,0,0,0,0,0,0,0,0,0,0,0,0,0,0,0,0,0,0,0,0,0,0,0,0,0,0,0,0,0,0,0,0,0,0,0,0,0,0,0,0,0
533967_13844_14155_1,333.3,2,4800,23,63,65,78,81,60,61,110,95,94,74,82,73,102,117,122,112,112,139,69,112,128,96,114,72,101,136,122,100,73,81,137,105,117,73,76,147,97,127,91,94,101,111,161,78,95,89,95,85,54
533967_13891_14021_0,238.7,1,2339,40,55,33,17,42,33,45,67,64,63,42,34,42,44,59,65,58,39,54,26,50,48,42,40,44,45,74,38,26,12,43,44,59,43,27,35,46,47,63,26,70,70,67,74,53,68,62,36,30,35
533967_13891_14021_1,242.1,1,2420,18,13,20,29,49,47,53,36,56,43,49,26,38,32,35,38,31,44,37,79,33,53,61,75,79,59,64,44,58,45,63,37,40,51,56,34,44,35,56,51,60,69,55,56,57,66,65,60,86,35
533967_13891_72276_0,143.0,1,0,0,0,0,0,0,0,0,0,0,0,0,0,0,0,0,0,0,0,0,0,0,0,0,0,0,0,0,0,0,0,0,0,0,0,0,0,0,0,0,0,0,0,0,0,0,0,0,0,0,0
533967_13891_72276_1,142.7,1,0,0,0,0,0,0,0,0,0,0,0,0,0,0,0,0,0,0,0,0,0,0,0,0,0,0,0,0,0,0,0,0,0,0,0,0,0,0,0,0,0,0,0,0,0,0,0,0,0,0,0
533967_14017_14018_0,200.9,1,3013,45,40,44,67,83,87,75,107,104,90,68,73,67,66,56,65,53,47,61,47,43,38,58,76,62,34,51,47,37,36,41,50,44,46,47,39,56,53,74,57,73,65,62,73,83,68,87,61,53,54
533967_14017_14018_1,200.6,1,2870,86,99,80,112,95,64,103,107,97,63,58,52,53,54,41,49,47,53,40,46,31,45,66,58,64,64,44,59,45,33,38,31,43,30,26,49,37,41,48,39,38,51,72,77,55,65,42,69,65,46
533967_14021_88656_0,220.4,1,0,0,0,0,0,0,0,0,0,0,0,0,0,0,0,0,0,0,0,0,0,0,0,0,0,0,0,0,0,0,0,0,0,0,0,0,0,0,0,0,0,0,0,0,0,0,0,0,0,0,0
533967_14021_88656_1,228.5,1,0,0,0,0,0,0,0,0,0,0,0,0,0,0,0,0,0,0,0,0,0,0,0,0,0,0,0,0,0,0,0,0,0,0,0,0,0,0,0,0,0,0,0,0,0,0,0,0,0,0,0
533967_14156_88894_0,321.0,1,0,0,0,0,0,0,0,0,0,0,0,0,0,0,0,0,0,0,0,0,0,0,0,0,0,0,0,0,0,0,0,0,0,0,0,0,0,0,0,0,0,0,0,0,0,0,0,0,0,0,0
533967_14156_88894_1,322.5,1,0,0,0,0,0,0,0,0,0,0,0,0,0,0,0,0,0,0,0,0,0,0,0,0,0,0,0,0,0,0,0,0,0,0,0,0,0,0,0,0,0,0,0,0,0,0,0,0,0,0,0
533967_72276_88656_0,311.9,1,0,0,0,0,0,0,0,0,0,0,0,0,0,0,0,0,0,0,0,0,0,0,0,0,0,0,0,0,0,0,0,0,0,0,0,0,0,0,0,0,0,0,0,0,0,0,0,0,0,0,0
533967_72276_88656_1,326.1,1,0,0,0,0,0,0,0,0,0,0,0,0,0,0,0,0,0,0,0,0,0,0,0,0,0,0,0,0,0,0,0,0,0,0,0,0,0,0,0,0,0,0,0,0,0,0,0,0,0,0,0
533967_74224_88894_0,308.9,1,0,0,0,0,0,0,0,0,0,0,0,0,0,0,0,0,0,0,0,0,0,0,0,0,0,0,0,0,0,0,0,0,0,0,0,0,0,0,0,0,0,0,0,0,0,0,0,0,0,0,0
533967_74224_88894_1,288.9,1,0,0,0,0,0,0,0,0,0,0,0,0,0,0,0,0,0,0,0,0,0,0,0,0,0,0,0,0,0,0,0,0,0,0,0,0,0,0,0,0,0,0,0,0,0,0,0,0,0,0,0
533967_87767_87768_0,126.3,1,0,0,0,0,0,0,0,0,0,0,0,0,0,0,0,0,0,0,0,0,0,0,0,0,0,0,0,0,0,0,0,0,0,0,0,0,0,0,0,0,0,0,0,0,0,0,0,0,0,0,0
533967_87767_87768_1,125.3,1,0,0,0,0,0,0,0,0,0,0,0,0,0,0,0,0,0,0,0,0,0,0,0,0,0,0,0,0,0,0,0,0,0,0,0,0,0,0,0,0,0,0,0,0,0,0,0,0,0,0,0
533967_87767_88200_0,38.5,1,0,0,0,0,0,0,0,0,0,0,0,0,0,0,0,0,0,0,0,0,0,0,0,0,0,0,0,0,0,0,0,0,0,0,0,0,0,0,0,0,0,0,0,0,0,0,0,0,0,0,0
533967_87767_88200_1,43.3,1,0,0,0,0,0,0,0,0,0,0,0,0,0,0,0,0,0,0,0,0,0,0,0,0,0,0,0,0,0,0,0,0,0,0,0,0,0,0,0,0,0,0,0,0,0,0,0,0,0,0,0
533967_87768_88199_0,62.3,1,0,0,0,0,0,0,0,0,0,0,0,0,0,0,0,0,0,0,0,0,0,0,0,0,0,0,0,0,0,0,0,0,0,0,0,0,0,0,0,0,0,0,0,0,0,0,0,0,0,0,0
533967_87768_88199_1,62.2,1,0,0,0,0,0,0,0,0,0,0,0,0,0,0,0,0,0,0,0,0,0,0,0,0,0,0,0,0,0,0,0,0,0,0,0,0,0,0,0,0,0,0,0,0,0,0,0,0,0,0,0
533967_87769_87770_0,117.5,1,0,0,0,0,0,0,0,0,0,0,0,0,0,0,0,0,0,0,0,0,0,0,0,0,0,0,0,0,0,0,0,0,0,0,0,0,0,0,0,0,0,0,0,0,0,0,0,0,0,0,0
533967_87769_87770_1,97.2,1,0,0,0,0,0,0,0,0,0,0,0,0,0,0,0,0,0,0,0,0,0,0,0,0,0,0,0,0,0,0,0,0,0,0,0,0,0,0,0,0,0,0,0,0,0,0,0,0,0,0,0
533967_88199_88200_0,120.4,1,0,0,0,0,0,0,0,0,0,0,0,0,0,0,0,0,0,0,0,0,0,0,0,0,0,0,0,0,0,0,0,0,0,0,0,0,0,0,0,0,0,0,0,0,0,0,0,0,0,0,0
533967_88199_88200_1,120.8,1,0,0,0,0,0,0,0,0,0,0,0,0,0,0,0,0,0,0,0,0,0,0,0,0,0,0,0,0,0,0,0,0,0,0,0,0,0,0,0,0,0,0,0,0,0,0,0,0,0,0,0
533967_88199_88201_0,56.6,1,0,0,0,0,0,0,0,0,0,0,0,0,0,0,0,0,0,0,0,0,0,0,0,0,0,0,0,0,0,0,0,0,0,0,0,0,0,0,0,0,0,0,0,0,0,0,0,0,0,0,0
533967_88199_88201_1,56.3,1,0,0,0,0,0,0,0,0,0,0,0,0,0,0,0,0,0,0,0,0,0,0,0,0,0,0,0,0,0,0,0,0,0,0,0,0,0,0,0,0,0,0,0,0,0,0,0,0,0,0,0
533967_88200_88202_0,56.0,1,0,0,0,0,0,0,0,0,0,0,0,0,0,0,0,0,0,0,0,0,0,0,0,0,0,0,0,0,0,0,0,0,0,0,0,0,0,0,0,0,0,0,0,0,0,0,0,0,0,0,0
533967_88200_88202_1,56.8,1,0,0,0,0,0,0,0,0,0,0,0,0,0,0,0,0,0,0,0,0,0,0,0,0,0,0,0,0,0,0,0,0,0,0,0,0,0,0,0,0,0,0,0,0,0,0,0,0,0,0,0
533967_88201_88203_0,128.4,1,0,0,0,0,0,0,0,0,0,0,0,0,0,0,0,0,0,0,0,0,0,0,0,0,0,0,0,0,0,0,0,0,0,0,0,0,0,0,0,0,0,0,0,0,0,0,0,0,0,0,0
533967_88201_88203_1,128.3,1,0,0,0,0,0,0,0,0,0,0,0,0,0,0,0,0,0,0,0,0,0,0,0,0,0,0,0,0,0,0,0,0,0,0,0,0,0,0,0,0,0,0,0,0,0,0,0,0,0,0,0
533967_88201_88204_0,86.7,1,0,0,0,0,0,0,0,0,0,0,0,0,0,0,0,0,0,0,0,0,0,0,0,0,0,0,0,0,0,0,0,0,0,0,0,0,0,0,0,0,0,0,0,0,0,0,0,0,0,0,0
533967_88201_88204_1,87.4,1,0,0,0,0,0,0,0,0,0,0,0,0,0,0,0,0,0,0,0,0,0,0,0,0,0,0,0,0,0,0,0,0,0,0,0,0,0,0,0,0,0,0,0,0,0,0,0,0,0,0,0
533967_88202_88204_0,56.8,1,0,0,0,0,0,0,0,0,0,0,0,0,0,0,0,0,0,0,0,0,0,0,0,0,0,0,0,0,0,0,0,0,0,0,0,0,0,0,0,0,0,0,0,0,0,0,0,0,0,0,0
533967_88202_88204_1,56.8,1,0,0,0,0,0,0,0,0,0,0,0,0,0,0,0,0,0,0,0,0,0,0,0,0,0,0,0,0,0,0,0,0,0,0,0,0,0,0,0,0,0,0,0,0,0,0,0,0,0,0,0
533967_88202_88302_0,96.4,1,0,0,0,0,0,0,0,0,0,0,0,0,0,0,0,0,0,0,0,0,0,0,0,0,0,0,0,0,0,0,0,0,0,0,0,0,0,0,0,0,0,0,0,0,0,0,0,0,0,0,0
533967_88202_88302_1,95.6,1,0,0,0,0,0,0,0,0,0,0,0,0,0,0,0,0,0,0,0,0,0,0,0,0,0,0,0,0,0,0,0,0,0,0,0,0,0,0,0,0,0,0,0,0,0,0,0,0,0,0,0
533967_88203_88204_0,84.6,1,0,0,0,0,0,0,0,0,0,0,0,0,0,0,0,0,0,0,0,0,0,0,0,0,0,0,0,0,0,0,0,0,0,0,0,0,0,0,0,0,0,0,0,0,0,0,0,0,0,0,0
533967_88203_88204_1,85.3,1,0,0,0,0,0,0,0,0,0,0,0,0,0,0,0,0,0,0,0,0,0,0,0,0,0,0,0,0,0,0,0,0,0,0,0,0,0,0,0,0,0,0,0,0,0,0,0,0,0,0,0
533967_88203_88302_0,58.8,1,0,0,0,0,0,0,0,0,0,0,0,0,0,0,0,0,0,0,0,0,0,0,0,0,0,0,0,0,0,0,0,0,0,0,0,0,0,0,0,0,0,0,0,0,0,0,0,0,0,0,0
533967_88203_88302_1,58.8,1,0,0,0,0,0,0,0,0,0,0,0,0,0,0,0,0,0,0,0,0,0,0,0,0,0,0,0,0,0,0,0,0,0,0,0,0,0,0,0,0,0,0,0,0,0,0,0,0,0,0,0
I_11_0129024139429,172.6,1,3561,66,59,61,80,80,97,63,108,88,57,69,65,55,55,78,76,62,68,80,65,79,87,75,66,85,60,78,79,66,77,52,77,50,55,96,54,62,66,85,76,83,71,88,53,82,86,91,50,47,53
I_11_0129024139444,339.7,1,2865,17,17,40,43,52,80,83,64,48,55,85,35,63,68,43,44,40,41,41,84,46,51,56,74,77,58,61,52,57,44,53,77,69,55,63,72,87,63,54,40,24,36,51,69,71,83,67,99,49,64
I_11_0129024146232,339.2,1,3577,65,58,61,80,81,98,61,108,87,60,69,60,59,53,81,75,68,66,79,68,75,88,79,66,84,60,81,77,69,74,57,77,47,57,93,56,62,71,80,79,83,73,86,57,79,89,84,55,47,55
I_11_0129024146246,161.8,1,2903,17,17,40,43,52,84,81,65,52,55,85,37,64,70,47,43,43,39,47,87,39,54,53,78,77,55,64,49,61,42,57,74,72,54,65,72,84,66,50,41,24,39,51,75,69,82,76,95,50,67
I_11_0804143920985,118.2,1,1118,5,14,12,21,16,22,21,19,20,16,22,11,23,30,0,22,23,24,36,31,37,18,26,30,20,27,41,25,21,27,23,20,17,27,28,24,26,18,37,31,25,26,15,25,10,18,42,10,24,12
I_11_0804143921001,119.1,1,0,0,0,0,0,0,0,0,0,0,0,0,0,0,0,0,0,0,0,0,0,0,0,0,0,0,0,0,0,0,0,0,0,0,0,0,0,0,0,0,0,0,0,0,0,0,0,0,0,0,0
I_11_533967_-00001533967_00539,76.2,1,1868,11,11,12,9,20,11,20,22,21,13,29,34,40,41,46,42,46,52,65,49,46,45,42,51,56,36,44,54,48,49,44,50,47,42,54,50,50,52,48,58,46,36,32,35,35,36,22,28,16,22
I_11_533967_-00001_533967_-00005,34.8,1,0,0,0,0,0,0,0,0,0,0,0,0,0,0,0,0,0,0,0,0,0,0,0,0,0,0,0,0,0,0,0,0,0,0,0,0,0,0,0,0,0,0,0,0,0,0,0,0,0,0,0
I_11_533967_-00005_533967_-00006,36.0,1,0,0,0,0,0,0,0,0,0,0,0,0,0,0,0,0,0,0,0,0,0,0,0,0,0,0,0,0,0,0,0,0,0,0,0,0,0,0,0,0,0,0,0,0,0,0,0,0,0,0,0
I_11_533967_-00006_533967_-00001,35.7,1,703,2,1,2,0,7,2,8,7,6,2,6,15,18,15,18,21,15,20,32,20,16,16,17,14,24,19,17,20,17,20,13,17,17,16,23,23,20,19,17,25,22,18,9,12,13,15,8,8,6,5
I_11_533967_-00008_533967_-00009,180.6,1,34,0,0,0,0,0,0,1,2,2,1,1,1,1,3,0,2,2,0,0,1,1,0,0,0,1,0,0,0,1,0,0,0,1,0,0,0,0,1,0,0,1,0,1,2,1,1,3,1,0,2
I_11_533967_-00009_533967_-00008,200.8,1,33,0,0,0,0,0,0,1,1,2,1,2,1,2,0,2,1,1,1,0,0,0,2,0,0,0,1,0,0,0,1,0,0,0,1,0,0,0,1,0,0,0,1,2,1,2,1,2,1,1,1
I_11_533967_00539_533967_-00001,78.9,1,2302,50,57,21,55,86,148,100,116,107,107,71,132,108,74,83,98,53,52,16,16,29,52,29,31,34,43,54,64,56,35,37,26,8,41,29,34,27,13,6,19,5,12,6,21,4,12,5,13,6,1
I_11_533967_00937533967_01269,117.5,2,2847,35,47,17,50,63,74,84,37,103,53,45,96,48,22,81,46,61,44,52,59,50,69,59,53,78,78,63,48,62,29,61,33,84,51,43,66,41,49,49,97,103,26,53,17,45,70,80,71,38,64
I_11_533967_00937533967_01406,145.2,2,2293,27,32,37,47,61,46,64,66,47,66,60,53,58,52,54,58,38,63,42,36,49,43,59,53,43,31,39,37,35,27,42,52,39,60,42,32,36,34,50,47,40,46,50,74,19,27,53,57,44,26
I_11_533967_00937533967_01657,199.1,2,5182,90,93,101,102,69,118,95,118,133,117,107,105,87,89,108,81,80,88,96,98,90,99,83,113,75,115,67,110,81,106,109,100,89,103,115,89,107,100,122,106,118,139,126,138,128,140,106,124,106,103
I_11_533967_00939533967_01485,284.3,2,5393,17,52,60,66,85,81,82,87,97,75,89,52,57,74,77,77,100,106,119,136,109,148,119,160,104,152,135,144,138,125,113,161,100,130,106,115,146,97,133,149,125,122,119,134,127,131,115,133,100,114
I_11_533967_00977533967_00978,313.2,2,2659,67,88,69,106,116,107,154,135,71,87,102,42,47,53,38,14,23,36,36,13,11,13,44,60,18,41,53,48,40,38,35,28,65,47,26,10,26,44,27,20,42,63,60,25,72,62,66,53,39,79
I_11_533967_00977533967_01421,228.5,2,5275,25,68,46,87,115,81,78,94,127,95,104,62,85,131,177,147,97,136,142,137,83,116,112,105,102,102,120,110,106,110,86,133,77,88,109,125,110,78,99,136,91,101,110,112,111,128,134,100,135,112
I_11_533967_00977533967_01425,161.1,2,2466,15,30,29,19,46,63,44,44,39,68,48,51,60,39,30,42,61,51,52,57,45,62,39,31,52,31,43,42,33,37,53,45,59,45,60,61,62,51,58,86,57,47,84,84,79,56,64,60,28,24
I_11_533967_00977533967_01555,215.2,1,1507,24,21,30,30,43,48,60,49,37,43,32,46,47,24,24,32,36,22,18,26,33,24,23,27,17,40,32,33,17,27,28,15,39,44,23,22,26,24,54,18,21,29,36,33,28,18,19,31,16,18
I_11_533967_00978533967_00977,322.1,2,3352,25,31,33,43,61,67,58,50,56,65,60,56,38,80,93,65,49,77,83,80,72,68,64,80,51,83,73,87,89,49,67,86,49,71,74,61,79,56,84,84,56,86,63,73,86,73,86,63,94,75
I_11_533967_01268533967_00937,127.5,2,3452,86,78,83,97,68,94,73,68,98,75,81,80,78,79,96,63,51,62,68,73,57,53,72,74,57,74,43,64,55,52,86,48,73,69,58,42,61,58,66,76,65,79,46,83,54,75,78,62,64,57
I_11_533967_01405533967_00937,160.5,2,3753,28,32,39,22,41,52,53,72,101,56,66,66,61,35,72,63,86,75,76,72,79,88,83,92,84,86,82,75,88,62,92,73,80,79,101,83,88,48,117,103,135,63,102,73,102,88,115,82,66,76
I_11_533967_01412533967_01657,164.4,1,1387,51,85,58,46,44,32,43,32,33,20,23,34,32,22,23,20,8,22,22,26,38,12,18,15,19,19,12,21,26,4,25,14,26,18,12,33,20,23,25,22,33,33,40,20,27,43,19,23,41,30
I_11_533967_01418533967_00977,324.9,2,2039,34,61,48,42,69,80,83,76,62,52,46,35,55,26,49,51,29,35,32,37,30,30,35,31,32,33,50,26,26,31,28,30,32,35,25,30,35,43,34,34,34,28,41,38,56,37,46,42,36,29
I_11_533967_01485533967_00940,271.3,2,3918,66,89,89,89,119,97,123,111,78,112,116,66,84,83,78,93,87,67,76,58,60,55,79,73,58,80,86,69,63,57,62,68,95,74,64,55,50,61,68,45,74,90,119,81,90,78,88,74,42,79
I_11_533967_01485533967_01405,228.7,2,3757,33,34,32,27,39,54,48,75,98,62,62,74,51,44,63,68,81,80,71,82,69,97,74,100,77,92,75,84,79,69,85,83,70,85,95,100,71,55,110,126,127,66,84,81,94,93,110,88,60,80
I_11_533967_01485533967_14021,111.0,1,2425,18,13,20,29,49,47,53,36,56,43,49,26,39,32,34,38,31,44,37,80,32,54,61,74,79,59,64,44,58,46,62,37,40,52,55,34,44,37,54,53,58,72,52,58,55,71,62,58,87,39
I_11_533967_01485533967_14155,506.4,2,4800,23,63,68,75,82,59,65,106,97,92,79,78,77,98,121,123,109,114,134,69,117,129,91,119,67,112,127,125,96,73,79,148,97,119,68,77,146,101,123,91,96,99,111,164,75,97,87,101,80,53
I_11_533967_01555533967_00977,242.1,1,2872,15,35,26,65,82,55,81,65,75,87,54,47,56,65,62,59,61,71,66,64,24,76,58,45,61,20,48,49,29,65,57,51,62,47,66,69,57,45,62,94,64,41,71,65,68,69,65,56,51,46
I_11_533967_01644533967_01485,123.9,2,2289,27,31,37,36,71,46,65,62,51,63,62,52,60,50,56,53,42,58,49,32,53,41,56,55,46,28,42,33,39,24,45,48,43,56,44,31,39,27,57,44,43,41,47,73,28,23,57,52,49,22
I_11_533967_01657533967_01413,145.9,1,1188,45,60,106,31,25,14,26,31,3,13,6,9,16,8,3,21,6,9,24,50,32,8,5,10,5,7,3,12,8,2,23,11,20,14,5,25,14,5,8,23,37,68,63,25,54,47,23,34,37,54
I_11_533967_01657533967_01658,104.5,2,5536,121,153,115,105,99,138,113,131,146,126,103,129,103,93,111,98,75,96,108,89,100,94,88,108,89,118,70,120,95,106,111,97,93,107,110,111,111,114,135,114,105,136,121,136,120,144,97,126,121,87
I_11_533967_01657533967_13308,132.6,2,3125,40,61,40,82,79,95,113,81,95,100,75,91,54,49,81,50,46,57,52,39,60,63,52,48,67,55,47,52,38,44,43,56,61,62,54,52,42,67,46,65,67,60,93,61,49,63,65,91,61,61
I_11_533967_01659533967_01657,118.8,2,3282,72,90,103,69,89,101,111,94,77,103,52,90,54,40,63,69,38,54,64,56,62,54,44,40,65,46,41,53,34,42,43,50,61,61,41,66,40,65,40,75,58,93,109,65,68,73,57,104,72,71
I_11_533967_13308533967_00937,76.5,2,3125,40,61,39,82,79,92,116,81,90,104,73,94,54,50,81,50,46,57,50,41,55,68,52,48,65,57,44,55,36,46,41,58,59,64,52,53,43,67,44,67,65,62,92,62,48,64,62,94,61,61
I_11_533967_13718533967_00977,165.1,2,3645,58,79,67,92,108,98,117,127,86,91,119,63,90,84,71,56,68,62,68,53,48,41,59,65,50,78,74,69,63,56,52,55,95,70,59,57,51,58,52,46,65,85,110,79,83,82,92,78,42,74
I_11_533967_13845533967_01485,812.9,2,4886,63,67,77,101,102,85,116,110,111,101,119,93,96,87,108,123,114,99,90,92,75,95,91,114,85,120,96,112,87,81,88,83,97,115,97,91,74,86,108,102,120,113,105,98,108,118,112,93,98,70
I_11_533967_14021533967_01485,135.4,1,2336,37,56,34,18,41,28,47,66,64,60,50,34,42,39,61,62,63,35,59,24,51,47,44,36,46,39,80,34,31,13,43,40,63,43,27,30,50,45,64,25,73,59,74,73,57,64,66,37,30,32
Zone_1,11,-1,5075,120,112,82,128,155,126,158,173,169,106,93,98,103,100,120,98,94,91,96,145,77,120,85,120,99,90,103,114,100,88,66,89,100,74,92,82,83,83,111,73,102,90,86,95,88,80,93,91,73,61
Zone_10,11,-1,3357,30,28,34,43,64,65,60,51,56,61,62,58,37,82,96,55,53,77,79,89,65,70,66,78,47,92,70,84,90,46,66,92,50,68,79,55,78,56,86,83,55,85,65,71,89,72,87,62,96,74
Zone_11,11,-1,4893,69,70,72,113,96,84,116,112,112,100,120,93,94,92,108,125,113,88,98,86,87,80,102,105,99,105,116,92,92,74,96,77,106,109,99,88,77,82,120,89,126,111,108,96,108,122,112,83,106,65
Zone_12,11,-1,4520,91,95,93,104,109,122,122,110,127,128,83,81,80,94,95,97,86,49,90,71,117,74,97,61,89,85,92,63,59,70,70,74,98,95,62,109,70,103,91,85,78,94,124,95,86,85,90,89,98,90
Zone_13,11,-1,1828,53,44,42,55,46,60,63,60,54,69,38,53,51,34,36,43,35,51,45,33,16,25,39,37,43,28,26,18,27,18,31,31,28,39,26,34,22,20,36,34,15,14,39,34,32,31,44,30,20,26
Zone_14,11,-1,3452,89,78,90,90,73,89,77,62,104,71,87,73,87,70,99,59,59,55,71,72,58,51,74,71,58,74,43,63,63,45,88,45,76,65,59,41,70,50,67,75,67,79,49,79,55,71,91,53,62,55
Zone_15,11,-1,2351,25,41,35,49,74,61,48,31,59,42,36,33,34,51,48,15,55,26,38,59,39,54,54,56,54,51,42,49,37,48,57,45,30,53,65,62,42,57,59,39,53,32,41,62,52,62,57,43,46,50
Zone_16,11,-1,1388,54,90,51,50,41,34,40,33,33,18,24,34,32,25,20,19,9,22,21,30,35,12,17,19,15,19,12,23,25,4,24,14,27,18,12,32,20,27,21,25,30,37,37,21,25,45,18,24,40,30
Zone_17,11,-1,0,0,0,0,0,0,0,0,0,0,0,0,0,0,0,0,0,0,0,0,0,0,0,0,0,0,0,0,0,0,0,0,0,0,0,0,0,0,0,0,0,0,0,0,0,0,0,0,0,0,0
Zone_18,11,-1,0,0,0,0,0,0,0,0,0,0,0,0,0,0,0,0,0,0,0,0,0,0,0,0,0,0,0,0,0,0,0,0,0,0,0,0,0,0,0,0,0,0,0,0,0,0,0,0,0,0,0
Zone_19,11,-1,0,0,0,0,0,0,0,0,0,0,0,0,0,0,0,0,0,0,0,0,0,0,0,0,0,0,0,0,0,0,0,0,0,0,0,0,0,0,0,0,0,0,0,0,0,0,0,0,0,0,0
Zone_2,11,-1,3014,46,40,43,72,85,86,73,106,114,81,67,70,67,68,55,65,53,51,56,49,41,42,55,78,59,35,51,47,38,36,39,52,45,44,47,40,55,54,74,55,75,65,63,72,82,70,84,63,54,52
Zone_20,11,-1,0,0,0,0,0,0,0,0,0,0,0,0,0,0,0,0,0,0,0,0,0,0,0,0,0,0,0,0,0,0,0,0,0,0,0,0,0,0,0,0,0,0,0,0,0,0,0,0,0,0,0
Zone_21,11,-1,0,0,0,0,0,0,0,0,0,0,0,0,0,0,0,0,0,0,0,0,0,0,0,0,0,0,0,0,0,0,0,0,0,0,0,0,0,0,0,0,0,0,0,0,0,0,0,0,0,0,0
Zone_22,11,-1,0,0,0,0,0,0,0,0,0,0,0,0,0,0,0,0,0,0,0,0,0,0,0,0,0,0,0,0,0,0,0,0,0,0,0,0,0,0,0,0,0,0,0,0,0,0,0,0,0,0,0
Zone_23,11,-1,33,0,0,0,0,0,0,1,1,2,1,2,1,2,0,2,1,1,1,0,0,0,2,0,0,0,1,0,0,0,1,0,0,0,1,0,0,0,1,0,0,0,1,2,1,2,1,2,1,1,1
Zone_24,11,-1,20,0,0,0,0,0,0,0,0,0,0,1,0,1,1,0,1,1,0,0,1,0,1,0,0,0,1,1,1,0,1,0,0,0,1,0,1,1,1,0,0,1,1,1,0,0,1,0,0,0,1
Zone_3,11,-1,4018,91,89,92,112,84,84,89,85,84,93,86,54,79,74,65,74,62,72,80,92,59,72,100,78,89,87,84,76,66,55,74,55,50,56,78,84,78,74,84,94,67,85,103,89,96,95,89,91,90,79
Zone_4,11,-1,328,0,0,0,0,5,2,10,7,4,4,9,12,2,9,4,8,7,5,3,10,1,13,6,5,0,0,7,3,2,8,11,6,3,10,11,12,12,0,8,0,6,5,18,13,12,14,12,15,0,14
Zone_5,11,-1,4581,67,76,56,93,84,112,119,102,105,135,86,112,118,99,105,85,89,102,88,63,83,111,64,76,83,84,111,74,70,82,74,90,92,84,85,124,87,78,66,107,57,98,84,109,91,111,95,118,109,88
Zone_6,11,-1,1872,11,11,12,9,21,10,21,23,19,13,29,38,37,45,42,41,49,52,69,42,50,41,48,46,56,36,46,52,53,43,48,46,47,44,57,45,55,47,55,58,41,36,30,35,35,37,23,27,17,24
Zone_7,11,-1,3021,61,35,61,72,75,52,93,78,98,65,71,58,70,59,77,67,66,55,71,61,60,46,83,57,62,35,43,39,70,28,38,45,54,50,50,31,48,40,72,66,91,75,87,60,64,56,65,62,48,51
Zone_8,11,-1,1271,41,33,40,29,33,27,40,54,49,30,32,22,35,28,39,26,34,18,21,23,33,19,20,19,18,14,19,11,14,14,18,20,28,13,20,13,14,16,32,19,35,23,37,28,19,21,28,14,18,20
Zone_9,11,-1,5537,143,116,126,136,120,155,120,143,133,160,100,133,153,111,93,91,92,97,106,106,111,99,93,99,111,108,118,107,120,107,130,151,96,115,84,116,112,98,102,105,71,113,87,119,103,113,72,94,64,85
