route_id,V_kmh,Dpillar,simulation_delay
D10_311,10.0,23.99999999925001,
D10_311,12.5,19.423143107989468,
D10_311,15.0,23.32396839332749,
D10_311,17.5,26.11027216856893,
D10_311,20.0,28.200000000000003,30.0
D10_311,22.5,24.533333337793923,30.66666603088379
D10_311,25.0,21.60000000000001,26.399999618530277
D10_311,27.5,25.090909089818187,25.090909957885746
D10_311,30.0,28.000000002500013,28.0
D10_311,32.5,29.538461532923076,29.538461685180664
D10_311,35.0,27.42857142514285,27.428571701049805
D10_311,37.5,25.600000003999984,25.600000381469727
D10_311,40.0,23.99999999999999,24.0
D10_311,42.5,22.588235296235283,22.58823585510254
D10_311,45.0,21.33333333066665,21.33333396911621
D10_311,47.5,20.210526319578943,20.210525512695312
D10_311,50.0,19.19999999999999,19.200000762939453
D10_312,10.0,17.13417721482063,
D10_312,12.5,24.0,
D10_312,15.0,22.91139240506328,
D10_312,17.5,25.24773960216997,
D10_312,20.0,26.999999999999996,30.0
D10_312,22.5,29.46666666271794,32.0
D10_312,25.0,28.79999999999997,33.599998474121094
D10_312,27.5,25.3090909029818,31.636363983154297
D10_312,30.0,22.399999993599984,28.0
D10_312,32.5,23.076923077846143,24.923076629638672
D10_312,35.0,25.714285712571414,25.714284896850582
D10_312,37.5,28.000000004,28.0
D10_312,40.0,30.0,30.0
D10_312,42.5,28.235294123294107,28.235294342041016
D10_312,45.0,26.666666669333328,26.66666603088379
D10_312,47.5,25.263157893473675,25.263158798217773
D10_312,50.0,23.99999999999999,24.0
D10_313,10.0,28.01095890410957,
D10_313,12.5,21.49748443337484,
D10_313,15.0,24.0,
D10_313,17.5,24.775591531755907,
D10_313,20.0,25.8,36.0
D10_313,22.5,28.399999996,32.0
D10_313,25.0,30.47999999999999,33.599998474121094
D10_313,27.5,32.18181818203635,34.90909194946289
D10_313,30.0,28.799999999999983,36.0
D10_313,32.5,25.84615383950769,32.30769348144531
D10_313,35.0,23.314285710171426,29.14285659790039
D10_313,37.5,21.599999999999994,26.399999618530277
D10_313,40.0,23.999999999999982,24.0
D10_313,42.5,26.11764706164705,26.117647171020508
D10_313,45.0,28.000000004,28.0
D10_313,47.5,29.684210520631574,29.6842098236084
D10_313,50.0,28.8,28.799999237060547
D10_314,10.0,24.282352941176462,
D10_314,12.5,24.0,
D10_314,15.0,19.99999999999997,
D10_314,17.5,19.41425942693577,
D10_314,20.0,21.599999999999994,30.0
D10_314,22.5,19.866666663733334,29.33333396911621
D10_314,25.0,22.799999999999997,24.0
D10_314,27.5,25.1999999976,26.18181800842285
D10_314,30.0,22.400000003199978,28.0
D10_314,32.5,23.076923077846143,24.923076629638672
D10_314,35.0,25.714285712571414,25.714284896850582
D10_314,37.5,28.000000004,28.0
D10_314,40.0,30.0,30.0
D10_314,42.5,28.235294123294107,28.235294342041016
D10_314,45.0,26.666666669333328,26.66666603088379
D10_314,47.5,25.263157893473675,25.263158798217773
D10_314,50.0,23.99999999999999,24.0
D10_321,10.0,24.282352941176462,
D10_321,12.5,24.0,
D10_321,15.0,19.99999999999997,
D10_321,17.5,16.01436210847975,
D10_321,20.0,16.2,24.0
D10_321,22.5,19.866666663733334,21.33333396911621
D10_321,25.0,22.799999999999997,24.0
D10_321,27.5,25.1999999976,26.18181800842285
D10_321,30.0,22.400000003199978,28.0
D10_321,32.5,23.076923077846143,24.923076629638672
D10_321,35.0,25.714285712571414,25.714284896850582
D10_321,37.5,28.000000004,28.0
D10_321,40.0,30.0,30.0
D10_321,42.5,28.235294123294107,28.235294342041016
D10_321,45.0,26.666666669333328,26.66666603088379
D10_321,47.5,25.263157893473675,25.263158798217773
D10_321,50.0,23.99999999999999,24.0
D10_322,10.0,24.00000000000002,
D10_322,12.5,21.800506330808027,
D10_322,15.0,24.0,
D10_322,17.5,22.285714285714302,
D10_322,20.0,22.2,36.0
D10_322,22.5,18.79999999839999,28.0
D10_322,25.0,21.840000000000003,24.0
D10_322,27.5,24.327272725745445,26.18181800842285
D10_322,30.0,26.39999999280001,28.0
D10_322,32.5,25.846153844872383,29.538461685180664
D10_322,35.0,23.314285710171426,29.14285659790039
D10_322,37.5,21.599999999999994,26.399999618530277
D10_322,40.0,23.999999999999982,24.0
D10_322,42.5,26.11764706164705,26.117647171020508
D10_322,45.0,28.000000004,28.0
D10_322,47.5,29.684210520631574,29.6842098236084
D10_322,50.0,28.8,28.799999237060547
D10_323,10.0,13.634442270058706,
D10_323,12.5,32.16657534549731,
D10_323,15.0,24.944814090019573,
D10_323,17.5,28.176348895722672,
D10_323,20.0,30.6,42.59999847412109
D10_323,22.5,25.06666666773333,38.66666793823242
D10_323,25.0,20.880000000000003,31.200000762939453
D10_323,27.5,23.45454546349091,26.18181800842285
D10_323,30.0,25.600000004000005,28.0
D10_323,32.5,27.415384610769237,29.538461685180664
D10_323,35.0,28.799999994063143,30.85714340209961
D10_323,37.5,26.24000000319998,32.0
D10_323,40.0,23.999999999999982,30.0
D10_323,42.5,22.023529412329395,27.52941131591797
D10_323,45.0,22.666666665333334,25.33333396911621
D10_323,47.5,24.63157894673684,24.63157844543457
D10_323,50.0,26.4,26.399999618530277
D10_324,10.0,24.00000000000002,
D10_324,12.5,26.08941176773744,
D10_324,15.0,24.0,
D10_324,17.5,22.285714285714302,
D10_324,20.0,21.000000000000007,36.0
D10_324,22.5,16.533333335466665,28.0
D10_324,25.0,17.759999999999994,21.600000381469727
D10_324,27.5,17.018181820363637,22.909090042114254
D10_324,30.0,19.200000007200003,24.0
D10_324,32.5,21.50769230898462,22.153846740722656
D10_324,35.0,23.31428571383457,24.0
D10_324,37.5,21.599999999999994,25.600000381469727
D10_324,40.0,23.999999999999982,24.0
D10_324,42.5,26.11764706164705,26.117647171020508
D10_324,45.0,28.000000004,28.0
D10_324,47.5,29.684210520631574,29.6842098236084
D10_324,50.0,28.8,28.799999237060547
D10_331,10.0,30.0,
D10_331,12.5,18.957983193277308,
D10_331,15.0,22.265546218487398,
D10_331,17.5,24.62809123649459,
D10_331,20.0,26.399999999999995,33.0
D10_331,22.5,22.400000003199988,28.0
D10_331,25.0,23.999999999999996,24.0
D10_331,27.5,27.272727269454546,27.272727966308597
D10_331,30.0,29.999999999999996,30.0
D10_331,32.5,27.692307688615383,27.69230842590332
D10_331,35.0,25.71428571257143,25.714284896850582
D10_331,37.5,23.999999999999996,24.0
D10_331,40.0,22.5,22.5
D10_331,42.5,21.17647059247058,21.176469802856445
D10_331,45.0,19.999999996,20.0
D10_331,47.5,18.947368426105268,18.94736862182617
D10_331,50.0,17.999999999999996,18.0
D10_332,10.0,14.959177215189865,
D10_332,12.5,28.799999996210545,
D10_332,15.0,24.986392405063285,
D10_332,17.5,27.851311030741392,
D10_332,20.0,29.999999999999982,33.0
D10_332,22.5,30.933333325866645,34.66666793823242
D10_332,25.0,26.879999999999985,33.599998474121094
D10_332,27.5,23.56363635927272,29.454545974731445
D10_332,30.0,22.000000004000007,26.0
D10_332,32.5,24.923076922153854,24.923076629638672
D10_332,35.0,27.42857142514286,27.428571701049805
D10_332,37.5,29.59999999600001,29.600000381469727
D10_332,40.0,28.499999999999996,28.5
D10_332,42.5,26.8235294075294,26.823530197143555
D10_332,45.0,25.33333333466665,25.33333396911621
D10_332,47.5,23.99999999999999,24.0
D10_332,50.0,22.79999999999999,22.799999237060547
D10_333,10.0,23.21095890410957,
D10_333,12.5,21.573471894189883,
D10_333,15.0,28.000000001913065,
D10_333,17.5,27.079398070045208,
D10_333,20.0,28.8,33.0
D10_333,22.5,31.066666665333337,34.66666793823242
D10_333,25.0,32.87999999999999,36.0
D10_333,27.5,30.545454550309078,37.09090805053711
D10_333,30.0,27.200000003199985,34.0
D10_333,32.5,24.369230764061523,30.461538314819336
D10_333,35.0,21.94285714011428,27.428571701049805
D10_333,37.5,23.200000004000003,24.799999237060547
D10_333,40.0,25.500000000000004,25.5
D10_333,42.5,27.52941176541177,27.52941131591797
D10_333,45.0,29.3333333324058,29.33333396911621
D10_333,47.5,29.052631573894736,29.052631378173828
D10_333,50.0,27.599999999999987,27.600000381469727
D10_334,10.0,19.482352941176455,
D10_334,12.5,28.799999996210545,
D10_334,15.0,17.58139534883719,
D10_334,17.5,18.318168646769053,
D10_334,20.0,19.800000000000004,33.0
D10_334,22.5,22.533333333066672,26.66666603088379
D10_334,25.0,25.2,26.399999618530277
D10_334,27.5,23.56363636587272,28.363636016845703
D10_334,30.0,22.000000004000007,26.0
D10_334,32.5,24.923076922153854,24.923076629638672
D10_334,35.0,27.42857142514286,27.428571701049805
D10_334,37.5,29.59999999600001,29.600000381469727
D10_334,40.0,28.499999999999996,28.5
D10_334,42.5,26.8235294075294,26.823530197143555
D10_334,45.0,25.33333333466665,25.33333396911621
D10_334,47.5,23.99999999999999,24.0
D10_334,50.0,22.79999999999999,22.799999237060547
D10_H01,10.0,13.37142857142857,
D10_H01,12.5,31.028571428571432,
D10_H01,15.0,27.77142857142855,
D10_H01,17.5,31.73877551020409,
D10_H01,20.0,34.800000000000004,42.0
D10_H01,22.5,28.800000004799998,44.0
D10_H01,25.0,23.99999999999999,36.0
D10_H01,27.5,23.01818181556363,29.454545974731445
D10_H01,30.0,25.19999999280001,28.0
D10_H01,32.5,27.04615385150769,29.538461685180664
D10_H01,35.0,28.628571422742844,30.85714340209961
D10_H01,37.5,28.799999999999983,32.0
D10_H01,40.0,26.399999999999995,33.0
D10_H01,42.5,24.282352947952923,30.352941513061523
D10_H01,45.0,22.400000003199988,28.0
D10_H01,47.5,22.105263159789452,25.894737243652344
D10_H01,50.0,23.999999999999996,24.0
D10_H02,10.0,23.99999999723076,
D10_H02,12.5,23.568273083986725,
D10_H02,15.0,23.43869028869394,
D10_H02,17.5,27.11688311688312,
D10_H02,20.0,28.403999999999986,42.0
D10_H02,22.5,24.69866665973333,33.33333206176758
D10_H02,25.0,27.14880000000001,30.43199920654297
D10_H02,27.5,29.15345454610909,32.029090881347656
D10_H02,30.0,30.82399999543529,33.36000061035156
D10_H02,32.5,28.799999999576457,34.48615264892578
D10_H02,35.0,26.057142859885708,32.57143020629883
D10_H02,37.5,23.680000006399982,29.600000381469727
D10_H02,40.0,21.599999999999987,27.0
D10_H02,42.5,23.294117642117644,24.705883026123047
D10_H02,45.0,25.33333333466667,25.33333396911621
D10_H02,47.5,27.15789473368421,27.157894134521484
D10_H02,50.0,28.79999999999999,28.799999237060547
D10_H03,10.0,23.647058822325253,
D10_H03,12.5,23.089131365745803,
D10_H03,15.0,37.41451102673433,
D10_H03,17.5,35.970555087082325,
D10_H03,20.0,39.996,54.0
D10_H03,22.5,34.48533333066666,42.66666793823242
D10_H03,25.0,29.11679999999999,43.58399963378906
D10_H03,27.5,24.724363635927272,38.18181991577149
D10_H03,30.0,21.06399999679999,32.0
D10_H03,32.5,21.85476923353845,26.769229888916016
D10_H03,35.0,23.807999995199985,26.26285743713379
D10_H03,37.5,25.50080000320001,27.71199989318848
D10_H03,40.0,26.982,28.979999542236328
D10_H03,42.5,28.288941176667656,30.09882354736328
D10_H03,45.0,26.66666667301661,31.093334197998047
D10_H03,47.5,24.757894740884204,30.94736862182617
D10_H03,50.0,23.039999999999992,28.799999237060547
D10_H04,10.0,12.94879721808625,
D10_H04,12.5,25.089418512941155,
D10_H04,15.0,30.21353548118252,
D10_H04,17.5,32.38811388829804,
D10_H04,20.0,35.62799999999999,44.040000915527344
D10_H04,22.5,29.53599999679999,45.33333206176758
D10_H04,25.0,24.662399999999995,37.63199996948242
D10_H04,27.5,20.67490909221818,30.938180923461918
D10_H04,30.0,21.464000000800016,25.36000061035156
D10_H04,32.5,23.59753845987693,25.846153259277344
D10_H04,35.0,25.42628572217141,27.428571701049805
D10_H04,37.5,27.01119999920001,28.799999237060547
D10_H04,40.0,27.215999999999987,30.0
D10_H04,42.5,25.050352947952923,31.058822631835938
D10_H04,45.0,23.12533333226665,28.906665802001957
D10_H04,47.5,21.40294737044209,26.753684997558597
D10_H04,50.0,23.18400000000001,24.81599998474121
D10_H05,10.0,13.608174295165906,
D10_H05,12.5,32.42131984710378,
D10_H05,15.0,27.18405809838864,
D10_H05,17.5,31.062882042166557,
D10_H05,20.0,33.971999999999994,42.41999816894531
D10_H05,22.5,28.064000003199983,42.186668395996094
D10_H05,25.0,24.88319999999999,34.36800003051758
D10_H05,27.5,27.09381818683636,30.545454025268555
D10_H05,30.0,28.935999996800007,32.0
D10_H05,32.5,30.494769232164817,33.230770111083984
D10_H05,35.0,30.610285710171425,34.28571319580078
D10_H05,37.5,27.929600003199997,34.9119987487793
D10_H05,40.0,25.58399999999999,31.979999542236328
D10_H05,42.5,23.514352938352925,29.392940521240234
D10_H05,45.0,21.67466667413332,27.093334197998047
D10_H05,47.5,22.96421052063157,25.035789489746094
D10_H05,50.0,24.81600000000001,24.81599998474121
D10_H06,10.0,12.746228760818678,
D10_H06,12.5,27.21240966431097,
D10_H06,15.0,28.322724291729266,
D10_H06,17.5,29.252889822974083,
D10_H06,20.0,32.00399999999998,42.0
D10_H06,22.5,27.38133333066666,40.0
D10_H06,25.0,22.723199999999995,36.0
D10_H06,27.5,20.426181815563627,29.454545974731445
D10_H06,30.0,22.823999992800005,25.36000061035156
D10_H06,32.5,24.85292307064615,27.101537704467773
D10_H06,35.0,26.5919999976,28.59428596496582
D10_H06,37.5,28.099200001356827,29.88800048828125
D10_H06,40.0,26.399999999999988,31.020000457763672
D10_H06,42.5,24.282352947952926,30.352941513061523
D10_H06,45.0,22.399999993599987,28.0
D10_H06,47.5,22.10526315978948,25.894737243652344
D10_H06,50.0,24.00000000000001,24.0
D10_H07,10.0,12.579727714839493,
D10_H07,12.5,34.28278665082898,
D10_H07,15.0,28.45724257161317,
D10_H07,17.5,32.99367538783421,
D10_H07,20.0,36.396,42.0
D10_H07,22.5,30.218666664533323,43.52000045776367
D10_H07,25.0,25.276799999999987,36.0
D10_H07,27.5,25.61018181556361,29.454545974731445
D10_H07,30.0,27.57599999279999,30.63999938964844
D10_H07,32.5,29.23938461076922,31.97538375854492
D10_H07,35.0,30.665142855080745,33.119998931884766
D10_H07,37.5,28.79999999999999,34.11199951171875
D10_H07,40.0,26.4,33.0
D10_H07,42.5,24.282352938352933,30.352941513061523
D10_H07,45.0,22.400000003199995,28.0
D10_H07,47.5,22.105263159789452,25.894737243652344
D10_H07,50.0,23.999999999999996,24.0
D30_311,10.0,30.000000000000018,
D30_311,12.5,24.63272727267569,
D30_311,15.0,14.072727272727253,
D30_311,17.5,15.428571425357108,
D30_311,20.0,24.000000000000043,36.0
D30_311,22.5,31.599999995054528,48.0
D30_311,25.0,29.99999999999998,52.79999923706055
D30_311,27.5,36.43636363592728,50.18181991577149
D30_311,30.0,36.0,48.0
D30_311,32.5,32.86153845627694,40.61538314819336
D30_311,35.0,29.142857142514305,41.65714263916016
D30_311,37.5,25.92,40.79999923706055
D30_311,40.0,23.100000000000005,36.0
D30_311,42.5,20.611764710964707,31.764705657958984
D30_311,45.0,21.2000000008,28.0
D30_311,47.5,22.67368422025263,25.263158798217773
D30_311,50.0,24.00000000000001,26.399999618530277
D30_312,10.0,3.1459459459459507,
D30_312,12.5,23.760000001737158,
D30_312,15.0,32.529729730652825,
D30_312,17.5,25.71428571828572,
D30_312,20.0,2.6195262175615174e-15,0.0
D30_312,22.5,19.99999999600001,20.0
D30_312,25.0,24.0,31.200000762939453
D30_312,27.5,23.4545454514909,31.636363983154297
D30_312,30.0,24.000000000000007,36.0
D30_312,32.5,30.55384615929231,39.69230651855469
D30_312,35.0,35.142857144914274,42.85714340209961
D30_312,37.5,37.68000000000001,45.59999847412109
D30_312,40.0,35.7,45.29999923706055
D30_312,42.5,32.47058823938823,46.94117736816406
D30_312,45.0,29.6000000056,44.0
D30_312,47.5,27.031578944336854,39.78947448730469
D30_312,50.0,24.719999999999995,36.0
D30_313,10.0,31.199999999999932,
D30_313,12.5,19.920000000661336,
D30_313,15.0,12.000000000000004,
D30_313,17.5,38.42539682573232,
D30_313,20.0,23.99999999999998,24.0
D30_313,22.5,12.00000000000002,12.0
D30_313,25.0,7.2000000000000135,7.199999809265137
D30_313,27.5,22.909090910181817,22.909090042114254
D30_313,30.0,23.999999999999982,24.0
D30_313,32.5,17.81538461796923,21.230770111083984
D30_313,35.0,16.628571422742848,22.28571510314941
D30_313,37.5,19.91999999999997,26.399999618530277
D30_313,40.0,24.59999999999997,30.0
D30_313,42.5,28.729411758211743,33.17647171020508
D30_313,45.0,32.39999999999998,36.0
D30_313,47.5,35.05263157629473,38.52631759643555
D30_313,50.0,34.800000000000004,40.79999923706055
D30_314,10.0,38.39999999999999,
D30_314,12.5,26.21090909157042,
D30_314,15.0,11.100746596398762,
D30_314,17.5,26.545454545926905,
D30_314,20.0,16.199999999999996,18.0
D30_314,22.5,19.99999999600001,20.0
D30_314,25.0,24.00000000000001,36.0
D30_314,27.5,37.09090908853817,42.54545593261719
D30_314,30.0,38.39999999999997,48.0
D30_314,32.5,31.01538461316925,38.769229888916016
D30_314,35.0,24.68571428022858,34.28571319580078
D30_314,37.5,23.99999999999998,33.599998474121094
D30_314,40.0,30.0,33.0
D30_314,42.5,24.98823529383528,35.29411697387695
D30_314,45.0,25.599999996799987,40.0
D30_314,47.5,25.515789476968425,39.78947448730469
D30_314,50.0,23.28000000000001,36.0
D30_321,10.0,38.39999999999998,
D30_321,12.5,26.210909091570397,
D30_321,15.0,12.54545454545454,
D30_321,17.5,26.54545454592689,
D30_321,20.0,16.799999999999997,24.0
D30_321,22.5,22.799999991599982,24.0
D30_321,25.0,29.99999999999998,36.0
D30_321,27.5,37.09090908853816,42.54545593261719
D30_321,30.0,38.399999999999984,48.0
D30_321,32.5,31.015384613169264,38.769229888916016
D30_321,35.0,24.685714280228595,30.85714340209961
D30_321,37.5,23.99999999999998,24.0
D30_321,40.0,29.99999999999997,30.0
D30_321,42.5,24.705882357882363,24.705883026123047
D30_321,45.0,19.999999996000017,24.0
D30_321,47.5,18.631578956336835,24.0
D30_321,50.0,19.2,24.0
D30_322,10.0,12.00000000000002,
D30_322,12.5,22.800000001097168,
D30_322,15.0,28.92972972860029,
D30_322,17.5,9.437837837837847,
D30_322,20.0,23.99999999999998,24.0
D30_322,22.5,12.00000000000002,12.0
D30_322,25.0,7.2000000000000135,7.199999809265137
D30_322,27.5,22.909090910181817,22.909090042114254
D30_322,30.0,24.00000000000003,36.0
D30_322,32.5,35.076923077846125,43.38461685180664
D30_322,35.0,35.14285714011429,44.57143020629883
D30_322,37.5,33.36000000000001,43.20000076293945
D30_322,40.0,32.099999999999994,42.0
D30_322,42.5,29.505882360882342,40.94117736816406
D30_322,45.0,29.200000002199992,40.0
D30_322,47.5,29.242105261515785,39.15789413452149
D30_322,50.0,29.279999999999987,38.400001525878906
D30_323,10.0,24.000000000000053,
D30_323,12.5,22.73600000265438,
D30_323,15.0,23.99999999922574,
D30_323,17.5,33.33968253965996,
D30_323,20.0,22.200000000000067,36.0
D30_323,22.5,25.59999999680003,28.0
D30_323,25.0,21.60000000000004,21.600000381469727
D30_323,27.5,3.2727272714271827,3.2727272510528564
D30_323,30.0,11.99999999999997,12.0
D30_323,32.5,24.92307692215377,24.923076629638672
D30_323,35.0,24.00000000000005,36.0
D30_323,37.5,30.96,45.59999847412109
D30_323,40.0,29.099999999999994,48.0
D30_323,42.5,27.45882352602352,50.11764526367188
D30_323,45.0,31.99999999659997,52.0
D30_323,47.5,37.26315789347366,53.68421173095703
D30_323,50.0,39.36,52.79999923706055
D30_324,10.0,31.19999999915781,
D30_324,12.5,29.02690909356346,
D30_324,15.0,15.272727271287252,
D30_324,17.5,22.62857142882286,
D30_324,20.0,23.999999999999904,30.0
D30_324,22.5,34.79999999280001,40.0
D30_324,25.0,26.640000000000008,28.799999237060547
D30_324,27.5,22.909090910181767,22.909090042114254
D30_324,30.0,24.000000000000043,24.0
D30_324,32.5,26.1230769173538,30.461538314819336
D30_324,35.0,32.05714285712567,36.0
D30_324,37.5,34.56000000000001,40.79999923706055
D30_324,40.0,28.80000000000001,42.0
D30_324,42.5,23.717647061647057,40.94117736816406
D30_324,45.0,25.199999993399977,40.0
D30_324,47.5,29.052631573894708,39.15789413452149
D30_324,50.0,27.84,38.400001525878906
D30_331,10.0,34.800000000000026,
D30_331,12.5,24.00000000159996,
D30_331,15.0,12.54545454545454,
D30_331,17.5,25.714285715428524,
D30_331,20.0,28.2,39.0
D30_331,22.5,25.199999992799995,44.0
D30_331,25.0,35.99999999999997,48.0
D30_331,27.5,39.5999999964,50.18181991577149
D30_331,30.0,34.800000000000004,42.0
D30_331,32.5,30.64615383950771,44.400001525878906
D30_331,35.0,27.085714282628583,41.14285659790039
D30_331,37.5,23.999999999999996,36.0
D30_331,40.0,22.199999999999985,31.5
D30_331,42.5,23.78823530103528,27.52941131591797
D30_331,45.0,25.199999992799984,28.0
D30_331,47.5,26.463157900673668,29.052631378173828
D30_331,50.0,27.599999999999994,30.0
D30_332,10.0,20.07567567567566,
D30_332,12.5,26.400000003360027,
D30_332,15.0,28.92972973106304,
D30_332,17.5,15.42857143200002,
D30_332,20.0,8.999999999999988,9.0
D30_332,22.5,28.00000000400001,28.0
D30_332,25.0,19.919999999999987,24.0
D30_332,27.5,18.218181820363625,25.090909957885746
D30_332,30.0,22.80000000000002,30.0
D30_332,32.5,28.33846154252308,34.153846740722656
D30_332,35.0,33.08571428502856,37.71428680419922
D30_332,37.5,35.760000000000005,40.79999923706055
D30_332,40.0,33.9,43.5
D30_332,42.5,30.77647059487058,44.47058868408203
D30_332,45.0,28.000000004,40.0
D30_332,47.5,25.515789472168432,36.0
D30_332,50.0,26.16,32.400001525878906
D30_333,10.0,22.799999999999912,
D30_333,12.5,28.79999999879994,
D30_333,15.0,24.000000002608648,
D30_333,17.5,35.39682539668856,
D30_333,20.0,27.000000000000128,27.0
D30_333,22.5,6.7999999984000175,8.0
D30_333,25.0,14.399999999999972,14.399999618530272
D30_333,27.5,29.454545449090837,29.454545974731445
D30_333,30.0,18.000000000000032,18.0
D30_333,32.5,13.384615382030772,15.692307472229004
D30_333,35.0,12.514285712571448,17.14285659790039
D30_333,37.5,17.999999999999968,21.600000381469727
D30_333,40.0,22.79999999999996,25.5
D30_333,42.5,27.0352941136941,28.941177368164062
D30_333,45.0,30.79999999839998,32.0
D30_333,47.5,33.53684210412631,34.73684310913086
D30_333,50.0,33.36000000000001,37.20000076293945
D30_334,10.0,29.99999999999997,
D30_334,12.5,26.40000000335995,
D30_334,15.0,15.272727272727243,
D30_334,17.5,23.516883116883157,
D30_334,20.0,16.20000000000004,27.0
D30_334,22.5,28.00000000399996,28.0
D30_334,25.0,31.199999999999967,43.20000076293945
D30_334,27.5,41.78181817506493,46.90909194946289
D30_334,30.0,33.60000000000001,42.0
D30_334,32.5,26.58461537723079,33.230770111083984
D30_334,35.0,22.28571428742852,29.14285659790039
D30_334,37.5,28.79999999999997,28.799999237060547
D30_334,40.0,25.500000000000025,34.5
D30_334,42.5,23.294117649317634,39.52941131591797
D30_334,45.0,23.999999995199985,40.0
D30_334,47.5,24.000000004800008,36.0
D30_334,50.0,24.239999999999995,32.400001525878906
D30_H01,10.0,1.2656542482858378e-13,
D30_H01,12.5,23.999999995680056,
D30_H01,15.0,1.9984014443252815e-14,
D30_H01,17.5,26.914285720342864,
D30_H01,20.0,34.80000000000003,42.0
D30_H01,22.5,25.199999992799967,28.0
D30_H01,25.0,23.999999999999936,24.0
D30_H01,27.5,16.363636359272807,16.363636016845703
D30_H01,30.0,1.9984014443252815e-14,0.0
D30_H01,32.5,13.846153844307594,13.84615421295166
D30_H01,35.0,25.714285712571357,25.714284896850582
D30_H01,37.5,24.000000000000043,36.0
D30_H01,40.0,28.19999999999999,39.0
D30_H01,42.5,26.6117647133647,41.64706039428711
D30_H01,45.0,25.199999992799995,44.0
D30_H01,47.5,30.315789479368377,46.105262756347656
D30_H01,50.0,35.99999999999997,48.0
D30_H02,10.0,21.085714287300554,
D30_H02,12.5,14.399999998400098,
D30_H02,15.0,13.727999998442368,
D30_H02,17.5,30.82089795615155,
D30_H02,20.0,33.60000000000006,42.0
D30_H02,22.5,27.99999999885716,28.0
D30_H02,25.0,7.200000000000066,7.199999809265137
D30_H02,27.5,9.818181820363575,9.818181991577148
D30_H02,30.0,23.999999999999982,24.0
D30_H02,32.5,24.00000000000009,28.615385055541992
D30_H02,35.0,21.709714287428568,32.57143020629883
D30_H02,37.5,20.3424,36.0
D30_H02,40.0,26.99999999999996,39.0
D30_H02,42.5,32.11764705204705,41.64706039428711
D30_H02,45.0,35.59999999249146,44.0
D30_H02,47.5,36.02273684245534,46.105262756347656
D30_H02,50.0,36.20160000000002,45.59999847412109
D30_H03,10.0,17.97599999695314,
D30_H03,12.5,35.361627017714554,
D30_H03,15.0,15.976525328097726,
D30_H03,17.5,10.285714282840283,
D30_H03,20.0,37.30799999999997,53.880001068115234
D30_H03,22.5,32.655999996800006,44.0
D30_H03,25.0,17.750400000000013,28.799999237060547
D30_H03,27.5,24.248727269097397,25.003637313842773
D30_H03,30.0,23.999999999999947,24.0
D30_H03,32.5,8.307692311384663,8.307692527770996
D30_H03,35.0,5.142857140986989,5.142857074737549
D30_H03,37.5,16.799999999999976,16.799999237060547
D30_H03,40.0,26.99999999999997,27.0
D30_H03,42.5,24.000000000000007,36.0
D30_H03,45.0,31.999999995999985,44.0
D30_H03,47.5,31.56126315018945,46.105262756347656
D30_H03,50.0,30.043199999999963,48.0
D30_H04,10.0,20.376000005171143,
D30_H04,12.5,21.79199999537213,
D30_H04,15.0,10.149995718684774,
D30_H04,17.5,32.43428571125352,
D30_H04,20.0,25.188000000000013,36.0
D30_H04,22.5,24.511999995999982,32.0
D30_H04,25.0,21.3504,21.600000381469727
D30_H04,27.5,20.814545449090925,20.81454467773437
D30_H04,30.0,4.079999999999954,4.079999923706055
D30_H04,32.5,10.079999999999965,10.079999923706056
D30_H04,35.0,22.21714286228569,22.21714210510254
D30_H04,37.5,27.264,32.73600006103516
D30_H04,40.0,29.939999999999976,41.93999862670898
D30_H04,42.5,33.94729411369409,38.82352828979492
D30_H04,45.0,32.1279999992,41.27999877929688
D30_H04,47.5,30.500210527831573,43.528419494628906
D30_H04,50.0,33.55199999999999,45.55199813842773
D30_H05,10.0,22.74927330863341,
D30_H05,12.5,35.62082701665955,
D30_H05,15.0,12.13652532316883,
D30_H05,17.5,22.5462857142858,
D30_H05,20.0,26.423999999999975,36.119998931884766
D30_H05,22.5,34.04799999680004,42.560001373291016
D30_H05,25.0,28.895999999999965,28.895999908447266
D30_H05,27.5,11.912727269454615,11.912727355957031
D30_H05,30.0,4.080000000000011,4.079999923706055
D30_H05,32.5,17.612307688615335,17.612308502197266
D30_H05,35.0,29.211428568782694,29.211427688598636
D30_H05,37.5,21.686399999999978,38.400001525878906
D30_H05,40.0,21.611999999999988,42.0
D30_H05,42.5,20.623058819858837,44.52705764770508
D30_H05,45.0,26.71999999069143,46.720001220703125
D30_H05,47.5,30.199578944181617,48.682106018066406
D30_H05,50.0,33.12959999999999,50.448001861572266
D30_H06,10.0,24.00000000158625,
D30_H06,12.5,12.000000000533287,
D30_H06,15.0,8.565995715277545,
D30_H06,17.5,38.64818369946735,
D30_H06,20.0,30.0,30.0
D30_H06,22.5,15.695999992800015,17.440000534057617
D30_H06,25.0,24.000000000000043,24.0
D30_H06,27.5,16.36363635927275,16.363636016845703
D30_H06,30.0,5.329070518200752e-14,-1.1368683772161605e-13
D30_H06,32.5,13.846153844307649,13.84615421295166
D30_H06,35.0,25.714285712571407,25.714284896850582
D30_H06,37.5,23.999999999999982,36.0
D30_H06,40.0,32.99999999999997,38.93999862670898
D30_H06,42.5,31.64329411369409,42.29647064208984
D30_H06,45.0,29.99999999409145,45.27999877929688
D30_H06,47.5,31.09642105070796,46.73684310913086
D30_H06,50.0,31.881600000000013,45.59999847412109
D30_H07,10.0,19.286276527726,
D30_H07,12.5,32.96162701993856,
D30_H07,15.0,10.504525328856037,
D30_H07,17.5,14.694857142310854,
D30_H07,20.0,29.999999999999893,30.0
D30_H07,22.5,34.703999992799986,38.560001373291016
D30_H07,25.0,23.999999999999936,24.0
D30_H07,27.5,16.363636359272807,16.363636016845703
D30_H07,30.0,1.9984014443252815e-14,0.0
D30_H07,32.5,13.846153844307594,13.84615421295166
D30_H07,35.0,25.714285712571357,25.714284896850582
D30_H07,37.5,24.000000000000043,29.66399955749512
D30_H07,40.0,22.85399999999998,27.059999465942383
D30_H07,42.5,21.580235291435272,24.762351989746094
D30_H07,45.0,20.44799999279999,28.0
D30_H07,47.5,23.557894738484197,30.94736862182617
D30_H07,50.0,27.119999999999987,33.599998474121094
D50_311,10.0,37.47272727382813,
D50_311,12.5,23.999999995800056,
D50_311,15.0,28.0,
D50_311,17.5,25.71428571599989,
D50_311,20.0,16.199999999999967,24.0
D50_311,22.5,26.66666666715149,26.66666603088379
D50_311,25.0,12.00000000000002,12.0
D50_311,27.5,5.454545449090847,5.454545497894287
D50_311,30.0,19.99999999600001,20.0
D50_311,32.5,27.69230768861545,32.30769348144531
D50_311,35.0,30.85714285028565,42.85714340209961
D50_311,37.5,31.59999999734544,48.0
D50_311,40.0,29.700000000000003,51.0
D50_311,42.5,31.41176471406069,52.235294342041016
D50_311,45.0,35.46666666135733,50.66666793823242
D50_311,47.5,36.31578947874442,49.26315689086914
D50_311,50.0,36.0,48.0
D50_312,10.0,37.62857142520508,
D50_312,12.5,10.80000000363428,
D50_312,15.0,22.399999999085697,
D50_312,17.5,17.142857140714142,
D50_312,20.0,16.799999999999955,24.0
D50_312,22.5,34.26666666287619,37.33333206176758
D50_312,25.0,32.4,36.0
D50_312,27.5,21.81818182036354,26.18181800842285
D50_312,30.0,19.999999996000017,20.0
D50_312,32.5,4.615384610769304,4.615384578704834
D50_312,35.0,8.571428574857032,8.571428298950195
D50_312,37.5,19.99999999599996,20.0
D50_312,40.0,29.999999999999947,30.0
D50_312,42.5,25.199999997600017,30.352941513061523
D50_312,45.0,23.86666667013334,30.66666603088379
D50_312,47.5,22.673684208252645,33.47368240356445
D50_312,50.0,23.999999999999968,36.0
D50_313,10.0,38.39999999999996,
D50_313,12.5,29.19999999989333,
D50_313,15.0,7.993605777301127e-14,
D50_313,17.5,27.71428571489521,
D50_313,20.0,16.2,24.0
D50_313,22.5,19.999999995999964,20.0
D50_313,25.0,12.000000000000025,12.0
D50_313,27.5,26.181818178356323,38.18181991577149
D50_313,30.0,38.399999999999935,48.0
D50_313,32.5,23.630769235938494,29.538461685180664
D50_313,35.0,25.714285712571456,25.714284896850582
D50_313,37.5,12.00000000000002,12.0
D50_313,40.0,2.6999999999999966,3.0
D50_313,42.5,10.588235296235329,10.588234901428224
D50_313,45.0,19.99999999600001,20.0
D50_313,47.5,28.42105262715786,28.421052932739254
D50_313,50.0,23.999999999999982,24.0
D50_314,10.0,38.4,
D50_314,12.5,17.280000000768023,
D50_314,15.0,19.99999999600001,
D50_314,17.5,26.05714285728001,
D50_314,20.0,16.20000000000002,24.0
D50_314,22.5,26.66666666933336,26.66666603088379
D50_314,25.0,3.2640556929974825e-14,0.0
D50_314,27.5,21.8181818203636,21.81818199157715
D50_314,30.0,23.20000000399997,28.0
D50_314,32.5,17.815384617969247,20.30769157409668
D50_314,35.0,16.4571428524239,18.85714340209961
D50_314,37.5,19.99999999599996,20.0
D50_314,40.0,29.999999999999947,30.0
D50_314,42.5,26.82352941952941,37.411766052246094
D50_314,45.0,34.666666662357315,41.33333206176758
D50_314,47.5,39.72631578872337,44.84210586547852
D50_314,50.0,38.39999999999998,48.0
D50_321,10.0,38.4,
D50_321,12.5,1.7763568394002505e-14,
D50_321,15.0,22.79999999136001,
D50_321,17.5,24.685714289920057,
D50_321,20.0,16.20000000000002,24.0
D50_321,22.5,26.66666666933336,26.66666603088379
D50_321,25.0,1.7763568394002505e-14,0.0
D50_321,27.5,21.8181818203636,21.81818199157715
D50_321,30.0,23.20000000399997,28.0
D50_321,32.5,17.815384617969247,24.0
D50_321,35.0,19.37142856045713,24.0
D50_321,37.5,22.799999991359982,24.0
D50_321,40.0,29.999999999999947,30.0
D50_321,42.5,31.41176471106069,38.82352828979492
D50_321,45.0,34.666666662357315,41.33333206176758
D50_321,47.5,39.72631578872337,44.84210586547852
D50_321,50.0,38.39999999999998,48.0
D50_322,10.0,34.69915966255012,
D50_322,12.5,23.999999995800017,
D50_322,15.0,25.19999999853508,
D50_322,17.5,8.571428573142846,
D50_322,20.0,16.799999999999972,24.0
D50_322,22.5,33.46666666327619,40.0
D50_322,25.0,28.79999999999999,36.0
D50_322,27.5,21.81818182036369,21.81818199157715
D50_322,30.0,7.200000007200019,8.0
D50_322,32.5,18.4615384670769,18.461538314819336
D50_322,35.0,25.714285712571456,25.714284896850582
D50_322,37.5,12.00000000000002,12.0
D50_322,40.0,2.700000000000029,3.0
D50_322,42.5,10.588235296235329,10.588234901428224
D50_322,45.0,19.99999999600001,20.0
D50_322,47.5,28.42105262715786,28.421052932739254
D50_322,50.0,23.999999999999982,36.0
D50_323,10.0,38.39999999704624,
D50_323,12.5,33.96210526438096,
D50_323,15.0,20.00000000479996,
D50_323,17.5,33.199999998709174,
D50_323,20.0,16.199999999999896,24.0
D50_323,22.5,13.333333334666678,13.333333015441896
D50_323,25.0,23.999999999999936,24.0
D50_323,27.5,32.8363636346473,46.90909194946289
D50_323,30.0,31.999999999119968,44.0
D50_323,32.5,26.030769230274498,37.846153259277344
D50_323,35.0,20.05714284788565,24.0
D50_323,37.5,25.59999999680001,28.0
D50_323,40.0,29.99999999999994,30.0
D50_323,42.5,17.647058827058807,17.647058486938477
D50_323,45.0,6.666666661333326,6.666666507720947
D50_323,47.5,3.1578947336841745,3.1578948497772217
D50_323,50.0,11.99999999999997,12.0
D50_324,10.0,38.399999997046265,
D50_324,12.5,23.999999995800017,
D50_324,15.0,25.19999999667368,
D50_324,17.5,31.54285714109396,
D50_324,20.0,16.199999999999918,24.0
D50_324,22.5,19.999999995999964,20.0
D50_324,25.0,12.000000000000025,12.0
D50_324,27.5,21.81818182036369,30.545454025268555
D50_324,30.0,21.59999999999996,36.0
D50_324,32.5,20.21538461230525,33.230770111083984
D50_324,35.0,25.714285712571456,34.28571319580078
D50_324,37.5,34.79999999280001,40.0
D50_324,40.0,29.70000000000002,33.0
D50_324,42.5,25.200000007199986,26.823530197143555
D50_324,45.0,21.199999999263994,21.33333396911621
D50_324,47.5,28.42105262715786,28.421052932739254
D50_324,50.0,23.999999999999982,24.0
D50_331,10.0,34.800000000000054,
D50_331,12.5,0.0,
D50_331,15.0,25.199999992799988,
D50_331,17.5,27.428571428571463,
D50_331,20.0,26.40000000000005,33.0
D50_331,22.5,19.999999996000017,20.0
D50_331,25.0,0.0,0.0
D50_331,27.5,16.3636363592727,16.363636016845703
D50_331,30.0,29.99999999999996,30.0
D50_331,32.5,28.892307687079377,37.846153259277344
D50_331,35.0,26.914285707771427,41.14285659790039
D50_331,37.5,25.199999992799995,44.0
D50_331,40.0,31.499999999999957,46.5
D50_331,42.5,38.11764706255904,48.70588302612305
D50_331,45.0,39.599999997024,50.66666793823242
D50_331,47.5,37.64210526809181,46.73684310913086
D50_331,50.0,34.800000000000004,42.0
D50_332,10.0,34.02857142639189,
D50_332,12.5,24.00000000063152,
D50_332,15.0,20.0000000008421,
D50_332,17.5,25.714285712081725,
D50_332,20.0,14.999999999999892,15.0
D50_332,22.5,34.6666666608762,41.33333206176758
D50_332,25.0,28.8,36.0
D50_332,27.5,27.2727272694546,27.272727966308597
D50_332,30.0,10.000000003999968,10.0
D50_332,32.5,4.615384610769198,4.615384578704834
D50_332,35.0,17.142857137714216,17.14285659790039
D50_332,37.5,27.9999999993846,28.0
D50_332,40.0,22.50000000000005,25.5
D50_332,42.5,19.552941182541165,23.294116973876957
D50_332,45.0,18.533333331466658,24.0
D50_332,47.5,19.01052630997895,27.157894134521484
D50_332,50.0,22.799999999999976,30.0
D50_333,10.0,34.8,
D50_333,12.5,34.72000000408987,
D50_333,15.0,20.000000002222254,
D50_333,17.5,31.142857143466653,
D50_333,20.0,26.40000000000003,33.0
D50_333,22.5,6.666666661333393,6.666666507720947
D50_333,25.0,24.000000000000043,24.0
D50_333,27.5,37.090909088538126,42.54545593261719
D50_333,30.0,30.39999999679993,38.0
D50_333,32.5,27.69230768861534,27.69230842590332
D50_333,35.0,17.142857137714376,17.14285659790039
D50_333,37.5,6.7999999989999935,8.0
D50_333,40.0,10.19999999999997,10.5
D50_333,42.5,17.647058827058807,17.647058486938477
D50_333,45.0,26.666666669333303,26.66666603088379
D50_333,47.5,25.263157893473736,25.263158798217773
D50_333,50.0,17.99999999999998,18.0
D50_334,10.0,34.80000000000003,
D50_334,12.5,24.00000000063152,
D50_334,15.0,27.999999999428606,
D50_334,17.5,29.485714285851444,
D50_334,20.0,26.40000000000005,33.0
D50_334,22.5,13.333333334666664,13.333333015441896
D50_334,25.0,11.999999999999972,12.0
D50_334,27.5,27.2727272694546,27.272727966308597
D50_334,30.0,18.79999999648,26.0
D50_334,32.5,18.83076922931448,26.769229888916016
D50_334,35.0,17.142857137714216,27.428571701049805
D50_334,37.5,27.9999999993846,28.0
D50_334,40.0,25.49999999999996,37.5
D50_334,42.5,33.88235295035294,44.47058868408203
D50_334,45.0,41.33333333569066,48.0
D50_334,47.5,38.39999999697601,44.84210586547852
D50_334,50.0,33.60000000000001,42.0
D50_H01,10.0,0.0,
D50_H01,12.5,0.0,
D50_H01,15.0,25.1999999928,
D50_H01,17.5,25.71428571762396,
D50_H01,20.0,34.80000000000008,42.0
D50_H01,22.5,22.40000000320001,28.0
D50_H01,25.0,0.0,0.0
D50_H01,27.5,27.2727272694546,32.727272033691406
D50_H01,30.0,25.19999999279997,44.0
D50_H01,32.5,38.95384614666831,48.92307662963867
D50_H01,35.0,27.08571428262861,41.14285659790039
D50_H01,37.5,25.19999999279997,28.0
D50_H01,40.0,26.40000000000002,33.0
D50_H01,42.5,28.23529412329413,28.235294342041016
D50_H01,45.0,19.999999996000017,20.0
D50_H01,47.5,9.473684213052636,9.473684310913086
D50_H01,50.0,0.0,0.0
D50_H02,10.0,24.8400000000193,
D50_H02,12.5,24.00000000075822,
D50_H02,15.0,20.539329533660464,
D50_H02,17.5,25.714285716000127,
D50_H02,20.0,29.999999999999893,30.0
D50_H02,22.5,13.333333334666571,13.333333015441896
D50_H02,25.0,13.727999999999977,24.0
D50_H02,27.5,29.301818179636392,34.90909194946289
D50_H02,30.0,30.159999993080003,40.0
D50_H02,32.5,36.38769229938459,40.43077087402344
D50_H02,35.0,24.68571428982865,30.85714340209961
D50_H02,37.5,28.000000004000054,28.0
D50_H02,40.0,15.00000000000004,15.0
D50_H02,42.5,3.52941176541178,3.529411792755127
D50_H02,45.0,6.66666666133329,6.666666507720947
D50_H02,47.5,15.789473680420992,15.789473533630373
D50_H02,50.0,23.999999999999982,24.0
D50_H03,10.0,24.840000000180744,
D50_H03,12.5,23.99999999808001,
D50_H03,15.0,26.2751219517026,
D50_H03,17.5,17.142857141142805,
D50_H03,20.0,29.999999999999787,30.0
D50_H03,22.5,26.666666669333253,37.33333206176758
D50_H03,25.0,15.455999999999992,20.15999984741211
D50_H03,27.5,10.909090910181906,10.909090995788574
D50_H03,30.0,19.999999996000067,20.0
D50_H03,32.5,34.15384615351864,46.153846740722656
D50_H03,35.0,31.54285714468015,49.71428680419922
D50_H03,37.5,32.655999996799984,44.0
D50_H03,40.0,23.790000000000028,39.0
D50_H03,42.5,16.644705888705918,24.0
D50_H03,45.0,22.453333339466678,23.46666717529297
D50_H03,47.5,25.263157893473632,25.263158798217773
D50_H03,50.0,23.999999999999982,24.0
D50_H04,10.0,27.6000000000323,
D50_H04,12.5,30.040034044929627,
D50_H04,15.0,13.600000000612642,
D50_H04,17.5,15.39428571358758,
D50_H04,20.0,22.560000000000112,28.200000762939453
D50_H04,22.5,15.03999999920002,22.66666603088379
D50_H04,25.0,9.98399999999997,12.0
D50_H04,27.5,25.309090909007534,25.309091567993164
D50_H04,30.0,41.199999992,48.0
D50_H04,32.5,25.218461532416548,37.846153259277344
D50_H04,35.0,25.131428574857164,37.02857208251953
D50_H04,37.5,24.511999995999982,32.0
D50_H04,40.0,17.189999999999966,26.100000381469727
D50_H04,42.5,23.43529412329406,23.43529319763184
D50_H04,45.0,24.533333333740668,24.53333282470703
D50_H04,47.5,13.768421053263232,13.768421173095703
D50_H04,50.0,4.079999999999994,4.079999923706055
D50_H05,10.0,22.080000000131264,
D50_H05,12.5,25.34400000158813,
D50_H05,15.0,24.835121951376365,
D50_H05,17.5,22.628571423041887,
D50_H05,20.0,28.199999999999942,40.20000076293945
D50_H05,22.5,29.06666666933325,29.06666755676269
D50_H05,25.0,11.61600000000003,12.0
D50_H05,27.5,19.854545449090928,25.090909957885746
D50_H05,30.0,18.159999993665604,36.0
D50_H05,32.5,29.353846152648053,37.846153259277344
D50_H05,35.0,34.35428571713725,39.42856979370117
D50_H05,37.5,34.04799999679999,42.560001373291016
D50_H05,40.0,22.32000000000001,27.899999618530277
D50_H05,42.5,26.96470587670586,26.96470642089844
D50_H05,45.0,15.466666665333374,15.466666221618652
D50_H05,47.5,5.178947372842148,5.178947448730469
D50_H05,50.0,4.080000000000011,4.079999923706055
D50_H06,10.0,24.83999999964033,
D50_H06,12.5,21.60000000051197,
D50_H06,15.0,3.545791279136392,
D50_H06,17.5,26.845714285042927,
D50_H06,20.0,30.0,30.0
D50_H06,22.5,19.99999999599996,20.0
D50_H06,25.0,8.399999999999974,12.0
D50_H06,27.5,27.2727272694546,32.727272033691406
D50_H06,30.0,37.07999999279996,41.20000076293945
D50_H06,32.5,23.076923077846097,24.923076629638672
D50_H06,35.0,17.142857137714376,17.14285659790039
D50_H06,37.5,15.695999992800012,17.440000534057617
D50_H06,40.0,22.289999999999967,23.100000381469727
D50_H06,42.5,28.23529412329413,28.235294342041016
D50_H06,45.0,19.999999996000017,20.0
D50_H06,47.5,9.473684213052636,9.473684310913086
D50_H06,50.0,0.0,-1.7053025658242404e-13
D50_H07,10.0,24.83999999637334,
D50_H07,12.5,20.908799999340445,
D50_H07,15.0,35.71512194900939,
D50_H07,17.5,25.71428571762396,
D50_H07,20.0,30.0,30.0
D50_H07,22.5,24.42666667168332,30.66666603088379
D50_H07,25.0,9.983999999999972,12.0
D50_H07,27.5,27.2727272694546,27.272727966308597
D50_H07,30.0,13.319999993745572,14.800000190734863
D50_H07,32.5,23.076923077846097,23.076923370361328
D50_H07,35.0,31.097142854851548,38.74285888671875
D50_H07,37.5,34.703999992799965,38.560001373291016
D50_H07,40.0,26.400000000000052,33.0
D50_H07,42.5,28.23529412329413,28.235294342041016
D50_H07,45.0,19.999999996000017,20.0
D50_H07,47.5,9.473684213052636,9.473684310913086
D50_H07,50.0,4.158441361992005e-15,-8.526512829121202e-14
