route_id,V_kmh,FTT_s_per_veh,TT_s_per_veh
D10_311,10.0,96.0,
D10_311,12.5,76.79999999999998,
D10_311,15.0,63.99999999999999,
D10_311,17.5,54.85714285714285,
D10_311,20.0,47.99999999999999,78.0
D10_311,22.5,42.66666666666666,73.3333333333333
D10_311,25.0,38.39999999999999,64.80000152587887
D10_311,27.5,34.90909090909091,60.0
D10_311,30.0,32.0,60.0
D10_311,32.5,29.538461538461537,59.07692307692309
D10_311,35.0,27.428571428571427,54.85714285714283
D10_311,37.5,25.6,51.2
D10_311,40.0,24.0,48.0
D10_311,42.5,22.588235294117645,45.17647058823495
D10_311,45.0,21.33333333333333,42.66666666666642
D10_311,47.5,20.21052631578947,40.42105263157856
D10_311,50.0,19.2,38.4
D10_312,10.0,120.0,
D10_312,12.5,96.0,
D10_312,15.0,79.99999999999999,
D10_312,17.5,68.57142857142857,
D10_312,20.0,60.0,90.0
D10_312,22.5,53.33333333333333,85.33333333333321
D10_312,25.0,47.99999999999999,81.59999999999984
D10_312,27.5,43.63636363636364,75.27272727272728
D10_312,30.0,39.99999999999999,68.0
D10_312,32.5,36.92307692307693,61.84615384615383
D10_312,35.0,34.285714285714285,60.0
D10_312,37.5,32.0,60.0
D10_312,40.0,30.0,60.0
D10_312,42.5,28.23529411764705,56.47058823529417
D10_312,45.0,26.666666666666664,53.333333333333336
D10_312,47.5,25.26315789473684,50.52631578947363
D10_312,50.0,24.0,48.0
D10_313,10.0,144.0,
D10_313,12.5,115.2,
D10_313,15.0,96.0,
D10_313,17.5,82.28571428571429,
D10_313,20.0,72.0,108.0
D10_313,22.5,64.0,96.0
D10_313,25.0,57.6,91.20000000000005
D10_313,27.5,52.36363636363637,87.27272727272728
D10_313,30.0,48.0,84.0
D10_313,32.5,44.30769230769232,76.6153846153846
D10_313,35.0,41.142857142857146,70.28571428571429
D10_313,37.5,38.400000000000006,64.80000152587891
D10_313,40.0,36.0,60.0
D10_313,42.5,33.88235294117647,60.0
D10_313,45.0,32.0,60.0
D10_313,47.5,30.31578947368421,60.0
D10_313,50.0,28.8,57.59999999999984
D10_314,10.0,120.0,
D10_314,12.5,96.0,
D10_314,15.0,79.99999999999999,
D10_314,17.5,68.57142857142857,
D10_314,20.0,60.0,90.0
D10_314,22.5,53.33333333333333,82.66666666666663
D10_314,25.0,47.99999999999999,72.0
D10_314,27.5,43.63636363636364,69.81818181818178
D10_314,30.0,39.99999999999999,68.0
D10_314,32.5,36.92307692307693,61.84615384615383
D10_314,35.0,34.285714285714285,60.0
D10_314,37.5,32.0,60.0
D10_314,40.0,30.0,60.0
D10_314,42.5,28.23529411764705,56.47058823529417
D10_314,45.0,26.666666666666664,53.333333333333336
D10_314,47.5,25.26315789473684,50.526315789473465
D10_314,50.0,24.0,48.0
D10_321,10.0,120.0,
D10_321,12.5,96.0,
D10_321,15.0,79.99999999999999,
D10_321,17.5,68.57142857142857,
D10_321,20.0,60.0,84.0
D10_321,22.5,53.33333333333333,74.6666666666667
D10_321,25.0,47.99999999999999,72.0
D10_321,27.5,43.63636363636364,69.81818181818174
D10_321,30.0,39.99999999999999,68.0
D10_321,32.5,36.92307692307693,61.84615384615387
D10_321,35.0,34.285714285714285,60.0
D10_321,37.5,32.0,60.0
D10_321,40.0,30.0,60.0
D10_321,42.5,28.23529411764705,56.47058823529377
D10_321,45.0,26.666666666666664,53.333333333333336
D10_321,47.5,25.26315789473684,50.526315789473465
D10_321,50.0,24.0,48.0
D10_322,10.0,144.0,
D10_322,12.5,115.2,
D10_322,15.0,96.0,
D10_322,17.5,82.28571428571429,
D10_322,20.0,72.0,108.0
D10_322,22.5,64.0,91.99999999999956
D10_322,25.0,57.6,81.60000076293917
D10_322,27.5,52.36363636363637,78.54545454545453
D10_322,30.0,48.0,76.0
D10_322,32.5,44.30769230769232,73.84615384615383
D10_322,35.0,41.142857142857146,70.28571428571425
D10_322,37.5,38.400000000000006,64.80000152587891
D10_322,40.0,36.0,60.0
D10_322,42.5,33.88235294117647,60.0
D10_322,45.0,32.0,60.0
D10_322,47.5,30.31578947368421,60.0
D10_322,50.0,28.8,57.59999999999984
D10_323,10.0,168.0,
D10_323,12.5,134.39999999999998,
D10_323,15.0,112.0,
D10_323,17.5,96.0,
D10_323,20.0,84.0,126.60000038146973
D10_323,22.5,74.66666666666666,113.33333333333329
D10_323,25.0,67.19999999999999,98.40000038146977
D10_323,27.5,61.090909090909086,87.27272727272725
D10_323,30.0,55.99999999999999,84.00000190734863
D10_323,32.5,51.69230769230769,81.23076923076927
D10_323,35.0,48.0,78.85714285714283
D10_323,37.5,44.8,76.79999999999993
D10_323,40.0,42.0,72.0
D10_323,42.5,39.52941176470588,67.05882352941173
D10_323,45.0,37.33333333333333,62.66666666666667
D10_323,47.5,35.368421052631575,60.0
D10_323,50.0,33.599999999999994,60.0000015258787
D10_324,10.0,144.0,
D10_324,12.5,115.2,
D10_324,15.0,96.0,
D10_324,17.5,82.28571428571429,
D10_324,20.0,72.0,108.0
D10_324,22.5,64.0,92.0
D10_324,25.0,57.6,79.20000000000005
D10_324,27.5,52.36363636363637,75.27272727272728
D10_324,30.0,48.0,72.0
D10_324,32.5,44.30769230769232,66.46153846153845
D10_324,35.0,41.142857142857146,65.14285714285717
D10_324,37.5,38.400000000000006,64.0
D10_324,40.0,36.0,60.0
D10_324,42.5,33.88235294117647,60.0
D10_324,45.0,32.0,60.0
D10_324,47.5,30.31578947368421,60.0
D10_324,50.0,28.8,57.59999999999984
D10_331,10.0,90.0,
D10_331,12.5,72.0,
D10_331,15.0,59.99999999999999,
D10_331,17.5,51.42857142857143,
D10_331,20.0,45.0,78.0
D10_331,22.5,40.0,68.0
D10_331,25.0,36.0,60.0
D10_331,27.5,32.72727272727273,60.0
D10_331,30.0,30.0,60.0
D10_331,32.5,27.692307692307697,55.384615384615365
D10_331,35.0,25.714285714285715,51.42857142857125
D10_331,37.5,24.0,48.0
D10_331,40.0,22.5,45.0
D10_331,42.5,21.176470588235293,42.35294117646998
D10_331,45.0,20.0,39.9999999999996
D10_331,47.5,18.94736842105263,37.894736842104855
D10_331,50.0,18.0,36.0
D10_332,10.0,114.0,
D10_332,12.5,91.2,
D10_332,15.0,75.99999999999999,
D10_332,17.5,65.14285714285714,
D10_332,20.0,56.99999999999999,90.0
D10_332,22.5,50.66666666666666,85.33333333333326
D10_332,25.0,45.6,79.20000038146952
D10_332,27.5,41.45454545454545,70.90909090909061
D10_332,30.0,37.99999999999999,64.0
D10_332,32.5,35.07692307692307,60.0
D10_332,35.0,32.57142857142857,60.0
D10_332,37.5,30.4,60.0
D10_332,40.0,28.5,57.0
D10_332,42.5,26.823529411764703,53.64705882352921
D10_332,45.0,25.33333333333333,50.66666666666666
D10_332,47.5,24.0,48.0
D10_332,50.0,22.8,45.59999999999984
D10_333,10.0,138.0,
D10_333,12.5,110.4,
D10_333,15.0,92.0,
D10_333,17.5,78.85714285714286,
D10_333,20.0,69.0,102.00000143051147
D10_333,22.5,61.33333333333333,96.00000190734865
D10_333,25.0,55.2,91.20000152587892
D10_333,27.5,50.18181818181818,87.27272727272728
D10_333,30.0,45.99999999999999,80.0
D10_333,32.5,42.46153846153847,72.9230769230769
D10_333,35.0,39.42857142857143,66.85714285714292
D10_333,37.5,36.8,61.59999999999988
D10_333,40.0,34.5,60.0
D10_333,42.5,32.47058823529412,60.0
D10_333,45.0,30.666666666666664,60.0
D10_333,47.5,29.052631578947366,58.105263157894335
D10_333,50.0,27.6,55.1999999999996
D10_334,10.0,114.0,
D10_334,12.5,91.2,
D10_334,15.0,75.99999999999999,
D10_334,17.5,65.14285714285714,
D10_334,20.0,56.99999999999999,90.0
D10_334,22.5,50.66666666666666,77.33333333333333
D10_334,25.0,45.6,72.0000015258789
D10_334,27.5,41.45454545454545,69.81818181818178
D10_334,30.0,37.99999999999999,64.0
D10_334,32.5,35.07692307692307,60.0
D10_334,35.0,32.57142857142857,60.0
D10_334,37.5,30.4,60.0
D10_334,40.0,28.5,57.0
D10_334,42.5,26.823529411764703,53.64705882352921
D10_334,45.0,25.33333333333333,50.66666666666642
D10_334,47.5,24.0,47.9999999999996
D10_334,50.0,22.8,45.59999999999984
D10_H01,10.0,180.0,
D10_H01,12.5,144.0,
D10_H01,15.0,120.0,
D10_H01,17.5,102.85714285714286,
D10_H01,20.0,90.0,132.0
D10_H01,22.5,80.0,123.99999999999952
D10_H01,25.0,72.0,108.0
D10_H01,27.5,65.45454545454545,94.90909090909092
D10_H01,30.0,59.99999999999999,88.0
D10_H01,32.5,55.384615384615394,84.9230769230769
D10_H01,35.0,51.42857142857143,82.28571428571416
D10_H01,37.5,48.0,80.0
D10_H01,40.0,45.0,78.0
D10_H01,42.5,42.35294117647059,72.70588235294119
D10_H01,45.0,40.0,68.0
D10_H01,47.5,37.89473684210526,63.78947368421048
D10_H01,50.0,36.0,60.0
D10_H02,10.0,156.0,
D10_H02,12.5,124.8,
D10_H02,15.0,104.0,
D10_H02,17.5,89.14285714285715,
D10_H02,20.0,78.0,120.0
D10_H02,22.5,69.33333333333333,102.6666666666666
D10_H02,25.0,62.4,92.83199999999988
D10_H02,27.5,56.72727272727273,88.7563636363636
D10_H02,30.0,51.99999999999999,85.35999999999981
D10_H02,32.5,48.0,82.48615384615384
D10_H02,35.0,44.57142857142858,77.14285714285712
D10_H02,37.5,41.6,71.19999999999963
D10_H02,40.0,39.0,66.0
D10_H02,42.5,36.70588235294117,61.41176470588208
D10_H02,45.0,34.666666666666664,60.0
D10_H02,47.5,32.84210526315789,60.0
D10_H02,50.0,31.2,60.0
D10_H03,10.0,204.0,
D10_H03,12.5,163.2,
D10_H03,15.0,135.99999999999997,
D10_H03,17.5,116.57142857142856,
D10_H03,20.0,102.0,156.0
D10_H03,22.5,90.66666666666666,133.3333333333331
D10_H03,25.0,81.6,125.1840030517576
D10_H03,27.5,74.18181818181819,112.3636363636362
D10_H03,30.0,67.99999999999999,100.0
D10_H03,32.5,62.76923076923077,89.53846153846126
D10_H03,35.0,58.285714285714285,84.54857142857145
D10_H03,37.5,54.4,82.1120000000001
D10_H03,40.0,51.0,79.98
D10_H03,42.5,48.0,78.09882352941155
D10_H03,45.0,45.33333333333333,76.42666666666665
D10_H03,47.5,42.94736842105263,73.89473684210517
D10_H03,50.0,40.8,69.59999999999991
D10_H04,10.0,184.08,
D10_H04,12.5,147.26399999999998,
D10_H04,15.0,122.71999999999998,
D10_H04,17.5,105.18857142857144,
D10_H04,20.0,92.04,136.08000309944146
D10_H04,22.5,81.81333333333333,127.14666666666652
D10_H04,25.0,73.63199999999999,111.26399999999995
D10_H04,27.5,66.93818181818182,97.87636363636362
D10_H04,30.0,61.35999999999999,86.71999999999954
D10_H04,32.5,56.64,82.48615384615384
D10_H04,35.0,52.59428571428572,80.02285714285702
D10_H04,37.5,49.088,77.88799999999998
D10_H04,40.0,46.02,76.02000000000004
D10_H04,42.5,43.31294117647059,74.37176470588219
D10_H04,45.0,40.906666666666666,69.81333333333326
D10_H04,47.5,38.75368421052632,65.50736842105265
D10_H04,50.0,36.816,61.631999999999564
D10_H05,10.0,175.92,
D10_H05,12.5,140.736,
D10_H05,15.0,117.28,
D10_H05,17.5,100.52571428571429,
D10_H05,20.0,87.96,130.38000152587892
D10_H05,22.5,78.18666666666667,120.37333333333312
D10_H05,25.0,70.368,104.73599999999972
D10_H05,27.5,63.97090909090909,94.51636363636364
D10_H05,30.0,58.63999999999999,90.64
D10_H05,32.5,54.12923076923077,87.35999999999984
D10_H05,35.0,50.26285714285714,84.5485714285714
D10_H05,37.5,46.912,81.82400000000004
D10_H05,40.0,43.98,75.96000000000002
D10_H05,42.5,41.392941176470586,70.78588235294114
D10_H05,45.0,39.09333333333333,66.1866666666667
D10_H05,47.5,37.03578947368421,62.07157894736835
D10_H05,50.0,35.184,60.0
D10_H06,10.0,180.0,
D10_H06,12.5,143.99999999999997,
D10_H06,15.0,119.99999999999996,
D10_H06,17.5,102.85714285714285,
D10_H06,20.0,90.0,132.0
D10_H06,22.5,79.99999999999999,120.0
D10_H06,25.0,71.99999999999999,107.99999999999976
D10_H06,27.5,65.45454545454545,94.9090909090907
D10_H06,30.0,59.99999999999999,85.35999999999977
D10_H06,32.5,55.38461538461539,82.48615384615384
D10_H06,35.0,51.42857142857142,80.02285714285722
D10_H06,37.5,48.0,77.88800019073484
D10_H06,40.0,45.0,76.02
D10_H06,42.5,42.35294117647059,72.70588235294099
D10_H06,45.0,39.99999999999999,68.0
D10_H06,47.5,37.89473684210526,63.78947368421036
D10_H06,50.0,35.99999999999999,59.99999999999988
D10_H07,10.0,180.0,
D10_H07,12.5,144.0,
D10_H07,15.0,120.0,
D10_H07,17.5,102.85714285714286,
D10_H07,20.0,90.0,132.00000190734863
D10_H07,22.5,80.0,123.51999999999995
D10_H07,25.0,72.0,108.0
D10_H07,27.5,65.45454545454545,94.90909090909084
D10_H07,30.0,59.99999999999999,90.64
D10_H07,32.5,55.384615384615394,87.35999999999977
D10_H07,35.0,51.42857142857143,84.54857142857145
D10_H07,37.5,48.0,82.1120000000001
D10_H07,40.0,45.0,78.0
D10_H07,42.5,42.35294117647059,72.70588235294078
D10_H07,45.0,40.0,68.0
D10_H07,47.5,37.89473684210526,63.78947368421036
D10_H07,50.0,36.0,60.0
D30_311,10.0,288.0,
D30_311,12.5,230.4,
D30_311,15.0,192.0,
D30_311,17.5,164.57142857142858,
D30_311,20.0,144.0,180.0
D30_311,22.5,128.0,176.0000038146973
D30_311,25.0,115.2,168.0
D30_311,27.5,104.72727272727272,154.909090909091
D30_311,30.0,96.0,144.0
D30_311,32.5,88.61538461538463,129.2307692307692
D30_311,35.0,82.28571428571429,123.9428601946146
D30_311,37.5,76.80000000000001,117.5999999999998
D30_311,40.0,72.0,108.0
D30_311,42.5,67.76470588235294,99.52941176470544
D30_311,45.0,64.0,92.0
D30_311,47.5,60.63157894736842,85.894736842105
D30_311,50.0,57.6,84.00000152587894
D30_312,10.0,360.0,
D30_312,12.5,288.0,
D30_312,15.0,240.0,
D30_312,17.5,205.7142857142857,
D30_312,20.0,180.0,180.0
D30_312,22.5,160.0,180.0
D30_312,25.0,144.0,175.20000343322755
D30_312,27.5,130.9090909090909,162.54545454545453
D30_312,30.0,120.0,156.0
D30_312,32.5,110.7692307692308,150.46153846153845
D30_312,35.0,102.85714285714286,145.71428571428572
D30_312,37.5,96.0,141.60000152587887
D30_312,40.0,90.0,135.30000019073486
D30_312,42.5,84.70588235294117,131.6470588235294
D30_312,45.0,80.0,124.0
D30_312,47.5,75.78947368421052,115.57894736842056
D30_312,50.0,72.0,108.0
D30_313,10.0,432.0,
D30_313,12.5,345.6,
D30_313,15.0,288.0,
D30_313,17.5,246.8571428571429,
D30_313,20.0,216.0,240.0
D30_313,22.5,192.0,204.0
D30_313,25.0,172.79999999999998,180.00000076293935
D30_313,27.5,157.0909090909091,180.0
D30_313,30.0,144.0,168.0
D30_313,32.5,132.92307692307693,154.1538461538462
D30_313,35.0,123.42857142857144,145.71428571428575
D30_313,37.5,115.2,141.60000228881836
D30_313,40.0,108.0,138.0
D30_313,42.5,101.64705882352942,134.82352941176464
D30_313,45.0,96.0,132.0
D30_313,47.5,90.94736842105264,129.47368421052624
D30_313,50.0,86.39999999999999,127.20000457763672
D30_314,10.0,360.0,
D30_314,12.5,288.0,
D30_314,15.0,240.0,
D30_314,17.5,205.7142857142857,
D30_314,20.0,180.0,198.0
D30_314,22.5,160.0,180.0000038146973
D30_314,25.0,144.0,180.00000076293938
D30_314,27.5,130.9090909090909,173.4545454545455
D30_314,30.0,120.0,168.0
D30_314,32.5,110.7692307692308,149.5384615384616
D30_314,35.0,102.85714285714286,137.14285714285697
D30_314,37.5,96.0,129.60000066757192
D30_314,40.0,90.0,123.0
D30_314,42.5,84.70588235294117,120.0
D30_314,45.0,80.0,120.0
D30_314,47.5,75.78947368421052,115.5789473684208
D30_314,50.0,72.0,108.0
D30_321,10.0,360.00000000000006,
D30_321,12.5,288.0,
D30_321,15.0,240.0,
D30_321,17.5,205.7142857142857,
D30_321,20.0,180.00000000000003,204.0
D30_321,22.5,160.00000000000003,184.0
D30_321,25.0,144.0,180.0
D30_321,27.5,130.9090909090909,173.45454545454547
D30_321,30.0,120.0,168.0
D30_321,32.5,110.7692307692308,149.5384615384616
D30_321,35.0,102.85714285714288,133.7142857142853
D30_321,37.5,96.0,120.0
D30_321,40.0,90.00000000000001,120.0
D30_321,42.5,84.70588235294119,109.411764705882
D30_321,45.0,80.00000000000001,104.0
D30_321,47.5,75.78947368421053,99.78947368421024
D30_321,50.0,72.0,96.0
D30_322,10.0,432.0,
D30_322,12.5,345.6,
D30_322,15.0,288.0,
D30_322,17.5,246.8571428571429,
D30_322,20.0,216.0,240.0
D30_322,22.5,192.0,204.0
D30_322,25.0,172.79999999999998,180.00000076293935
D30_322,27.5,157.0909090909091,180.0
D30_322,30.0,144.0,180.0
D30_322,32.5,132.92307692307693,176.30769230769235
D30_322,35.0,123.42857142857144,168.0
D30_322,37.5,115.2,158.40000000000003
D30_322,40.0,108.0,150.0
D30_322,42.5,101.64705882352942,142.5882352941175
D30_322,45.0,96.0,136.0
D30_322,47.5,90.94736842105264,130.10526315789434
D30_322,50.0,86.39999999999999,124.80000076293943
D30_323,10.0,504.0000000000001,
D30_323,12.5,403.2000000000001,
D30_323,15.0,336.00000000000006,
D30_323,17.5,288.00000000000006,
D30_323,20.0,252.00000000000009,287.9999999999999
D30_323,22.5,224.00000000000003,251.99999999999991
D30_323,25.0,201.6,223.1999999999995
D30_323,27.5,183.2727272727273,186.5454545454544
D30_323,30.0,168.00000000000003,180.0
D30_323,32.5,155.07692307692312,180.0
D30_323,35.0,144.00000000000003,179.9999999999998
D30_323,37.5,134.40000000000003,180.00000305175786
D30_323,40.0,126.00000000000004,174.0
D30_323,42.5,118.58823529411768,168.70588235294127
D30_323,45.0,112.0,164.0
D30_323,47.5,106.10526315789475,159.78947368421026
D30_323,50.0,100.8,153.6000000953673
D30_324,10.0,432.0000000000001,
D30_324,12.5,345.6000000000001,
D30_324,15.0,288.00000000000006,
D30_324,17.5,246.8571428571429,
D30_324,20.0,216.00000000000009,246.0
D30_324,22.5,192.00000000000003,232.0
D30_324,25.0,172.80000000000004,201.59999999999977
D30_324,27.5,157.09090909090912,180.0
D30_324,30.0,144.00000000000003,168.0
D30_324,32.5,132.92307692307696,163.38461538461544
D30_324,35.0,123.42857142857146,159.42857142857116
D30_324,37.5,115.20000000000005,156.0
D30_324,40.0,108.00000000000004,150.0
D30_324,42.5,101.64705882352943,142.58823529411757
D30_324,45.0,96.0,136.0
D30_324,47.5,90.94736842105264,130.10526315789454
D30_324,50.0,86.40000000000002,124.80000152587893
D30_331,10.0,270.00000000000006,
D30_331,12.5,216.00000000000003,
D30_331,15.0,180.00000000000003,
D30_331,17.5,154.2857142857143,
D30_331,20.0,135.00000000000003,174.0
D30_331,22.5,120.0,164.0
D30_331,25.0,108.0,156.0
D30_331,27.5,98.1818181818182,148.36363636363637
D30_331,30.0,90.00000000000001,132.0
D30_331,32.5,83.0769230769231,127.47692460280194
D30_331,35.0,77.14285714285717,118.28571428571364
D30_331,37.5,72.00000000000001,108.0
D30_331,40.0,67.50000000000001,99.0
D30_331,42.5,63.52941176470589,91.0588235294112
D30_331,45.0,60.00000000000001,88.0
D30_331,47.5,56.842105263157904,85.89473874945381
D30_331,50.0,54.00000000000001,84.0
D30_332,10.0,342.0,
D30_332,12.5,273.6,
D30_332,15.0,228.0,
D30_332,17.5,195.42857142857144,
D30_332,20.0,171.0,180.0
D30_332,22.5,152.0,180.0
D30_332,25.0,136.79999999999998,160.8000015258789
D30_332,27.5,124.36363636363636,149.45454545454547
D30_332,30.0,114.0,144.0
D30_332,32.5,105.23076923076924,139.38461538461544
D30_332,35.0,97.71428571428572,135.42857142857122
D30_332,37.5,91.2,132.0000049591065
D30_332,40.0,85.5,129.0
D30_332,42.5,80.47058823529412,124.94117647058786
D30_332,45.0,76.0,116.0
D30_332,47.5,72.0,107.99999999999956
D30_332,50.0,68.39999999999999,100.80000076293943
D30_333,10.0,414.0000000000001,
D30_333,12.5,331.20000000000005,
D30_333,15.0,276.00000000000006,
D30_333,17.5,236.57142857142864,
D30_333,20.0,207.00000000000009,233.99999999999983
D30_333,22.5,184.00000000000003,192.0000038146972
D30_333,25.0,165.60000000000002,180.00000076293935
D30_333,27.5,150.5454545454546,180.0
D30_333,30.0,138.00000000000003,156.0
D30_333,32.5,127.38461538461544,143.0769230769231
D30_333,35.0,118.28571428571432,135.42857142857125
D30_333,37.5,110.40000000000003,132.0
D30_333,40.0,103.50000000000004,129.0
D30_333,42.5,97.41176470588238,126.35294117647038
D30_333,45.0,92.0,124.0
D30_333,47.5,87.15789473684212,121.89473684210472
D30_333,50.0,82.80000000000001,120.00000190734865
D30_334,10.0,342.00000000000006,
D30_334,12.5,273.6,
D30_334,15.0,228.0,
D30_334,17.5,195.42857142857147,
D30_334,20.0,171.00000000000003,198.0
D30_334,22.5,152.00000000000003,180.0
D30_334,25.0,136.8,180.0
D30_334,27.5,124.3636363636364,171.2727272727272
D30_334,30.0,114.0,156.0
D30_334,32.5,105.23076923076924,138.4615384615385
D30_334,35.0,97.71428571428574,126.8571428571424
D30_334,37.5,91.20000000000002,120.00000305175786
D30_334,40.0,85.50000000000001,120.0
D30_334,42.5,80.47058823529413,120.0
D30_334,45.0,76.00000000000001,116.0
D30_334,47.5,72.00000000000001,107.9999999999996
D30_334,50.0,68.4,100.80000152587893
D30_H01,10.0,540.0000000000001,
D30_H01,12.5,432.00000000000006,
D30_H01,15.0,360.00000000000006,
D30_H01,17.5,308.57142857142867,
D30_H01,20.0,270.00000000000006,312.0
D30_H01,22.5,240.00000000000003,268.0
D30_H01,25.0,216.00000000000003,240.0
D30_H01,27.5,196.3636363636364,212.72727272727283
D30_H01,30.0,180.00000000000003,180.0
D30_H01,32.5,166.1538461538462,180.0
D30_H01,35.0,154.2857142857143,180.0
D30_H01,37.5,144.00000000000003,180.0
D30_H01,40.0,135.00000000000003,174.0
D30_H01,42.5,127.05882352941178,168.70588235294122
D30_H01,45.0,120.0,164.0
D30_H01,47.5,113.6842105263158,159.78947368421052
D30_H01,50.0,108.0,156.0
D30_H02,10.0,468.0000000000001,
D30_H02,12.5,374.4,
D30_H02,15.0,312.00000000000006,
D30_H02,17.5,267.4285714285715,
D30_H02,20.0,234.00000000000009,275.99999999999955
D30_H02,22.5,208.00000000000003,235.99999999999983
D30_H02,25.0,187.2,194.4000007629395
D30_H02,27.5,170.18181818181822,180.0
D30_H02,30.0,156.00000000000003,180.0
D30_H02,32.5,144.00000000000003,172.61538461538464
D30_H02,35.0,133.71428571428575,166.28571428571416
D30_H02,37.5,124.80000000000004,160.79999999999993
D30_H02,40.0,117.00000000000004,156.0
D30_H02,42.5,110.11764705882356,151.76470588235276
D30_H02,45.0,104.0,148.0
D30_H02,47.5,98.5263157894737,144.6315789473682
D30_H02,50.0,93.6,139.19999999999996
D30_H03,10.0,612.0,
D30_H03,12.5,489.6,
D30_H03,15.0,408.0,
D30_H03,17.5,349.7142857142857,
D30_H03,20.0,306.0,359.8800007152558
D30_H03,22.5,272.0,315.9999999999999
D30_H03,25.0,244.8,273.6000030517576
D30_H03,27.5,222.54545454545456,247.54909090909075
D30_H03,30.0,204.0,228.0
D30_H03,32.5,188.30769230769232,196.61538461538444
D30_H03,35.0,174.85714285714286,180.0
D30_H03,37.5,163.20000000000002,180.0
D30_H03,40.0,153.0,180.0
D30_H03,42.5,144.0,180.0
D30_H03,45.0,136.0,180.0
D30_H03,47.5,128.8421052631579,174.94736842105263
D30_H03,50.0,122.4,170.40000171661376
D30_H04,10.0,552.24,
D30_H04,12.5,441.792,
D30_H04,15.0,368.16,
D30_H04,17.5,315.5657142857143,
D30_H04,20.0,276.12,312.12
D30_H04,22.5,245.44,277.44000000000005
D30_H04,25.0,220.896,242.49599999999995
D30_H04,27.5,200.81454545454548,221.6290909090909
D30_H04,30.0,184.08,188.1599999999997
D30_H04,32.5,169.92000000000002,180.0
D30_H04,35.0,157.78285714285715,180.0
D30_H04,37.5,147.264,180.0
D30_H04,40.0,138.06,180.0
D30_H04,42.5,129.93882352941176,168.76235294117643
D30_H04,45.0,122.72,164.0
D30_H04,47.5,116.26105263157896,159.78947368421052
D30_H04,50.0,110.448,156.0
D30_H05,10.0,527.7600000000001,
D30_H05,12.5,422.208,
D30_H05,15.0,351.84000000000003,
D30_H05,17.5,301.5771428571429,
D30_H05,20.0,263.88000000000005,300.0
D30_H05,22.5,234.56000000000003,277.11999999999955
D30_H05,25.0,211.104,240.0
D30_H05,27.5,191.91272727272727,203.8254545454546
D30_H05,30.0,175.92000000000002,180.0
D30_H05,32.5,162.38769230769236,180.0
D30_H05,35.0,150.78857142857146,180.0
D30_H05,37.5,140.73600000000002,179.13599999999994
D30_H05,40.0,131.94000000000003,173.94000000000003
D30_H05,42.5,124.1788235294118,168.705882352941
D30_H05,45.0,117.28000000000002,164.0
D30_H05,47.5,111.10736842105264,159.78947368421052
D30_H05,50.0,105.552,156.00000190734863
D30_H06,10.0,540.0,
D30_H06,12.5,432.0,
D30_H06,15.0,360.0,
D30_H06,17.5,308.5714285714286,
D30_H06,20.0,270.0,300.0
D30_H06,22.5,240.0,257.44000000000005
D30_H06,25.0,216.0,239.99999999999991
D30_H06,27.5,196.3636363636364,212.72727272727275
D30_H06,30.0,180.0,179.99999999999991
D30_H06,32.5,166.15384615384616,180.0
D30_H06,35.0,154.2857142857143,180.0
D30_H06,37.5,144.0,180.0
D30_H06,40.0,135.0,173.94000381469732
D30_H06,42.5,127.05882352941175,169.35529411764708
D30_H06,45.0,120.0,165.28000190734855
D30_H06,47.5,113.6842105263158,160.4210526315789
D30_H06,50.0,108.0,153.60000000000014
D30_H07,10.0,540.0000000000001,
D30_H07,12.5,432.00000000000006,
D30_H07,15.0,360.00000000000006,
D30_H07,17.5,308.57142857142867,
D30_H07,20.0,270.00000000000006,300.0
D30_H07,22.5,240.00000000000003,278.5599999999997
D30_H07,25.0,216.00000000000003,239.99999999999991
D30_H07,27.5,196.3636363636364,212.72727272727272
D30_H07,30.0,180.00000000000003,180.0
D30_H07,32.5,166.1538461538462,180.0
D30_H07,35.0,154.2857142857143,180.0
D30_H07,37.5,144.00000000000003,173.66399999999993
D30_H07,40.0,135.00000000000003,162.05999999999997
D30_H07,42.5,127.05882352941178,151.82117647058791
D30_H07,45.0,120.0,148.0
D30_H07,47.5,113.6842105263158,144.63157894736815
D30_H07,50.0,108.0,141.6000011444091
D50_311,10.0,480.00000000000006,
D50_311,12.5,384.00000000000006,
D50_311,15.0,320.0,
D50_311,17.5,274.28571428571433,
D50_311,20.0,240.00000000000003,264.0
D50_311,22.5,213.33333333333337,240.0
D50_311,25.0,192.00000000000003,204.0
D50_311,27.5,174.5454545454546,180.0
D50_311,30.0,160.0,180.0
D50_311,32.5,147.69230769230774,180.0
D50_311,35.0,137.14285714285717,180.0
D50_311,37.5,128.00000000000003,176.0000038146973
D50_311,40.0,120.0,171.0
D50_311,42.5,112.94117647058825,165.17647058823488
D50_311,45.0,106.66666666666669,157.33333333333331
D50_311,47.5,101.05263157894738,150.31578947368422
D50_311,50.0,96.0,144.0
D50_312,10.0,600.0000000000001,
D50_312,12.5,480.00000000000006,
D50_312,15.0,400.00000000000006,
D50_312,17.5,342.85714285714295,
D50_312,20.0,300.00000000000006,324.0
D50_312,22.5,266.66666666666674,304.0
D50_312,25.0,240.00000000000003,276.0
D50_312,27.5,218.18181818181824,244.36363636363632
D50_312,30.0,200.00000000000003,220.0
D50_312,32.5,184.61538461538467,189.23076923076928
D50_312,35.0,171.42857142857147,180.0
D50_312,37.5,160.00000000000003,180.0
D50_312,40.0,150.00000000000003,180.0
D50_312,42.5,141.17647058823533,171.52941176470583
D50_312,45.0,133.33333333333337,164.0
D50_312,47.5,126.31578947368423,159.7894736842103
D50_312,50.0,120.0,156.0
D50_313,10.0,720.0,
D50_313,12.5,576.0,
D50_313,15.0,480.0,
D50_313,17.5,411.4285714285714,
D50_313,20.0,360.0,383.9999999999999
D50_313,22.5,320.0,340.0
D50_313,25.0,288.0,300.0
D50_313,27.5,261.8181818181818,300.0
D50_313,30.0,240.0,288.0
D50_313,32.5,221.5384615384616,251.0769230769231
D50_313,35.0,205.7142857142857,231.4285714285712
D50_313,37.5,192.0,204.0
D50_313,40.0,180.0,183.0
D50_313,42.5,169.41176470588235,180.0
D50_313,45.0,160.0,180.0
D50_313,47.5,151.57894736842104,180.0
D50_313,50.0,144.0,168.0
D50_314,10.0,600.0,
D50_314,12.5,480.0,
D50_314,15.0,400.0,
D50_314,17.5,342.8571428571429,
D50_314,20.0,300.0,324.0
D50_314,22.5,266.6666666666667,293.3333333333331
D50_314,25.0,240.0,240.0
D50_314,27.5,218.18181818181824,240.0
D50_314,30.0,200.0,228.0
D50_314,32.5,184.61538461538464,204.9230769230769
D50_314,35.0,171.42857142857144,190.2857142857141
D50_314,37.5,160.00000000000003,180.0000038146973
D50_314,40.0,150.0,180.0
D50_314,42.5,141.1764705882353,178.5882352941174
D50_314,45.0,133.33333333333334,174.66666666666666
D50_314,47.5,126.31578947368422,171.15789473684208
D50_314,50.0,120.0,168.0
D50_321,10.0,600.0,
D50_321,12.5,480.0,
D50_321,15.0,400.0,
D50_321,17.5,342.8571428571429,
D50_321,20.0,300.0,324.0
D50_321,22.5,266.6666666666667,293.33333333333303
D50_321,25.0,240.0,240.0
D50_321,27.5,218.18181818181824,240.0
D50_321,30.0,200.0,228.0
D50_321,32.5,184.61538461538464,208.61538461538456
D50_321,35.0,171.42857142857144,195.4285714285714
D50_321,37.5,160.00000000000003,184.0
D50_321,40.0,150.0,180.0
D50_321,42.5,141.1764705882353,180.0
D50_321,45.0,133.33333333333334,174.66666666666663
D50_321,47.5,126.31578947368422,171.15789473684208
D50_321,50.0,120.0,168.0
D50_322,10.0,720.0,
D50_322,12.5,576.0,
D50_322,15.0,480.0,
D50_322,17.5,411.4285714285714,
D50_322,20.0,360.0,384.0
D50_322,22.5,320.0,360.0
D50_322,25.0,288.0,324.0
D50_322,27.5,261.8181818181818,283.6363636363636
D50_322,30.0,240.0,248.0
D50_322,32.5,221.5384615384616,240.0
D50_322,35.0,205.7142857142857,231.4285714285715
D50_322,37.5,192.0,204.0
D50_322,40.0,180.0,183.0
D50_322,42.5,169.41176470588235,180.0
D50_322,45.0,160.0,180.0
D50_322,47.5,151.57894736842104,180.0
D50_322,50.0,144.0,180.0
D50_323,10.0,840.0000000000001,
D50_323,12.5,672.0,
D50_323,15.0,560.0,
D50_323,17.5,480.00000000000006,
D50_323,20.0,420.00000000000006,444.0
D50_323,22.5,373.33333333333337,386.66666666666686
D50_323,25.0,336.0,360.0
D50_323,27.5,305.4545454545455,352.3636363636364
D50_323,30.0,280.0,324.0
D50_323,32.5,258.4615384615385,296.3076923076924
D50_323,35.0,240.00000000000003,263.99999999999966
D50_323,37.5,224.00000000000003,252.0
D50_323,40.0,210.00000000000003,240.0
D50_323,42.5,197.64705882352945,215.29411764705884
D50_323,45.0,186.66666666666669,193.3333333333331
D50_323,47.5,176.8421052631579,180.0
D50_323,50.0,168.0,180.0
D50_324,10.0,720.0,
D50_324,12.5,576.0,
D50_324,15.0,480.0,
D50_324,17.5,411.4285714285714,
D50_324,20.0,360.0,384.0
D50_324,22.5,320.0,339.99999999999983
D50_324,25.0,288.0,300.0
D50_324,27.5,261.8181818181818,292.3636363636364
D50_324,30.0,240.0,276.0
D50_324,32.5,221.5384615384616,254.7692307692308
D50_324,35.0,205.7142857142857,240.0
D50_324,37.5,192.0,232.0
D50_324,40.0,180.0,213.0
D50_324,42.5,169.41176470588235,196.2352941176471
D50_324,45.0,160.0,181.33333333333303
D50_324,47.5,151.57894736842104,180.0
D50_324,50.0,144.0,168.0
D50_331,10.0,450.0,
D50_331,12.5,360.0,
D50_331,15.0,300.0,
D50_331,17.5,257.1428571428572,
D50_331,20.0,225.0,258.0
D50_331,22.5,200.0,219.9999999999995
D50_331,25.0,180.0,180.0
D50_331,27.5,163.63636363636363,180.0
D50_331,30.0,150.0,180.0
D50_331,32.5,138.46153846153848,176.30769230769226
D50_331,35.0,128.57142857142858,169.71428571428572
D50_331,37.5,120.0,164.0
D50_331,40.0,112.5,159.0
D50_331,42.5,105.88235294117648,154.5882352941175
D50_331,45.0,100.0,150.66666666666674
D50_331,47.5,94.73684210526316,141.47368421052622
D50_331,50.0,90.0,132.0
D50_332,10.0,570.0000000000001,
D50_332,12.5,456.00000000000006,
D50_332,15.0,380.0,
D50_332,17.5,325.7142857142858,
D50_332,20.0,285.00000000000006,300.0
D50_332,22.5,253.33333333333337,294.66666666666674
D50_332,25.0,228.00000000000003,264.0
D50_332,27.5,207.2727272727273,234.5454545454544
D50_332,30.0,190.0,200.0
D50_332,32.5,175.38461538461542,180.0
D50_332,35.0,162.8571428571429,180.0
D50_332,37.5,152.00000000000003,180.0
D50_332,40.0,142.50000000000003,168.0
D50_332,42.5,134.11764705882354,157.41176470588212
D50_332,45.0,126.66666666666669,150.66666666666663
D50_332,47.5,120.0,147.15789473684208
D50_332,50.0,114.0,144.0
D50_333,10.0,690.0,
D50_333,12.5,552.0,
D50_333,15.0,460.0,
D50_333,17.5,394.28571428571433,
D50_333,20.0,345.0,378.0
D50_333,22.5,306.6666666666667,313.33333333333303
D50_333,25.0,276.0,300.0
D50_333,27.5,250.9090909090909,293.4545454545455
D50_333,30.0,230.0,268.0
D50_333,32.5,212.30769230769235,240.0
D50_333,35.0,197.1428571428572,214.28571428571408
D50_333,37.5,184.00000000000003,192.0000038146973
D50_333,40.0,172.5,183.0
D50_333,42.5,162.3529411764706,180.0
D50_333,45.0,153.33333333333334,180.0
D50_333,47.5,145.26315789473685,170.5263157894737
D50_333,50.0,138.0,156.0
D50_334,10.0,570.0000000000001,
D50_334,12.5,456.00000000000006,
D50_334,15.0,380.0,
D50_334,17.5,325.7142857142858,
D50_334,20.0,285.00000000000006,318.0
D50_334,22.5,253.33333333333337,266.6666666666662
D50_334,25.0,228.00000000000003,240.0
D50_334,27.5,207.2727272727273,234.5454545454544
D50_334,30.0,190.0,216.0000038146973
D50_334,32.5,175.38461538461542,202.1538461538462
D50_334,35.0,162.8571428571429,190.2857142857141
D50_334,37.5,152.00000000000003,180.0
D50_334,40.0,142.50000000000003,180.0
D50_334,42.5,134.11764705882354,178.5882352941174
D50_334,45.0,126.66666666666669,174.66666666666669
D50_334,47.5,120.0,164.8421052631579
D50_334,50.0,114.0,156.0
D50_H01,10.0,900.0,
D50_H01,12.5,720.0,
D50_H01,15.0,600.0,
D50_H01,17.5,514.2857142857143,
D50_H01,20.0,450.0,492.0
D50_H01,22.5,400.0,428.0
D50_H01,25.0,360.0,360.0
D50_H01,27.5,327.2727272727273,360.0
D50_H01,30.0,300.0,344.0
D50_H01,32.5,276.92307692307696,325.846153846154
D50_H01,35.0,257.1428571428572,298.28571428571433
D50_H01,37.5,240.0,268.0
D50_H01,40.0,225.0,258.0
D50_H01,42.5,211.76470588235296,240.0
D50_H01,45.0,200.0,219.9999999999995
D50_H01,47.5,189.4736842105263,198.9473684210521
D50_H01,50.0,180.0,180.0
D50_H02,10.0,780.0000000000001,
D50_H02,12.5,624.0000000000001,
D50_H02,15.0,520.0,
D50_H02,17.5,445.7142857142858,
D50_H02,20.0,390.00000000000006,419.9999999999999
D50_H02,22.5,346.66666666666674,360.0
D50_H02,25.0,312.00000000000006,336.00000381469727
D50_H02,27.5,283.6363636363637,318.5454545454542
D50_H02,30.0,260.0,300.0
D50_H02,32.5,240.00000000000009,280.43076923076933
D50_H02,35.0,222.8571428571429,253.71428571428524
D50_H02,37.5,208.00000000000003,235.99999999999983
D50_H02,40.0,195.00000000000003,210.0
D50_H02,42.5,183.5294117647059,187.0588250552904
D50_H02,45.0,173.33333333333337,180.0
D50_H02,47.5,164.2105263157895,180.0
D50_H02,50.0,156.00000000000003,180.0
D50_H03,10.0,1020.0,
D50_H03,12.5,816.0,
D50_H03,15.0,680.0,
D50_H03,17.5,582.8571428571429,
D50_H03,20.0,510.00000000000006,540.0
D50_H03,22.5,453.33333333333337,490.6666674296056
D50_H03,25.0,408.0,428.1599999999999
D50_H03,27.5,370.9090909090909,381.8181818181816
D50_H03,30.0,340.0,360.0
D50_H03,32.5,313.8461538461539,360.0
D50_H03,35.0,291.42857142857144,341.1428579057965
D50_H03,37.5,272.00000000000006,315.9999999999999
D50_H03,40.0,255.00000000000003,294.0
D50_H03,42.5,240.00000000000003,264.0
D50_H03,45.0,226.66666666666669,250.1333333333331
D50_H03,47.5,214.7368421052632,240.0
D50_H03,50.0,204.0,228.0
D50_H04,10.0,920.4,
D50_H04,12.5,736.32,
D50_H04,15.0,613.6,
D50_H04,17.5,525.9428571428573,
D50_H04,20.0,460.2000000000001,488.4
D50_H04,22.5,409.0666666666667,431.733336385091
D50_H04,25.0,368.16,380.1599999999996
D50_H04,27.5,334.69090909090914,360.0
D50_H04,30.0,306.8,354.79999999999995
D50_H04,32.5,283.20000000000005,321.0461538461538
D50_H04,35.0,262.97142857142865,300.0
D50_H04,37.5,245.44000000000003,277.44000000000005
D50_H04,40.0,230.1,256.1999999999994
D50_H04,42.5,216.56470588235297,240.0
D50_H04,45.0,204.53333333333336,229.0666666666666
D50_H04,47.5,193.7684210526316,207.53684210526308
D50_H04,50.0,184.08,188.1599999999997
D50_H05,10.0,879.6000000000001,
D50_H05,12.5,703.6800000000001,
D50_H05,15.0,586.4,
D50_H05,17.5,502.6285714285715,
D50_H05,20.0,439.80000000000007,480.0
D50_H05,22.5,390.9333333333333,420.0
D50_H05,25.0,351.84000000000003,363.8399999999997
D50_H05,27.5,319.8545454545455,344.9454545454546
D50_H05,30.0,293.2,329.2
D50_H05,32.5,270.6461538461539,308.4923076923078
D50_H05,35.0,251.3142857142857,290.7428571428572
D50_H05,37.5,234.56000000000003,277.11999999999955
D50_H05,40.0,219.90000000000003,247.7999999999999
D50_H05,42.5,206.9647058823529,233.929411764706
D50_H05,45.0,195.46666666666667,210.9333333333332
D50_H05,47.5,185.17894736842103,190.35789473684213
D50_H05,50.0,175.92000000000002,180.0
D50_H06,10.0,900.0,
D50_H06,12.5,720.0,
D50_H06,15.0,600.0,
D50_H06,17.5,514.2857142857143,
D50_H06,20.0,450.0,480.0
D50_H06,22.5,400.0,420.0
D50_H06,25.0,360.0,372.0
D50_H06,27.5,327.2727272727273,360.0
D50_H06,30.0,300.0,341.2
D50_H06,32.5,276.92307692307696,301.846153846154
D50_H06,35.0,257.1428571428572,274.2857142857141
D50_H06,37.5,240.0,257.44000000000005
D50_H06,40.0,225.0,248.1000019073484
D50_H06,42.5,211.76470588235296,240.0
D50_H06,45.0,200.0,220.0
D50_H06,47.5,189.4736842105263,198.94736842105263
D50_H06,50.0,180.0,179.99999999999983
D50_H07,10.0,900.0,
D50_H07,12.5,720.0,
D50_H07,15.0,600.0,
D50_H07,17.5,514.2857142857143,
D50_H07,20.0,450.0,480.0
D50_H07,22.5,400.0,430.6666674296058
D50_H07,25.0,360.0,372.0
D50_H07,27.5,327.2727272727273,354.5454545454543
D50_H07,30.0,300.0,314.8
D50_H07,32.5,276.92307692307696,300.0
D50_H07,35.0,257.1428571428572,295.88571733747216
D50_H07,37.5,240.0,278.5599999999997
D50_H07,40.0,225.0,258.0
D50_H07,42.5,211.76470588235296,240.0
D50_H07,45.0,200.0,220.0
D50_H07,47.5,189.4736842105263,198.94736842105243
D50_H07,50.0,180.0,179.99999999999991
