Link,Length[m],LaneNum,Total,Vol_0630,Vol_0645,Vol_0700,Vol_0715,Vol_0730,Vol_0745,Vol_0800,Vol_0815,Vol_0830,Vol_0845,Vol_0900,Vol_0915,Vol_0930,Vol_0945,Vol_1000,Vol_1015,Vol_1030,Vol_1045,Vol_1100,Vol_1115,Vol_1130,Vol_1145,Vol_1200,Vol_1215,Vol_1230,Vol_1245,Vol_1300,Vol_1315,Vol_1330,Vol_1345,Vol_1400,Vol_1415,Vol_1430,Vol_1445,Vol_1500,Vol_1515,Vol_1530,Vol_1545,Vol_1600,Vol_1615,Vol_1630,Vol_1645,Vol_1700,Vol_1715,Vol_1730,Vol_1745,Vol_1800,Vol_1815,Vol_1830,Vol_1845
533967_00280_11490_0,117.2,1,5536,138,120,126,134,122,155,118,143,132,161,102,129,158,105,97,92,88,102,104,104,113,101,92,98,110,109,117,108,118,111,129,149,96,113,84,117,115,97,103,104,70,112,88,118,106,113,73,91,66,85
533967_00280_11490_1,117.3,1,5734,69,66,82,116,113,138,145,130,144,105,121,127,127,106,119,105,107,117,105,103,136,103,126,151,109,102,125,107,105,70,95,126,111,106,102,106,107,98,149,122,140,153,136,140,118,88,127,120,108,103
533967_00280_13214_0,138.9,1,5734,65,70,80,118,110,139,144,129,146,107,119,129,124,109,118,106,107,117,103,105,133,106,124,152,109,103,120,109,106,72,93,128,111,106,102,106,102,103,146,125,135,157,133,143,115,91,124,121,110,104
533967_00280_13214_1,158.9,1,5537,138,121,126,135,121,155,119,142,134,160,100,130,158,107,94,94,86,102,106,104,112,101,91,99,110,109,117,107,119,110,129,150,96,115,83,117,113,97,103,105,70,113,88,118,105,113,72,94,63,86
533967_00285_11494_0,61.6,1,982,18,14,34,32,39,59,43,40,17,0,4,8,41,12,32,10,3,8,5,56,16,7,9,2,27,11,13,2,51,25,20,1,0,9,16,9,2,13,25,10,14,9,17,23,52,25,13,20,26,40
533967_00285_11494_1,61.5,1,1271,40,33,39,30,32,29,40,54,48,30,33,21,36,28,36,27,36,18,21,22,33,20,20,19,18,14,17,13,13,14,18,19,30,12,20,12,16,16,31,20,34,23,37,27,20,22,27,15,17,21
533967_00285_11497_0,145.2,1,1269,39,34,38,31,31,29,39,56,48,30,33,21,36,28,35,28,35,18,22,22,32,21,19,20,18,14,17,13,13,14,16,21,29,13,20,12,16,16,31,20,33,24,36,28,19,23,27,15,15,21
533967_00285_11497_1,145.1,1,982,18,14,34,34,37,60,42,41,16,0,4,8,41,12,33,9,3,8,5,57,15,7,9,2,27,11,13,2,51,25,20,1,0,9,16,9,2,13,25,10,15,8,17,23,52,25,13,20,26,40
533967_00319_00539_0,145.8,1,4573,63,65,68,92,83,74,153,92,116,125,99,98,117,107,106,90,81,111,89,63,75,116,66,73,87,78,109,81,69,83,71,90,88,90,84,119,88,79,70,100,66,92,85,107,95,109,100,99,122,90
533967_00319_00539_1,145.6,1,3832,94,143,136,112,94,30,90,84,78,74,73,44,65,78,78,43,81,91,87,99,76,95,75,66,63,99,75,69,86,82,90,88,79,54,90,82,62,67,69,77,68,82,64,86,74,86,41,37,35,41
533967_00319_01435_0,261.1,1,0,0,0,0,0,0,0,0,0,0,0,0,0,0,0,0,0,0,0,0,0,0,0,0,0,0,0,0,0,0,0,0,0,0,0,0,0,0,0,0,0,0,0,0,0,0,0,0,0,0,0
533967_00319_01435_1,281.8,1,0,0,0,0,0,0,0,0,0,0,0,0,0,0,0,0,0,0,0,0,0,0,0,0,0,0,0,0,0,0,0,0,0,0,0,0,0,0,0,0,0,0,0,0,0,0,0,0,0,0,0
533967_00319_11518_0,242.2,1,3832,94,143,136,112,94,30,90,84,78,74,73,44,65,78,78,43,81,91,87,99,76,95,75,66,63,99,75,69,86,82,90,88,79,54,90,82,62,67,68,77,68,82,64,86,75,85,42,37,34,42
533967_00319_11518_1,242.9,1,4575,64,67,65,95,81,88,140,103,106,125,97,107,115,102,106,89,85,106,88,65,74,116,66,73,87,79,107,81,69,83,71,90,90,88,87,116,88,80,70,104,63,91,86,106,98,108,98,101,121,90
533967_00319_87770_0,526.5,1,0,0,0,0,0,0,0,0,0,0,0,0,0,0,0,0,0,0,0,0,0,0,0,0,0,0,0,0,0,0,0,0,0,0,0,0,0,0,0,0,0,0,0,0,0,0,0,0,0,0,0
533967_00319_87770_1,526.3,1,0,0,0,0,0,0,0,0,0,0,0,0,0,0,0,0,0,0,0,0,0,0,0,0,0,0,0,0,0,0,0,0,0,0,0,0,0,0,0,0,0,0,0,0,0,0,0,0,0,0,0
533967_00532_00534_0,270.4,1,5834,127,89,124,127,133,112,119,119,154,149,140,133,145,96,91,105,106,80,110,120,121,106,101,122,111,113,109,116,121,119,141,142,110,129,110,105,137,100,107,116,108,125,125,94,106,128,108,119,115,91
533967_00532_00534_1,270.7,1,5665,70,62,83,101,127,116,153,117,126,112,105,116,117,103,132,125,106,96,85,116,114,90,88,124,78,93,116,86,132,82,86,98,120,106,114,96,116,102,136,122,180,150,163,139,133,106,154,131,135,107
533967_00532_01530_0,145.8,1,2353,42,53,35,16,46,45,53,62,56,68,33,31,37,42,69,64,53,47,46,26,40,46,26,30,36,44,61,30,41,33,31,45,69,34,48,27,47,40,62,52,86,69,69,59,52,71,74,31,48,28
533967_00532_01530_1,145.6,1,2449,15,15,18,36,46,60,42,42,58,46,31,39,39,30,34,45,29,49,43,79,45,50,55,70,76,58,49,52,50,49,53,51,37,54,46,40,38,40,66,59,58,69,56,48,60,74,58,69,68,55
533967_00532_11490_0,284.1,1,5734,69,66,83,115,115,137,148,126,145,104,123,125,128,108,116,105,108,116,105,105,137,100,126,151,109,102,125,107,106,69,95,126,112,105,102,106,110,95,152,119,144,149,138,138,120,86,128,121,108,101
533967_00532_11490_1,283.1,1,5533,135,110,138,124,132,144,129,133,138,145,121,121,165,101,102,93,88,97,106,104,115,95,97,101,103,110,121,105,121,104,135,143,104,107,89,106,127,90,106,101,77,109,90,109,113,112,78,85,69,85
533967_00532_11497_0,89.2,1,982,18,14,34,34,37,60,42,41,16,0,4,8,42,11,33,9,3,8,5,58,14,8,8,2,27,11,13,2,51,25,20,1,0,9,16,9,2,13,25,10,15,8,17,23,52,25,13,20,27,39
533967_00532_11497_1,90.0,1,1268,37,36,37,31,24,37,38,56,48,31,31,22,36,27,32,33,32,21,20,24,28,25,16,23,17,15,14,16,11,16,12,25,26,16,18,14,14,17,27,23,34,25,35,28,19,23,26,16,14,22
533967_00533_11502_0,55.6,1,2444,2,8,21,36,16,4,12,39,57,72,35,62,47,33,26,40,48,30,43,49,89,28,67,64,59,44,50,59,46,70,64,80,35,90,63,68,63,45,46,60,49,72,53,21,50,84,48,82,56,59
533967_00533_11502_1,76.1,1,3021,61,33,61,73,76,52,93,76,98,67,70,58,71,57,79,66,67,55,69,63,60,46,82,57,63,35,43,39,70,28,38,45,53,50,50,33,46,39,74,66,91,75,87,60,63,58,65,60,48,52
533967_00533_11503_0,186.6,1,2944,53,31,64,73,76,88,118,81,109,77,76,49,70,84,68,63,46,56,49,65,35,45,60,61,59,38,33,30,70,15,41,44,60,49,40,32,48,36,69,60,89,64,97,60,57,39,70,54,48,45
533967_00533_11503_1,186.7,1,2770,1,8,20,21,12,10,12,38,69,68,27,76,47,33,24,40,54,54,47,49,88,50,69,68,60,56,58,66,46,82,63,81,47,94,65,67,62,50,63,91,79,100,75,35,53,85,57,97,80,73
533967_00533_11505_0,220.0,1,677,7,0,0,0,0,6,7,9,20,2,0,22,3,0,16,2,32,23,26,0,25,26,28,6,7,12,18,15,3,24,4,1,13,5,16,1,0,3,26,35,34,43,22,14,14,19,10,22,26,30
533967_00533_11505_1,220.7,1,274,2,0,1,17,4,35,32,13,23,15,12,2,0,26,8,2,3,1,2,1,0,1,7,5,0,3,1,0,1,3,5,0,7,1,3,3,0,0,2,0,0,3,10,1,3,0,6,1,1,8
533967_00534_00766_0,409.9,1,3530,128,94,119,132,117,115,112,132,104,130,126,69,86,90,68,66,46,39,51,81,28,71,28,73,48,69,41,61,68,51,64,79,73,69,57,51,79,63,45,32,24,36,53,69,54,72,54,42,35,36
533967_00534_00766_1,409.7,1,3197,32,38,44,55,53,37,62,64,54,59,53,67,47,40,55,69,55,41,43,58,71,53,44,60,36,47,85,62,68,61,44,62,81,84,89,68,84,68,77,76,87,93,72,79,87,84,93,102,89,65
533967_00534_11504_0,86.9,1,2770,2,7,24,17,13,9,13,37,75,62,27,78,49,29,24,40,65,43,55,44,96,39,80,57,68,48,61,63,48,82,68,74,55,87,71,60,67,46,66,93,84,89,86,25,61,76,62,92,93,60
533967_00534_11504_1,87.2,1,2942,47,35,61,70,73,95,101,96,94,94,70,56,66,86,68,65,47,58,44,66,37,46,49,70,50,48,31,29,63,26,41,44,52,54,39,36,45,40,61,59,85,74,89,69,50,45,67,55,43,53
533967_00535_00538_0,162.0,1,3607,61,58,59,85,82,92,69,102,99,58,61,74,58,55,82,75,63,69,65,89,62,102,73,56,88,64,70,82,63,81,59,72,55,56,95,60,58,67,89,72,84,79,89,56,83,91,95,55,52,43
533967_00535_00538_1,173.6,1,2843,12,20,43,50,45,70,97,61,43,59,70,47,57,67,53,40,37,42,47,73,54,55,49,78,82,45,64,47,55,44,56,81,64,57,61,61,77,79,57,33,23,46,47,62,74,81,77,78,59,64
533967_00535_00609_0,512.4,1,4546,70,70,64,107,145,91,160,131,153,135,121,97,115,104,104,91,79,73,76,118,56,71,86,108,83,59,89,61,81,53,81,63,90,70,63,76,72,91,101,84,93,99,53,106,108,86,105,103,85,66
533967_00535_00609_1,514.6,1,4227,84,87,102,99,93,53,68,91,77,87,74,71,88,47,73,76,84,74,93,100,83,77,110,91,102,86,100,87,70,73,72,56,51,61,82,92,81,77,83,101,75,92,105,96,109,107,89,98,103,97
533967_00535_11512_0,144.9,1,4158,20,36,47,60,46,87,72,67,57,82,87,70,86,73,75,76,76,61,106,119,101,76,83,123,126,82,103,91,75,77,64,93,86,92,82,107,111,115,70,70,52,77,84,96,107,86,119,109,94,104
533967_00535_11512_1,145.9,1,5072,110,105,96,131,151,120,159,169,171,104,100,104,99,102,116,105,88,95,90,148,77,123,84,114,105,88,105,114,94,91,68,89,97,78,92,84,83,81,108,77,94,95,88,95,85,81,92,91,78,58
533967_00535_14018_0,131.1,1,2875,82,89,102,98,101,58,111,103,98,67,57,48,56,51,42,47,50,54,37,50,34,50,57,60,65,54,52,62,41,34,34,39,38,30,28,49,30,43,47,43,39,50,80,72,51,68,36,64,67,57
533967_00535_14018_1,131.7,1,3005,43,40,42,71,86,82,76,100,105,86,81,66,68,63,61,63,55,53,53,50,43,37,58,74,66,31,54,41,43,38,34,49,53,42,44,40,42,71,65,60,71,68,67,67,86,68,77,70,50,52
533967_00536_11512_0,117.7,1,5074,114,114,86,128,154,127,157,170,169,106,95,100,101,102,115,104,90,94,94,144,78,122,86,115,102,90,103,113,100,89,67,87,100,76,92,82,83,82,112,73,98,90,89,95,87,82,92,90,75,60
533967_00536_11512_1,97.2,1,4157,20,36,46,60,46,87,71,67,56,83,89,69,85,74,74,77,75,61,105,119,101,76,84,122,127,84,100,93,75,76,65,91,86,94,82,104,112,114,74,70,51,74,86,97,108,86,119,107,96,103
533967_00538_00539_0,270.7,1,4525,122,169,152,126,153,144,123,139,145,115,115,117,107,88,107,83,93,88,58,86,79,84,91,72,63,101,75,93,87,72,94,69,64,58,103,61,70,46,87,71,77,79,65,75,72,77,58,54,52,46
533967_00538_00539_1,271.1,1,4885,47,53,62,64,79,53,110,65,70,78,95,83,81,96,104,83,91,107,103,96,100,96,110,102,85,71,104,95,79,83,98,97,102,90,107,137,122,95,120,116,112,110,114,115,119,143,129,140,147,127
533967_00538_11513_0,256.6,1,4782,51,49,53,89,79,66,59,90,92,80,85,100,79,91,110,109,84,93,99,100,87,119,81,75,86,64,91,102,65,106,78,91,97,92,113,127,97,116,111,115,123,106,135,111,128,132,142,112,121,101
533967_00538_11513_1,257.1,1,3719,95,125,122,116,119,138,102,122,115,114,134,89,116,86,92,74,64,39,39,92,40,69,35,61,67,73,57,62,75,54,68,75,72,64,73,50,68,79,41,32,28,39,54,77,76,63,53,48,31,42
533967_00539_11517_0,283.3,1,271,0,0,0,0,0,0,0,4,13,6,23,2,3,3,0,0,0,4,4,0,4,2,0,2,16,6,0,3,0,0,0,0,10,12,8,3,14,3,22,6,17,11,10,4,0,7,14,16,13,6
533967_00539_11517_1,303.8,1,328,0,0,0,0,4,3,8,9,4,4,9,12,2,8,5,5,9,4,3,12,1,11,8,4,1,0,7,3,2,8,10,7,3,8,10,12,15,0,8,0,6,5,17,13,13,14,12,14,1,14
533967_00605_01530_0,176.3,1,0,0,0,0,0,0,0,0,0,0,0,0,0,0,0,0,0,0,0,0,0,0,0,0,0,0,0,0,0,0,0,0,0,0,0,0,0,0,0,0,0,0,0,0,0,0,0,0,0,0,0
533967_00605_01530_1,174.8,1,0,0,0,0,0,0,0,0,0,0,0,0,0,0,0,0,0,0,0,0,0,0,0,0,0,0,0,0,0,0,0,0,0,0,0,0,0,0,0,0,0,0,0,0,0,0,0,0,0,0,0
533967_00605_72276_0,92.4,1,0,0,0,0,0,0,0,0,0,0,0,0,0,0,0,0,0,0,0,0,0,0,0,0,0,0,0,0,0,0,0,0,0,0,0,0,0,0,0,0,0,0,0,0,0,0,0,0,0,0,0
533967_00605_72276_1,92.9,1,0,0,0,0,0,0,0,0,0,0,0,0,0,0,0,0,0,0,0,0,0,0,0,0,0,0,0,0,0,0,0,0,0,0,0,0,0,0,0,0,0,0,0,0,0,0,0,0,0,0,0
533967_00608_00609_0,62.4,1,4018,88,91,93,112,84,84,89,83,86,92,86,55,78,73,67,74,62,72,78,95,58,71,101,78,89,87,83,77,65,55,75,55,49,57,77,84,79,75,83,94,67,85,103,89,96,95,88,91,90,80
533967_00608_00609_1,41.7,1,4728,69,70,63,89,144,91,147,126,162,126,117,101,117,104,100,90,85,96,82,117,56,85,87,106,83,60,95,64,80,57,83,63,97,70,60,73,71,93,115,109,131,118,70,113,108,86,112,105,105,77
533967_00609_11505_0,262.2,1,276,2,0,1,19,2,37,32,11,24,15,13,0,0,27,7,2,4,0,2,1,0,2,6,5,0,3,1,0,1,3,5,0,7,1,4,2,0,0,2,0,0,3,11,0,3,0,6,1,1,10
533967_00609_11505_1,261.8,1,676,7,0,0,0,0,6,7,9,20,2,0,21,4,0,15,3,31,24,25,1,24,26,28,7,7,10,20,15,3,23,5,1,13,5,16,1,0,3,26,32,37,42,23,13,15,17,12,20,28,29
533967_00693_01661_0,200.4,2,4520,89,96,91,105,104,129,116,112,119,137,81,85,73,102,89,102,80,56,81,78,108,84,89,69,84,93,82,71,57,71,66,79,93,98,58,115,63,106,88,92,74,98,115,103,80,91,81,97,92,98
533967_00695_11518_0,242.9,1,4581,66,76,57,92,84,109,120,104,105,133,88,110,119,98,108,85,87,103,88,63,83,110,63,77,85,83,108,77,66,86,74,88,93,84,86,122,88,78,66,109,56,99,82,109,93,109,95,111,117,89
533967_00695_11518_1,222.2,1,3832,84,143,138,119,94,31,86,85,80,74,74,43,64,78,79,43,74,94,91,95,77,97,75,68,62,100,70,70,88,82,92,88,75,58,87,81,64,67,69,76,67,84,64,85,77,85,41,38,31,45
533967_00766_11513_0,381.7,1,3720,112,115,129,118,119,127,102,131,103,115,140,84,123,85,83,82,55,40,38,94,38,69,35,66,64,79,50,63,75,56,64,83,64,73,66,51,66,78,42,31,28,40,53,80,73,64,54,46,31,43
533967_00766_11513_1,381.4,1,4777,46,54,52,84,83,62,62,91,94,77,87,98,77,92,114,104,87,94,89,102,89,117,90,75,86,58,89,109,63,101,80,94,100,87,106,139,94,111,105,116,136,104,121,125,119,131,141,119,119,104
533967_00766_14156_0,450.6,1,2862,19,23,36,66,81,55,59,71,84,74,74,47,56,77,60,55,49,70,76,54,39,86,64,62,60,28,45,60,24,57,61,45,59,45,54,72,62,52,65,58,57,41,79,71,55,68,74,39,40,54
533967_00766_14156_1,453.2,1,1476,23,19,29,30,37,45,54,48,43,43,40,39,51,21,22,32,30,18,21,17,28,24,24,37,21,37,43,30,22,21,23,24,35,44,38,14,24,30,33,16,22,27,36,34,36,15,22,28,13,13
533967_00818_01603_0,92.9,1,0,0,0,0,0,0,0,0,0,0,0,0,0,0,0,0,0,0,0,0,0,0,0,0,0,0,0,0,0,0,0,0,0,0,0,0,0,0,0,0,0,0,0,0,0,0,0,0,0,0,0
533967_00818_01603_1,72.2,1,0,0,0,0,0,0,0,0,0,0,0,0,0,0,0,0,0,0,0,0,0,0,0,0,0,0,0,0,0,0,0,0,0,0,0,0,0,0,0,0,0,0,0,0,0,0,0,0,0,0,0
533967_00933_00943_0,76.5,2,3451,84,81,90,92,72,89,74,66,103,72,85,72,86,73,98,60,59,55,71,73,58,48,76,71,58,72,46,63,61,45,86,46,78,66,58,42,69,50,66,74,68,81,49,77,55,71,93,52,62,55
533967_00933_00944_1,88.8,2,2844,35,45,19,48,63,75,86,33,98,67,43,94,45,24,88,37,62,42,54,59,50,64,59,55,81,71,71,47,57,35,57,35,84,55,40,74,30,54,50,88,94,41,52,17,43,77,80,67,43,56
533967_00933_14152_0,152.8,2,2843,35,45,19,46,64,73,87,31,97,71,44,90,47,26,83,42,57,47,53,59,47,67,54,59,82,69,70,50,54,39,52,40,81,57,39,76,28,55,46,89,93,44,54,17,40,80,78,67,44,56
533967_00933_14152_1,171.5,2,3451,85,80,91,91,72,89,75,65,103,72,85,73,86,73,97,60,59,55,71,73,58,48,76,72,57,75,43,63,62,44,86,46,78,66,58,42,69,51,65,76,67,80,49,78,54,71,93,52,63,54
533967_00938_00939_0,207.9,1,2347,25,36,38,49,73,63,45,34,56,46,34,34,35,49,49,15,55,25,38,57,40,56,53,58,50,53,44,49,37,45,58,47,29,54,60,64,40,34,70,54,50,34,41,61,52,62,55,45,45,51
533967_00938_00939_1,214.1,1,3604,37,67,64,65,144,76,61,63,97,95,74,68,68,115,167,150,90,92,92,114,44,78,80,42,71,45,53,68,21,66,54,49,33,37,86,107,22,48,66,83,59,50,44,63,60,74,106,36,95,65
533967_00938_01409_1,59.5,1,2350,25,40,36,48,75,60,48,32,58,43,36,33,34,50,49,15,54,27,38,59,38,55,53,57,54,51,42,49,38,46,58,46,28,54,64,60,45,54,62,39,53,32,40,63,51,62,57,45,45,49
533967_00938_01417_0,56.9,1,3603,37,67,64,65,144,76,61,63,97,95,74,68,68,115,167,148,92,92,90,116,44,78,80,42,71,45,53,68,20,65,56,49,33,37,86,105,24,47,65,83,61,50,44,62,61,72,106,37,95,65
533967_00939_00940_0,46.1,1,291,14,9,4,15,4,5,5,3,12,2,4,7,15,24,28,1,5,2,18,3,4,2,2,4,2,3,1,1,3,1,2,2,4,2,7,2,2,1,1,3,3,5,17,5,4,4,12,4,4,4
533967_00939_00940_1,48.5,1,574,11,33,23,5,15,3,1,2,5,26,1,17,2,28,44,37,28,11,19,8,2,14,8,0,1,3,12,0,2,15,6,5,8,7,22,0,1,1,8,36,21,8,22,12,9,2,9,4,14,3
533967_00939_01421_1,187.9,2,6458,28,69,72,105,146,98,105,114,143,115,123,76,105,133,172,185,105,155,198,176,136,149,145,147,116,140,136,165,134,111,121,176,98,98,131,159,130,99,172,125,121,142,133,113,137,130,163,111,159,138
533967_00940_13718_0,271.4,2,3655,64,74,61,111,112,96,122,120,79,117,116,52,85,89,71,60,51,61,71,42,52,30,65,68,55,80,78,55,62,53,54,58,85,82,61,38,49,54,70,44,63,88,111,83,89,85,86,71,58,74
533967_00943_01268_0,117.5,2,3449,83,82,90,90,74,88,75,66,103,72,82,73,87,73,96,62,60,54,71,74,57,49,76,71,58,72,46,63,61,45,85,47,78,64,59,43,67,51,67,74,67,81,50,76,54,73,91,53,63,53
533967_00944_13715_1,48.1,2,2844,38,42,19,48,63,77,84,35,98,65,43,96,43,24,89,36,64,40,54,59,50,65,58,55,82,71,70,47,57,35,57,36,83,56,39,74,31,55,48,88,96,39,52,18,42,77,80,68,42,56
533967_00949_14017_0,200.5,1,3012,45,39,45,72,84,86,73,107,114,77,71,69,66,68,56,64,54,52,54,51,41,42,54,79,60,34,50,46,39,37,39,50,47,43,46,41,55,55,74,55,75,65,62,69,86,70,82,63,55,51
533967_00949_14017_1,180.6,1,2875,75,92,100,99,104,57,113,96,104,67,59,46,55,52,43,47,49,54,39,48,34,48,59,60,62,53,54,64,41,34,35,40,38,30,27,50,30,40,49,43,39,49,79,73,52,65,40,64,67,57
533967_00976_12969_0,118.6,2,3357,29,27,34,44,65,65,60,50,57,61,62,56,38,82,96,56,52,78,79,89,64,70,67,78,46,93,70,83,92,45,66,93,46,69,79,57,78,57,85,83,54,84,67,71,88,73,86,61,97,75
533967_00976_12969_1,97.2,2,2656,74,72,76,121,105,117,130,146,62,93,106,44,43,54,36,15,23,33,37,15,14,14,36,66,18,40,59,41,36,40,35,31,56,60,23,14,21,42,30,17,43,61,51,37,62,68,65,53,47,74
533967_00978_01607_0,93.1,1,0,0,0,0,0,0,0,0,0,0,0,0,0,0,0,0,0,0,0,0,0,0,0,0,0,0,0,0,0,0,0,0,0,0,0,0,0,0,0,0,0,0,0,0,0,0,0,0,0,0,0
533967_00978_01607_1,95.1,1,0,0,0,0,0,0,0,0,0,0,0,0,0,0,0,0,0,0,0,0,0,0,0,0,0,0,0,0,0,0,0,0,0,0,0,0,0,0,0,0,0,0,0,0,0,0,0,0,0,0,0
533967_00978_12969_0,145.8,2,2656,75,72,75,121,107,115,132,145,61,94,106,43,43,54,36,15,23,33,37,15,14,14,39,63,18,40,60,40,36,40,35,31,56,61,22,14,21,42,30,17,43,61,52,36,62,68,65,53,47,74
533967_00978_12969_1,146.0,2,3357,29,25,36,44,65,65,60,49,58,61,61,57,38,81,95,57,50,79,80,90,62,72,67,78,44,93,71,84,89,48,66,90,49,68,79,57,78,57,86,81,55,82,68,72,89,73,86,61,96,76
533967_00978_87768_0,103.3,1,0,0,0,0,0,0,0,0,0,0,0,0,0,0,0,0,0,0,0,0,0,0,0,0,0,0,0,0,0,0,0,0,0,0,0,0,0,0,0,0,0,0,0,0,0,0,0,0,0,0,0
533967_00978_87768_1,109.2,1,0,0,0,0,0,0,0,0,0,0,0,0,0,0,0,0,0,0,0,0,0,0,0,0,0,0,0,0,0,0,0,0,0,0,0,0,0,0,0,0,0,0,0,0,0,0,0,0,0,0,0
533967_01268_13716_0,103.3,1,0,0,0,0,0,0,0,0,0,0,0,0,0,0,0,0,0,0,0,0,0,0,0,0,0,0,0,0,0,0,0,0,0,0,0,0,0,0,0,0,0,0,0,0,0,0,0,0,0,0,0
533967_01268_13716_1,93.0,1,0,0,0,0,0,0,0,0,0,0,0,0,0,0,0,0,0,0,0,0,0,0,0,0,0,0,0,0,0,0,0,0,0,0,0,0,0,0,0,0,0,0,0,0,0,0,0,0,0,0,0
533967_01269_13715_0,89.0,2,2844,38,43,18,48,63,79,82,35,98,65,43,97,42,24,89,36,65,40,53,59,50,65,58,55,82,72,69,47,57,35,57,36,83,56,39,74,31,55,48,88,96,39,52,18,42,77,80,68,42,56
533967_01405_01406_0,31.5,1,0,0,0,0,0,0,0,0,0,0,0,0,0,0,0,0,0,0,0,0,0,0,0,0,0,0,0,0,0,0,0,0,0,0,0,0,0,0,0,0,0,0,0,0,0,0,0,0,0,0,0
533967_01405_01406_1,31.5,1,0,0,0,0,0,0,0,0,0,0,0,0,0,0,0,0,0,0,0,0,0,0,0,0,0,0,0,0,0,0,0,0,0,0,0,0,0,0,0,0,0,0,0,0,0,0,0,0,0,0,0
533967_01406_01408_0,143.1,1,0,0,0,0,0,0,0,0,0,0,0,0,0,0,0,0,0,0,0,0,0,0,0,0,0,0,0,0,0,0,0,0,0,0,0,0,0,0,0,0,0,0,0,0,0,0,0,0,0,0,0
533967_01406_01408_1,134.3,1,0,0,0,0,0,0,0,0,0,0,0,0,0,0,0,0,0,0,0,0,0,0,0,0,0,0,0,0,0,0,0,0,0,0,0,0,0,0,0,0,0,0,0,0,0,0,0,0,0,0,0
533967_01406_01644_0,145.7,2,2283,22,37,36,39,64,51,53,75,49,64,60,49,65,64,41,49,72,50,50,38,44,31,53,42,62,38,36,29,33,33,42,35,39,51,45,36,34,33,51,48,31,47,46,69,26,34,60,66,33,28
533967_01407_01408_0,65.5,1,0,0,0,0,0,0,0,0,0,0,0,0,0,0,0,0,0,0,0,0,0,0,0,0,0,0,0,0,0,0,0,0,0,0,0,0,0,0,0,0,0,0,0,0,0,0,0,0,0,0,0
533967_01407_01408_1,44.4,1,0,0,0,0,0,0,0,0,0,0,0,0,0,0,0,0,0,0,0,0,0,0,0,0,0,0,0,0,0,0,0,0,0,0,0,0,0,0,0,0,0,0,0,0,0,0,0,0,0,0,0
533967_01408_01644_0,228.0,1,0,0,0,0,0,0,0,0,0,0,0,0,0,0,0,0,0,0,0,0,0,0,0,0,0,0,0,0,0,0,0,0,0,0,0,0,0,0,0,0,0,0,0,0,0,0,0,0,0,0,0
533967_01408_01644_1,242.6,1,0,0,0,0,0,0,0,0,0,0,0,0,0,0,0,0,0,0,0,0,0,0,0,0,0,0,0,0,0,0,0,0,0,0,0,0,0,0,0,0,0,0,0,0,0,0,0,0,0,0,0
533967_01408_13716_0,103.4,1,0,0,0,0,0,0,0,0,0,0,0,0,0,0,0,0,0,0,0,0,0,0,0,0,0,0,0,0,0,0,0,0,0,0,0,0,0,0,0,0,0,0,0,0,0,0,0,0,0,0,0
533967_01408_13716_1,103.6,1,0,0,0,0,0,0,0,0,0,0,0,0,0,0,0,0,0,0,0,0,0,0,0,0,0,0,0,0,0,0,0,0,0,0,0,0,0,0,0,0,0,0,0,0,0,0,0,0,0,0,0
533967_01409_01410_1,98.4,1,1004,11,12,16,17,35,25,20,14,22,20,15,13,11,23,22,6,25,9,16,23,10,25,18,30,28,18,24,23,12,15,26,20,5,26,27,30,19,31,31,14,25,14,18,22,23,28,23,19,28,17
533967_01409_01417_0,27.8,1,0,0,0,0,0,0,0,0,0,0,0,0,0,0,0,0,0,0,0,0,0,0,0,0,0,0,0,0,0,0,0,0,0,0,0,0,0,0,0,0,0,0,0,0,0,0,0,0,0,0,0
533967_01410_01417_1,84.9,1,3602,37,67,64,65,144,76,61,63,97,95,74,68,68,115,167,147,93,92,90,115,45,78,80,42,70,46,53,68,20,63,58,49,33,37,86,102,27,46,64,83,63,49,45,60,63,69,108,37,93,67
533967_01412_01413_0,27.8,1,0,0,0,0,0,0,0,0,0,0,0,0,0,0,0,0,0,0,0,0,0,0,0,0,0,0,0,0,0,0,0,0,0,0,0,0,0,0,0,0,0,0,0,0,0,0,0,0,0,0,0
533967_01412_01414_1,139.9,1,593,26,31,20,23,19,10,18,19,15,6,15,15,13,9,10,9,3,8,11,16,19,6,5,7,7,4,5,9,13,1,9,4,14,7,6,12,8,11,8,14,14,19,18,7,6,21,8,8,19,8
533967_01413_01414_0,75.7,1,0,0,0,0,0,0,0,0,0,0,0,0,0,0,0,0,0,0,0,0,0,0,0,0,0,0,0,0,0,0,0,0,0,0,0,0,0,0,0,0,0,0,0,0,0,0,0,0,0,0,0
533967_01418_01419_0,31.5,1,0,0,0,0,0,0,0,0,0,0,0,0,0,0,0,0,0,0,0,0,0,0,0,0,0,0,0,0,0,0,0,0,0,0,0,0,0,0,0,0,0,0,0,0,0,0,0,0,0,0,0
533967_01418_01419_1,33.7,1,0,0,0,0,0,0,0,0,0,0,0,0,0,0,0,0,0,0,0,0,0,0,0,0,0,0,0,0,0,0,0,0,0,0,0,0,0,0,0,0,0,0,0,0,0,0,0,0,0,0,0
533967_01418_01420_1,131.3,2,3174,43,63,67,81,80,98,109,77,88,68,74,52,65,46,68,73,21,62,76,60,72,58,62,77,31,61,81,67,49,51,56,63,48,67,56,49,55,61,85,56,66,63,56,54,72,48,84,46,66,43
533967_01418_01421_0,125.5,1,1136,1,15,14,22,20,22,21,16,22,14,20,12,12,14,27,34,14,32,34,32,35,23,26,38,17,28,35,30,20,19,19,25,15,25,24,26,24,20,37,29,28,34,21,25,18,12,36,16,22,11
533967_01418_01421_1,129.3,1,0,0,0,0,0,0,0,0,0,0,0,0,0,0,0,0,0,0,0,0,0,0,0,0,0,0,0,0,0,0,0,0,0,0,0,0,0,0,0,0,0,0,0,0,0,0,0,0,0,0,0
533967_01419_01420_0,133.5,2,2431,16,19,27,26,40,74,33,43,46,69,58,55,46,60,30,53,34,55,44,57,40,64,38,35,48,37,38,44,22,39,50,40,53,44,48,51,66,57,62,83,58,43,75,108,65,65,69,45,31,28
533967_01419_01425_1,174.0,2,2434,16,19,27,26,40,74,33,43,46,69,59,55,46,60,29,53,34,55,45,56,41,63,38,36,47,37,40,44,20,39,51,39,54,45,46,51,67,56,62,83,58,46,78,102,65,67,67,45,31,31
533967_01419_01608_0,181.2,1,0,0,0,0,0,0,0,0,0,0,0,0,0,0,0,0,0,0,0,0,0,0,0,0,0,0,0,0,0,0,0,0,0,0,0,0,0,0,0,0,0,0,0,0,0,0,0,0,0,0,0
533967_01419_01608_1,173.6,1,0,0,0,0,0,0,0,0,0,0,0,0,0,0,0,0,0,0,0,0,0,0,0,0,0,0,0,0,0,0,0,0,0,0,0,0,0,0,0,0,0,0,0,0,0,0,0,0,0,0,0
533967_01420_01654_0,223.6,2,2426,14,18,30,24,42,67,40,39,50,64,63,49,51,57,34,47,40,50,48,52,46,56,46,32,51,36,39,41,25,38,50,36,58,42,50,46,71,46,68,78,66,40,77,97,79,63,70,43,34,23
533967_01420_01654_1,227.3,2,3174,43,63,67,81,80,98,109,77,88,69,73,52,65,46,68,73,21,62,76,60,72,58,62,77,31,61,81,67,49,51,56,63,48,67,56,49,55,61,85,56,66,63,56,54,72,48,84,46,66,43
533967_01424_01425_0,75.7,1,0,0,0,0,0,0,0,0,0,0,0,0,0,0,0,0,0,0,0,0,0,0,0,0,0,0,0,0,0,0,0,0,0,0,0,0,0,0,0,0,0,0,0,0,0,0,0,0,0,0,0
533967_01424_01425_1,86.8,1,0,0,0,0,0,0,0,0,0,0,0,0,0,0,0,0,0,0,0,0,0,0,0,0,0,0,0,0,0,0,0,0,0,0,0,0,0,0,0,0,0,0,0,0,0,0,0,0,0,0,0
533967_01424_01604_0,148.3,1,0,0,0,0,0,0,0,0,0,0,0,0,0,0,0,0,0,0,0,0,0,0,0,0,0,0,0,0,0,0,0,0,0,0,0,0,0,0,0,0,0,0,0,0,0,0,0,0,0,0,0
533967_01424_01604_1,148.7,1,0,0,0,0,0,0,0,0,0,0,0,0,0,0,0,0,0,0,0,0,0,0,0,0,0,0,0,0,0,0,0,0,0,0,0,0,0,0,0,0,0,0,0,0,0,0,0,0,0,0,0
533967_01424_01605_0,270.7,1,0,0,0,0,0,0,0,0,0,0,0,0,0,0,0,0,0,0,0,0,0,0,0,0,0,0,0,0,0,0,0,0,0,0,0,0,0,0,0,0,0,0,0,0,0,0,0,0,0,0,0
533967_01424_01605_1,270.6,1,0,0,0,0,0,0,0,0,0,0,0,0,0,0,0,0,0,0,0,0,0,0,0,0,0,0,0,0,0,0,0,0,0,0,0,0,0,0,0,0,0,0,0,0,0,0,0,0,0,0,0
533967_01530_13891_0,118.0,1,2353,42,52,36,16,46,45,53,62,56,68,33,31,37,42,69,64,53,46,47,26,40,45,27,30,36,44,61,30,41,33,30,46,69,34,48,27,47,40,61,53,84,70,70,59,52,71,73,32,48,28
533967_01530_13891_1,117.5,1,2449,20,10,19,35,55,51,46,38,65,39,39,32,39,29,38,41,34,44,46,82,39,53,58,67,78,55,55,45,58,44,62,38,48,43,50,39,43,34,74,51,60,66,59,45,68,65,61,66,81,42
533967_01555_01556_0,188.1,1,0,0,0,0,0,0,0,0,0,0,0,0,0,0,0,0,0,0,0,0,0,0,0,0,0,0,0,0,0,0,0,0,0,0,0,0,0,0,0,0,0,0,0,0,0,0,0,0,0,0,0
533967_01555_01556_1,187.7,1,0,0,0,0,0,0,0,0,0,0,0,0,0,0,0,0,0,0,0,0,0,0,0,0,0,0,0,0,0,0,0,0,0,0,0,0,0,0,0,0,0,0,0,0,0,0,0,0,0,0,0
533967_01555_13718_0,313.6,1,0,0,0,0,0,0,0,0,0,0,0,0,0,0,0,0,0,0,0,0,0,0,0,0,0,0,0,0,0,0,0,0,0,0,0,0,0,0,0,0,0,0,0,0,0,0,0,0,0,0,0
533967_01555_13718_1,330.8,1,0,0,0,0,0,0,0,0,0,0,0,0,0,0,0,0,0,0,0,0,0,0,0,0,0,0,0,0,0,0,0,0,0,0,0,0,0,0,0,0,0,0,0,0,0,0,0,0,0,0,0
533967_01555_14156_0,146.2,1,1477,25,17,31,31,39,44,56,44,43,46,39,40,49,18,29,26,29,21,18,18,28,23,31,32,21,35,43,34,19,21,24,22,39,43,36,13,25,30,34,15,21,28,38,33,34,15,22,28,14,13
533967_01555_14156_1,146.3,1,2862,19,23,35,67,78,57,60,71,83,75,74,47,54,79,56,59,49,70,76,54,39,86,64,60,61,29,45,60,24,56,62,44,60,44,55,71,62,53,65,58,57,41,79,71,55,67,75,39,40,54
533967_01556_01656_0,181.9,1,0,0,0,0,0,0,0,0,0,0,0,0,0,0,0,0,0,0,0,0,0,0,0,0,0,0,0,0,0,0,0,0,0,0,0,0,0,0,0,0,0,0,0,0,0,0,0,0,0,0,0
533967_01556_01656_1,181.2,1,0,0,0,0,0,0,0,0,0,0,0,0,0,0,0,0,0,0,0,0,0,0,0,0,0,0,0,0,0,0,0,0,0,0,0,0,0,0,0,0,0,0,0,0,0,0,0,0,0,0,0
533967_01556_88302_0,61.7,1,0,0,0,0,0,0,0,0,0,0,0,0,0,0,0,0,0,0,0,0,0,0,0,0,0,0,0,0,0,0,0,0,0,0,0,0,0,0,0,0,0,0,0,0,0,0,0,0,0,0,0
533967_01556_88302_1,61.2,1,0,0,0,0,0,0,0,0,0,0,0,0,0,0,0,0,0,0,0,0,0,0,0,0,0,0,0,0,0,0,0,0,0,0,0,0,0,0,0,0,0,0,0,0,0,0,0,0,0,0,0
533967_01602_01603_0,165.2,1,0,0,0,0,0,0,0,0,0,0,0,0,0,0,0,0,0,0,0,0,0,0,0,0,0,0,0,0,0,0,0,0,0,0,0,0,0,0,0,0,0,0,0,0,0,0,0,0,0,0,0
533967_01602_01603_1,164.3,1,0,0,0,0,0,0,0,0,0,0,0,0,0,0,0,0,0,0,0,0,0,0,0,0,0,0,0,0,0,0,0,0,0,0,0,0,0,0,0,0,0,0,0,0,0,0,0,0,0,0,0
533967_01602_01608_0,187.6,1,0,0,0,0,0,0,0,0,0,0,0,0,0,0,0,0,0,0,0,0,0,0,0,0,0,0,0,0,0,0,0,0,0,0,0,0,0,0,0,0,0,0,0,0,0,0,0,0,0,0,0
533967_01602_01608_1,186.8,1,0,0,0,0,0,0,0,0,0,0,0,0,0,0,0,0,0,0,0,0,0,0,0,0,0,0,0,0,0,0,0,0,0,0,0,0,0,0,0,0,0,0,0,0,0,0,0,0,0,0,0
533967_01603_01606_0,292.9,1,0,0,0,0,0,0,0,0,0,0,0,0,0,0,0,0,0,0,0,0,0,0,0,0,0,0,0,0,0,0,0,0,0,0,0,0,0,0,0,0,0,0,0,0,0,0,0,0,0,0,0
533967_01603_01606_1,292.8,1,0,0,0,0,0,0,0,0,0,0,0,0,0,0,0,0,0,0,0,0,0,0,0,0,0,0,0,0,0,0,0,0,0,0,0,0,0,0,0,0,0,0,0,0,0,0,0,0,0,0,0
533967_01603_01608_0,153.8,1,0,0,0,0,0,0,0,0,0,0,0,0,0,0,0,0,0,0,0,0,0,0,0,0,0,0,0,0,0,0,0,0,0,0,0,0,0,0,0,0,0,0,0,0,0,0,0,0,0,0,0
533967_01603_01608_1,154.0,1,0,0,0,0,0,0,0,0,0,0,0,0,0,0,0,0,0,0,0,0,0,0,0,0,0,0,0,0,0,0,0,0,0,0,0,0,0,0,0,0,0,0,0,0,0,0,0,0,0,0,0
533967_01604_01605_0,198.4,1,0,0,0,0,0,0,0,0,0,0,0,0,0,0,0,0,0,0,0,0,0,0,0,0,0,0,0,0,0,0,0,0,0,0,0,0,0,0,0,0,0,0,0,0,0,0,0,0,0,0,0
533967_01604_01605_1,198.6,1,0,0,0,0,0,0,0,0,0,0,0,0,0,0,0,0,0,0,0,0,0,0,0,0,0,0,0,0,0,0,0,0,0,0,0,0,0,0,0,0,0,0,0,0,0,0,0,0,0,0,0
533967_01604_01606_0,71.5,1,0,0,0,0,0,0,0,0,0,0,0,0,0,0,0,0,0,0,0,0,0,0,0,0,0,0,0,0,0,0,0,0,0,0,0,0,0,0,0,0,0,0,0,0,0,0,0,0,0,0,0
533967_01604_01606_1,76.4,1,0,0,0,0,0,0,0,0,0,0,0,0,0,0,0,0,0,0,0,0,0,0,0,0,0,0,0,0,0,0,0,0,0,0,0,0,0,0,0,0,0,0,0,0,0,0,0,0,0,0,0
533967_01605_01607_0,115.0,1,0,0,0,0,0,0,0,0,0,0,0,0,0,0,0,0,0,0,0,0,0,0,0,0,0,0,0,0,0,0,0,0,0,0,0,0,0,0,0,0,0,0,0,0,0,0,0,0,0,0,0
533967_01605_01607_1,114.4,1,0,0,0,0,0,0,0,0,0,0,0,0,0,0,0,0,0,0,0,0,0,0,0,0,0,0,0,0,0,0,0,0,0,0,0,0,0,0,0,0,0,0,0,0,0,0,0,0,0,0,0
533967_01606_01607_0,359.7,1,0,0,0,0,0,0,0,0,0,0,0,0,0,0,0,0,0,0,0,0,0,0,0,0,0,0,0,0,0,0,0,0,0,0,0,0,0,0,0,0,0,0,0,0,0,0,0,0,0,0,0
533967_01606_01607_1,358.8,1,0,0,0,0,0,0,0,0,0,0,0,0,0,0,0,0,0,0,0,0,0,0,0,0,0,0,0,0,0,0,0,0,0,0,0,0,0,0,0,0,0,0,0,0,0,0,0,0,0,0,0
533967_01606_01609_0,72.2,1,0,0,0,0,0,0,0,0,0,0,0,0,0,0,0,0,0,0,0,0,0,0,0,0,0,0,0,0,0,0,0,0,0,0,0,0,0,0,0,0,0,0,0,0,0,0,0,0,0,0,0
533967_01606_01609_1,92.9,1,0,0,0,0,0,0,0,0,0,0,0,0,0,0,0,0,0,0,0,0,0,0,0,0,0,0,0,0,0,0,0,0,0,0,0,0,0,0,0,0,0,0,0,0,0,0,0,0,0,0,0
533967_01654_01655_0,194.4,2,5677,112,108,73,93,75,89,79,140,135,156,127,109,132,144,96,112,126,102,101,108,90,134,130,115,119,102,62,108,101,96,137,143,95,133,116,144,128,98,144,131,106,117,149,137,105,135,97,109,100,79
533967_01654_01658_1,105.6,2,5538,119,150,121,114,82,142,107,143,137,119,108,105,106,97,98,109,78,91,109,104,99,97,84,120,90,109,75,118,95,112,111,114,93,107,101,141,120,101,126,118,97,141,112,146,111,142,105,131,101,82
533967_01654_01661_0,46.1,1,2428,35,54,50,51,44,126,40,36,63,73,53,44,34,44,35,56,28,24,54,60,57,38,33,28,25,39,48,33,37,45,30,17,50,31,38,74,59,36,67,68,52,41,67,116,60,58,78,46,36,17
533967_01654_01661_1,46.0,1,3319,64,58,36,94,69,109,81,73,96,119,75,51,76,81,65,82,55,58,66,75,72,74,97,70,29,67,69,53,60,46,64,69,44,82,58,79,51,54,97,64,57,41,77,73,42,45,78,26,62,36
533967_01656_87767_0,64.7,1,0,0,0,0,0,0,0,0,0,0,0,0,0,0,0,0,0,0,0,0,0,0,0,0,0,0,0,0,0,0,0,0,0,0,0,0,0,0,0,0,0,0,0,0,0,0,0,0,0,0,0
533967_01656_87767_1,53.8,1,0,0,0,0,0,0,0,0,0,0,0,0,0,0,0,0,0,0,0,0,0,0,0,0,0,0,0,0,0,0,0,0,0,0,0,0,0,0,0,0,0,0,0,0,0,0,0,0,0,0,0
533967_01658_01659_0,48.4,1,0,0,0,0,0,0,0,0,0,0,0,0,0,0,0,0,0,0,0,0,0,0,0,0,0,0,0,0,0,0,0,0,0,0,0,0,0,0,0,0,0,0,0,0,0,0,0,0,0,0,0
533967_01658_01659_1,48.2,1,0,0,0,0,0,0,0,0,0,0,0,0,0,0,0,0,0,0,0,0,0,0,0,0,0,0,0,0,0,0,0,0,0,0,0,0,0,0,0,0,0,0,0,0,0,0,0,0,0,0,0
533967_01659_01661_1,97.8,2,3246,71,84,109,56,87,103,112,95,79,98,57,86,53,51,60,55,68,42,65,57,58,49,36,39,83,50,44,41,27,48,44,41,56,56,43,69,37,72,29,77,52,93,104,68,70,80,63,101,67,61
533967_01661_13315_0,66.7,1,2208,38,50,43,53,43,99,31,36,66,53,48,43,32,50,34,57,27,24,52,40,51,26,29,21,42,40,49,27,33,38,21,16,72,27,26,70,57,38,63,52,35,18,42,107,63,54,64,44,23,41
533967_01661_13315_1,82.2,1,1827,50,42,46,50,52,57,65,55,60,64,43,49,55,34,36,36,42,44,51,30,19,24,40,34,46,25,30,17,28,16,32,30,29,36,30,30,25,19,38,30,19,13,39,33,31,33,46,25,24,25
533967_10598_11494_0,47.8,1,1271,40,33,39,30,33,28,40,54,48,30,33,21,36,28,36,27,36,18,21,22,33,20,20,19,18,14,18,12,13,14,18,20,29,12,21,12,15,16,31,20,34,23,38,27,19,22,28,14,17,21
533967_10598_11494_1,42.4,1,982,18,14,34,31,40,58,44,40,17,0,4,8,41,12,32,10,3,8,5,55,17,7,9,2,27,11,13,2,51,25,20,1,0,9,16,9,2,13,25,10,14,9,17,23,52,25,13,20,26,40
533967_10598_13108_0,42.6,1,982,18,14,34,30,41,56,46,40,17,0,4,8,41,12,32,10,3,8,5,55,17,7,9,2,27,11,13,2,51,25,20,1,0,9,16,9,2,13,25,10,14,9,17,23,52,25,13,20,26,40
533967_10598_13108_1,42.6,1,1271,40,33,39,30,33,28,40,54,48,30,33,21,36,28,37,26,36,18,21,23,32,20,20,19,18,14,19,11,13,14,18,20,29,12,21,12,15,16,31,20,34,24,37,27,19,22,28,14,17,21
533967_11501_11503_0,136.8,1,2770,2,7,20,21,12,10,12,38,70,67,27,78,45,33,24,40,55,53,49,50,88,47,71,66,61,55,59,65,47,83,66,76,51,91,65,66,64,49,62,93,81,96,82,29,55,82,60,94,85,68
533967_11501_11503_1,136.0,1,2944,52,32,64,72,75,90,117,80,109,77,78,48,70,85,68,62,46,57,48,64,36,45,60,61,57,41,32,31,69,16,41,44,60,48,40,32,48,37,66,61,91,64,94,62,58,39,68,54,50,45
533967_11501_11504_0,178.1,1,2943,51,32,62,71,78,88,108,89,101,86,78,49,69,85,70,60,47,58,46,64,38,45,58,61,57,42,33,29,68,18,42,44,59,47,41,33,48,37,66,60,89,67,91,65,55,42,68,53,49,46
533967_11501_11504_1,178.9,1,2770,2,7,24,17,12,10,12,38,72,65,27,78,47,31,24,40,59,49,52,47,92,43,76,61,65,51,61,63,47,83,67,75,51,91,69,62,67,46,66,89,86,91,86,25,60,77,62,92,90,63
533967_11505_85937_0,41.7,1,0,0,0,0,0,0,0,0,0,0,0,0,0,0,0,0,0,0,0,0,0,0,0,0,0,0,0,0,0,0,0,0,0,0,0,0,0,0,0,0,0,0,0,0,0,0,0,0,0,0,0
533967_11505_85937_1,62.4,1,0,0,0,0,0,0,0,0,0,0,0,0,0,0,0,0,0,0,0,0,0,0,0,0,0,0,0,0,0,0,0,0,0,0,0,0,0,0,0,0,0,0,0,0,0,0,0,0,0,0,0
533967_11513_88894_0,353.5,1,0,0,0,0,0,0,0,0,0,0,0,0,0,0,0,0,0,0,0,0,0,0,0,0,0,0,0,0,0,0,0,0,0,0,0,0,0,0,0,0,0,0,0,0,0,0,0,0,0,0,0
533967_11513_88894_1,356.5,1,0,0,0,0,0,0,0,0,0,0,0,0,0,0,0,0,0,0,0,0,0,0,0,0,0,0,0,0,0,0,0,0,0,0,0,0,0,0,0,0,0,0,0,0,0,0,0,0,0,0,0
533967_11518_13596_0,255.6,1,0,0,0,0,0,0,0,0,0,0,0,0,0,0,0,0,0,0,0,0,0,0,0,0,0,0,0,0,0,0,0,0,0,0,0,0,0,0,0,0,0,0,0,0,0,0,0,0,0,0,0
533967_11518_13596_1,276.1,1,0,0,0,0,0,0,0,0,0,0,0,0,0,0,0,0,0,0,0,0,0,0,0,0,0,0,0,0,0,0,0,0,0,0,0,0,0,0,0,0,0,0,0,0,0,0,0,0,0,0,0
533967_12969_87770_0,436.6,1,0,0,0,0,0,0,0,0,0,0,0,0,0,0,0,0,0,0,0,0,0,0,0,0,0,0,0,0,0,0,0,0,0,0,0,0,0,0,0,0,0,0,0,0,0,0,0,0,0,0,0
533967_12969_87770_1,439.1,1,0,0,0,0,0,0,0,0,0,0,0,0,0,0,0,0,0,0,0,0,0,0,0,0,0,0,0,0,0,0,0,0,0,0,0,0,0,0,0,0,0,0,0,0,0,0,0,0,0,0,0
533967_13107_13108_0,153.4,1,1271,40,33,39,30,33,28,40,54,49,29,33,21,36,28,37,26,36,18,21,23,33,19,20,19,18,14,19,11,13,14,18,20,29,13,20,12,15,16,31,20,34,24,37,27,19,22,28,14,18,20
533967_13107_13108_1,138.9,1,982,18,13,33,30,41,54,50,40,17,0,3,9,41,12,32,10,3,8,5,55,17,7,9,2,27,11,13,2,51,25,20,1,0,9,16,9,2,13,24,11,14,9,17,22,53,23,15,20,26,40
533967_13308_88665_0,50.0,1,0,0,0,0,0,0,0,0,0,0,0,0,0,0,0,0,0,0,0,0,0,0,0,0,0,0,0,0,0,0,0,0,0,0,0,0,0,0,0,0,0,0,0,0,0,0,0,0,0,0,0
533967_13308_88665_1,57.7,1,0,0,0,0,0,0,0,0,0,0,0,0,0,0,0,0,0,0,0,0,0,0,0,0,0,0,0,0,0,0,0,0,0,0,0,0,0,0,0,0,0,0,0,0,0,0,0,0,0,0,0
533967_13715_72472_0,105.6,1,0,0,0,0,0,0,0,0,0,0,0,0,0,0,0,0,0,0,0,0,0,0,0,0,0,0,0,0,0,0,0,0,0,0,0,0,0,0,0,0,0,0,0,0,0,0,0,0,0,0,0
533967_13715_72472_1,113.1,1,0,0,0,0,0,0,0,0,0,0,0,0,0,0,0,0,0,0,0,0,0,0,0,0,0,0,0,0,0,0,0,0,0,0,0,0,0,0,0,0,0,0,0,0,0,0,0,0,0,0,0
533967_13844_14155_1,333.3,2,4802,15,71,66,82,77,57,65,105,95,103,74,74,78,106,96,119,131,102,145,66,119,124,90,115,79,114,117,120,106,80,74,128,121,106,80,78,126,113,127,97,77,121,118,140,82,92,92,95,94,50
533967_13891_14021_0,238.7,1,2353,40,52,38,16,46,45,52,62,55,69,33,32,37,42,64,66,54,48,47,26,40,45,27,30,35,45,60,31,39,35,30,45,66,38,48,27,46,41,61,52,84,70,69,61,52,71,72,33,47,29
533967_13891_14021_1,242.1,1,2450,20,10,19,35,55,51,46,38,65,39,39,32,39,29,38,41,34,46,44,82,39,53,58,67,79,54,55,45,58,44,64,36,50,41,50,40,42,34,75,54,56,69,56,49,64,66,60,66,81,43
533967_13891_72276_0,143.0,1,0,0,0,0,0,0,0,0,0,0,0,0,0,0,0,0,0,0,0,0,0,0,0,0,0,0,0,0,0,0,0,0,0,0,0,0,0,0,0,0,0,0,0,0,0,0,0,0,0,0,0
533967_13891_72276_1,142.7,1,0,0,0,0,0,0,0,0,0,0,0,0,0,0,0,0,0,0,0,0,0,0,0,0,0,0,0,0,0,0,0,0,0,0,0,0,0,0,0,0,0,0,0,0,0,0,0,0,0,0,0
533967_14017_14018_0,200.9,1,3010,44,39,45,71,86,86,70,109,110,79,73,69,66,66,58,64,55,52,54,51,41,40,54,80,61,34,50,45,40,37,38,48,50,43,46,39,54,58,72,56,76,64,63,68,86,70,83,63,54,50
533967_14017_14018_1,200.6,1,2875,80,89,103,97,102,58,111,102,99,67,58,47,56,50,44,46,50,55,37,50,33,50,57,59,66,53,54,61,41,34,34,40,38,30,28,49,30,41,48,44,38,50,80,71,53,67,37,64,67,57
533967_14021_88656_0,220.4,1,0,0,0,0,0,0,0,0,0,0,0,0,0,0,0,0,0,0,0,0,0,0,0,0,0,0,0,0,0,0,0,0,0,0,0,0,0,0,0,0,0,0,0,0,0,0,0,0,0,0,0
533967_14021_88656_1,228.5,1,0,0,0,0,0,0,0,0,0,0,0,0,0,0,0,0,0,0,0,0,0,0,0,0,0,0,0,0,0,0,0,0,0,0,0,0,0,0,0,0,0,0,0,0,0,0,0,0,0,0,0
533967_14156_88894_0,321.0,1,0,0,0,0,0,0,0,0,0,0,0,0,0,0,0,0,0,0,0,0,0,0,0,0,0,0,0,0,0,0,0,0,0,0,0,0,0,0,0,0,0,0,0,0,0,0,0,0,0,0,0
533967_14156_88894_1,322.5,1,0,0,0,0,0,0,0,0,0,0,0,0,0,0,0,0,0,0,0,0,0,0,0,0,0,0,0,0,0,0,0,0,0,0,0,0,0,0,0,0,0,0,0,0,0,0,0,0,0,0,0
533967_72276_88656_0,311.9,1,0,0,0,0,0,0,0,0,0,0,0,0,0,0,0,0,0,0,0,0,0,0,0,0,0,0,0,0,0,0,0,0,0,0,0,0,0,0,0,0,0,0,0,0,0,0,0,0,0,0,0
533967_72276_88656_1,326.1,1,0,0,0,0,0,0,0,0,0,0,0,0,0,0,0,0,0,0,0,0,0,0,0,0,0,0,0,0,0,0,0,0,0,0,0,0,0,0,0,0,0,0,0,0,0,0,0,0,0,0,0
533967_74224_88894_0,308.9,1,0,0,0,0,0,0,0,0,0,0,0,0,0,0,0,0,0,0,0,0,0,0,0,0,0,0,0,0,0,0,0,0,0,0,0,0,0,0,0,0,0,0,0,0,0,0,0,0,0,0,0
533967_74224_88894_1,288.9,1,0,0,0,0,0,0,0,0,0,0,0,0,0,0,0,0,0,0,0,0,0,0,0,0,0,0,0,0,0,0,0,0,0,0,0,0,0,0,0,0,0,0,0,0,0,0,0,0,0,0,0
533967_87767_87768_0,126.3,1,0,0,0,0,0,0,0,0,0,0,0,0,0,0,0,0,0,0,0,0,0,0,0,0,0,0,0,0,0,0,0,0,0,0,0,0,0,0,0,0,0,0,0,0,0,0,0,0,0,0,0
533967_87767_87768_1,125.3,1,0,0,0,0,0,0,0,0,0,0,0,0,0,0,0,0,0,0,0,0,0,0,0,0,0,0,0,0,0,0,0,0,0,0,0,0,0,0,0,0,0,0,0,0,0,0,0,0,0,0,0
533967_87767_88200_0,38.5,1,0,0,0,0,0,0,0,0,0,0,0,0,0,0,0,0,0,0,0,0,0,0,0,0,0,0,0,0,0,0,0,0,0,0,0,0,0,0,0,0,0,0,0,0,0,0,0,0,0,0,0
533967_87767_88200_1,43.3,1,0,0,0,0,0,0,0,0,0,0,0,0,0,0,0,0,0,0,0,0,0,0,0,0,0,0,0,0,0,0,0,0,0,0,0,0,0,0,0,0,0,0,0,0,0,0,0,0,0,0,0
533967_87768_88199_0,62.3,1,0,0,0,0,0,0,0,0,0,0,0,0,0,0,0,0,0,0,0,0,0,0,0,0,0,0,0,0,0,0,0,0,0,0,0,0,0,0,0,0,0,0,0,0,0,0,0,0,0,0,0
533967_87768_88199_1,62.2,1,0,0,0,0,0,0,0,0,0,0,0,0,0,0,0,0,0,0,0,0,0,0,0,0,0,0,0,0,0,0,0,0,0,0,0,0,0,0,0,0,0,0,0,0,0,0,0,0,0,0,0
533967_87769_87770_0,117.5,1,0,0,0,0,0,0,0,0,0,0,0,0,0,0,0,0,0,0,0,0,0,0,0,0,0,0,0,0,0,0,0,0,0,0,0,0,0,0,0,0,0,0,0,0,0,0,0,0,0,0,0
533967_87769_87770_1,97.2,1,0,0,0,0,0,0,0,0,0,0,0,0,0,0,0,0,0,0,0,0,0,0,0,0,0,0,0,0,0,0,0,0,0,0,0,0,0,0,0,0,0,0,0,0,0,0,0,0,0,0,0
533967_88199_88200_0,120.4,1,0,0,0,0,0,0,0,0,0,0,0,0,0,0,0,0,0,0,0,0,0,0,0,0,0,0,0,0,0,0,0,0,0,0,0,0,0,0,0,0,0,0,0,0,0,0,0,0,0,0,0
533967_88199_88200_1,120.8,1,0,0,0,0,0,0,0,0,0,0,0,0,0,0,0,0,0,0,0,0,0,0,0,0,0,0,0,0,0,0,0,0,0,0,0,0,0,0,0,0,0,0,0,0,0,0,0,0,0,0,0
533967_88199_88201_0,56.6,1,0,0,0,0,0,0,0,0,0,0,0,0,0,0,0,0,0,0,0,0,0,0,0,0,0,0,0,0,0,0,0,0,0,0,0,0,0,0,0,0,0,0,0,0,0,0,0,0,0,0,0
533967_88199_88201_1,56.3,1,0,0,0,0,0,0,0,0,0,0,0,0,0,0,0,0,0,0,0,0,0,0,0,0,0,0,0,0,0,0,0,0,0,0,0,0,0,0,0,0,0,0,0,0,0,0,0,0,0,0,0
533967_88200_88202_0,56.0,1,0,0,0,0,0,0,0,0,0,0,0,0,0,0,0,0,0,0,0,0,0,0,0,0,0,0,0,0,0,0,0,0,0,0,0,0,0,0,0,0,0,0,0,0,0,0,0,0,0,0,0
533967_88200_88202_1,56.8,1,0,0,0,0,0,0,0,0,0,0,0,0,0,0,0,0,0,0,0,0,0,0,0,0,0,0,0,0,0,0,0,0,0,0,0,0,0,0,0,0,0,0,0,0,0,0,0,0,0,0,0
533967_88201_88203_0,128.4,1,0,0,0,0,0,0,0,0,0,0,0,0,0,0,0,0,0,0,0,0,0,0,0,0,0,0,0,0,0,0,0,0,0,0,0,0,0,0,0,0,0,0,0,0,0,0,0,0,0,0,0
533967_88201_88203_1,128.3,1,0,0,0,0,0,0,0,0,0,0,0,0,0,0,0,0,0,0,0,0,0,0,0,0,0,0,0,0,0,0,0,0,0,0,0,0,0,0,0,0,0,0,0,0,0,0,0,0,0,0,0
533967_88201_88204_0,86.7,1,0,0,0,0,0,0,0,0,0,0,0,0,0,0,0,0,0,0,0,0,0,0,0,0,0,0,0,0,0,0,0,0,0,0,0,0,0,0,0,0,0,0,0,0,0,0,0,0,0,0,0
533967_88201_88204_1,87.4,1,0,0,0,0,0,0,0,0,0,0,0,0,0,0,0,0,0,0,0,0,0,0,0,0,0,0,0,0,0,0,0,0,0,0,0,0,0,0,0,0,0,0,0,0,0,0,0,0,0,0,0
533967_88202_88204_0,56.8,1,0,0,0,0,0,0,0,0,0,0,0,0,0,0,0,0,0,0,0,0,0,0,0,0,0,0,0,0,0,0,0,0,0,0,0,0,0,0,0,0,0,0,0,0,0,0,0,0,0,0,0
533967_88202_88204_1,56.8,1,0,0,0,0,0,0,0,0,0,0,0,0,0,0,0,0,0,0,0,0,0,0,0,0,0,0,0,0,0,0,0,0,0,0,0,0,0,0,0,0,0,0,0,0,0,0,0,0,0,0,0
533967_88202_88302_0,96.4,1,0,0,0,0,0,0,0,0,0,0,0,0,0,0,0,0,0,0,0,0,0,0,0,0,0,0,0,0,0,0,0,0,0,0,0,0,0,0,0,0,0,0,0,0,0,0,0,0,0,0,0
533967_88202_88302_1,95.6,1,0,0,0,0,0,0,0,0,0,0,0,0,0,0,0,0,0,0,0,0,0,0,0,0,0,0,0,0,0,0,0,0,0,0,0,0,0,0,0,0,0,0,0,0,0,0,0,0,0,0,0
533967_88203_88204_0,84.6,1,0,0,0,0,0,0,0,0,0,0,0,0,0,0,0,0,0,0,0,0,0,0,0,0,0,0,0,0,0,0,0,0,0,0,0,0,0,0,0,0,0,0,0,0,0,0,0,0,0,0,0
533967_88203_88204_1,85.3,1,0,0,0,0,0,0,0,0,0,0,0,0,0,0,0,0,0,0,0,0,0,0,0,0,0,0,0,0,0,0,0,0,0,0,0,0,0,0,0,0,0,0,0,0,0,0,0,0,0,0,0
533967_88203_88302_0,58.8,1,0,0,0,0,0,0,0,0,0,0,0,0,0,0,0,0,0,0,0,0,0,0,0,0,0,0,0,0,0,0,0,0,0,0,0,0,0,0,0,0,0,0,0,0,0,0,0,0,0,0,0
533967_88203_88302_1,58.8,1,0,0,0,0,0,0,0,0,0,0,0,0,0,0,0,0,0,0,0,0,0,0,0,0,0,0,0,0,0,0,0,0,0,0,0,0,0,0,0,0,0,0,0,0,0,0,0,0,0,0,0
I_11_0129024139429,172.6,1,3563,69,54,64,87,85,85,65,109,94,50,64,75,50,55,80,71,62,77,59,87,64,99,71,61,86,57,75,80,66,78,50,75,53,54,99,53,64,63,91,74,81,78,88,48,85,91,88,55,49,45
I_11_0129024139444,339.7,1,2864,13,20,42,50,45,72,103,54,43,59,79,40,64,63,56,37,39,42,49,77,48,57,49,78,82,46,64,49,55,43,56,86,61,58,65,57,78,80,57,35,23,46,47,64,73,85,74,80,58,63
I_11_0129024146232,339.2,1,3575,68,53,65,83,87,88,65,106,92,54,64,77,49,53,83,73,63,71,62,91,62,100,73,60,87,55,77,82,65,76,55,75,53,55,99,54,60,67,88,76,81,76,91,52,83,92,89,54,49,42
I_11_0129024146246,161.8,1,2903,13,20,43,49,45,74,103,54,52,54,88,33,67,64,58,40,39,41,53,80,44,59,46,79,83,45,67,48,56,44,54,86,65,55,65,62,80,76,55,34,24,46,53,62,77,83,84,76,60,65
I_11_0804143920985,118.2,1,1136,1,15,14,25,17,22,21,16,22,14,20,12,12,16,32,30,11,32,35,31,39,19,26,38,17,28,35,30,23,19,17,25,14,25,24,27,24,19,37,29,30,34,20,26,19,10,37,14,23,10
I_11_0804143921001,119.1,1,0,0,0,0,0,0,0,0,0,0,0,0,0,0,0,0,0,0,0,0,0,0,0,0,0,0,0,0,0,0,0,0,0,0,0,0,0,0,0,0,0,0,0,0,0,0,0,0,0,0,0
I_11_533967_-00001533967_00539,76.2,1,1871,11,11,11,9,21,11,21,22,20,13,29,36,39,44,43,41,46,54,60,52,49,42,45,48,53,38,47,51,54,42,51,45,45,44,53,51,52,48,52,55,49,36,30,33,30,42,22,27,20,23
I_11_533967_-00001_533967_-00005,34.8,1,0,0,0,0,0,0,0,0,0,0,0,0,0,0,0,0,0,0,0,0,0,0,0,0,0,0,0,0,0,0,0,0,0,0,0,0,0,0,0,0,0,0,0,0,0,0,0,0,0,0,0
I_11_533967_-00005_533967_-00006,36.0,1,0,0,0,0,0,0,0,0,0,0,0,0,0,0,0,0,0,0,0,0,0,0,0,0,0,0,0,0,0,0,0,0,0,0,0,0,0,0,0,0,0,0,0,0,0,0,0,0,0,0,0
I_11_533967_-00006_533967_-00001,35.7,1,681,3,2,3,0,5,3,8,5,8,4,10,14,12,12,19,13,13,17,29,13,24,18,18,16,19,14,18,23,20,18,19,28,17,23,19,23,23,19,15,20,15,14,5,17,9,9,5,11,6,3
I_11_533967_-00008_533967_-00009,180.6,1,34,0,0,0,0,0,0,2,0,3,1,1,1,3,1,0,1,3,0,0,0,2,0,0,0,1,0,0,0,0,1,0,0,0,1,0,0,1,0,0,0,1,0,1,2,2,0,2,2,1,1
I_11_533967_-00009_533967_-00008,200.8,1,33,0,0,0,0,0,0,1,1,2,1,2,1,2,0,2,1,0,2,0,0,0,2,0,0,0,1,0,0,0,1,0,0,0,1,0,0,0,1,0,0,0,1,2,1,2,1,2,1,1,1
I_11_533967_00539_533967_-00001,78.9,1,2301,48,54,30,53,84,148,102,115,114,98,66,138,108,76,77,99,51,52,21,14,30,59,20,32,38,43,53,64,52,41,32,29,7,45,31,29,28,13,4,15,8,14,8,18,2,12,7,14,5,0
I_11_533967_00937533967_01269,117.5,2,2844,38,43,18,48,63,81,80,35,98,66,42,99,40,24,89,36,65,41,52,59,50,65,58,55,82,72,69,47,57,35,57,36,83,56,39,74,31,55,48,88,96,39,52,18,42,77,80,68,42,56
I_11_533967_00937533967_01406,145.2,2,2284,23,36,36,40,63,51,53,78,46,66,58,52,62,65,40,51,70,52,48,38,44,31,53,45,59,39,35,31,31,36,39,38,36,51,45,37,33,35,49,49,30,47,46,72,23,35,59,68,31,29
I_11_533967_00937533967_01657,199.1,2,5195,90,94,110,105,61,113,95,124,127,113,109,81,95,93,94,91,83,86,95,116,93,98,82,117,83,105,68,108,89,106,107,112,89,103,103,124,112,82,120,100,117,140,128,142,128,136,116,126,99,87
I_11_533967_00939533967_01485,284.3,2,5477,13,56,68,76,86,77,92,80,104,83,79,55,58,68,70,85,93,105,127,139,120,147,115,171,92,150,125,153,137,121,110,188,104,125,111,122,132,92,167,150,111,150,130,124,133,117,106,125,113,122
I_11_533967_00977533967_00978,313.2,2,2657,77,73,73,121,108,113,134,145,59,94,107,42,43,54,36,15,23,33,39,13,15,14,39,65,15,40,60,40,36,42,33,31,58,60,21,14,22,41,30,17,43,69,52,28,63,71,61,55,45,75
I_11_533967_00977533967_01421,228.5,2,5323,31,55,54,94,119,78,84,95,136,82,106,63,96,132,147,148,79,133,157,142,99,130,121,113,89,121,104,125,108,94,100,156,79,87,110,121,104,77,142,97,83,111,111,92,120,114,126,94,146,118
I_11_533967_00977533967_01425,161.1,2,2434,17,21,27,24,46,69,37,41,47,69,60,55,48,52,33,50,39,50,45,56,40,69,32,38,48,34,43,41,22,37,51,40,53,49,43,51,66,56,62,83,58,46,80,104,61,68,66,47,30,30
I_11_533967_00977533967_01555,215.2,1,1478,25,17,31,32,41,42,59,42,41,46,39,41,48,18,29,26,29,21,18,18,29,22,31,32,22,34,43,34,19,24,21,22,39,43,36,14,24,30,34,15,22,27,38,33,34,15,22,28,14,14
I_11_533967_00978533967_00977,322.1,2,3353,26,25,37,39,68,69,54,52,58,63,57,51,46,76,92,68,42,80,83,92,63,68,65,76,51,93,70,83,92,49,64,91,49,65,76,64,76,59,84,80,54,86,67,72,89,74,82,60,99,74
I_11_533967_01268533967_00937,127.5,2,3448,83,81,86,95,72,89,73,69,94,80,76,80,86,73,93,66,58,56,67,77,56,51,73,74,56,74,40,69,59,47,82,49,77,66,52,50,63,54,67,74,64,85,48,78,48,78,84,61,59,56
I_11_533967_01405533967_00937,160.5,2,3779,33,29,44,22,44,51,55,75,88,56,61,60,55,42,62,72,85,77,79,80,87,78,81,93,92,74,88,74,90,76,85,86,82,80,100,118,79,41,112,95,122,75,109,69,107,83,125,84,67,57
I_11_533967_01412533967_01657,164.4,1,1385,53,83,59,48,43,32,41,34,32,18,25,31,35,23,22,18,10,21,22,30,35,11,18,19,15,18,13,22,24,6,23,15,27,16,13,29,24,23,24,25,31,32,41,21,25,39,24,25,39,28
I_11_533967_01418533967_00977,324.9,2,2035,42,48,53,56,63,76,88,61,66,54,54,40,53,30,29,48,12,30,34,36,29,43,36,39,14,33,46,37,25,29,38,40,37,42,32,20,32,41,48,27,35,29,38,22,50,45,38,41,42,34
I_11_533967_01485533967_00940,271.3,2,3942,61,98,82,103,121,99,115,122,65,146,111,64,71,95,83,95,73,70,72,47,50,42,71,64,54,85,84,54,61,68,58,61,92,85,74,37,48,58,74,78,80,94,115,87,98,81,80,76,65,75
I_11_533967_01485533967_01405,228.7,2,3789,35,34,37,29,37,52,54,77,86,59,58,66,49,47,57,76,81,85,71,91,76,84,75,106,79,86,76,81,83,85,76,97,71,88,92,129,68,48,105,117,114,77,101,75,93,91,117,89,62,67
I_11_533967_01485533967_14021,111.0,1,2454,20,11,18,35,56,51,45,38,65,39,39,32,40,30,36,41,34,46,44,83,38,53,58,67,79,58,51,45,58,45,63,37,49,42,51,38,43,34,74,55,55,72,53,50,63,68,60,64,81,47
I_11_533967_01485533967_14155,506.4,2,4802,16,70,68,85,72,57,70,101,94,103,76,72,86,101,98,121,127,105,140,68,120,129,82,122,76,112,117,124,101,81,71,139,112,107,77,81,123,115,125,97,78,120,118,143,79,97,87,95,94,50
I_11_533967_01555533967_00977,242.1,1,2859,19,23,32,70,76,52,67,71,83,75,71,50,52,80,55,57,53,70,69,61,35,90,64,60,60,27,46,62,22,53,59,52,60,44,53,71,63,48,68,52,63,42,72,80,51,64,74,42,38,58
I_11_533967_01644533967_01485,123.9,2,2279,22,37,35,38,64,52,51,70,57,64,60,49,65,59,46,48,73,48,52,37,45,29,53,42,64,36,38,26,36,33,42,35,39,45,51,34,36,31,53,47,32,46,45,59,38,29,65,60,39,24
I_11_533967_01657533967_01413,145.9,1,1189,45,55,114,31,23,12,28,27,6,12,8,8,17,7,3,21,5,10,23,49,36,3,7,10,6,6,4,12,9,1,21,12,20,14,6,27,12,7,7,20,33,71,66,20,60,46,26,31,41,51
I_11_533967_01657533967_01658,104.5,2,5539,120,150,128,106,88,136,111,139,141,117,106,105,107,96,99,108,79,90,109,104,103,93,86,118,93,108,74,117,99,108,113,112,95,106,100,141,123,98,128,116,97,142,115,145,114,137,105,130,110,74
I_11_533967_01657533967_13308,132.6,2,3098,43,58,36,76,73,105,103,89,94,100,80,85,59,63,70,39,78,48,50,49,49,59,46,44,83,61,45,43,31,51,40,45,56,56,50,57,38,70,40,67,61,61,83,74,45,76,66,97,50,56
I_11_533967_01659533967_01657,118.8,2,3246,70,83,107,60,82,108,107,96,80,100,58,86,53,50,57,59,68,42,64,58,58,48,37,39,81,52,42,43,25,49,44,41,56,57,40,72,36,71,31,77,44,101,95,77,65,85,58,106,62,66
I_11_533967_13308533967_00937,76.5,2,3098,43,58,35,77,72,102,104,91,90,105,78,87,57,65,69,40,75,51,50,48,45,64,44,46,82,62,44,44,31,50,40,46,52,60,49,56,37,73,40,67,60,62,82,75,44,77,65,98,50,56
I_11_533967_13718533967_00977,165.1,2,3648,63,70,64,110,105,103,109,134,80,101,126,58,84,86,75,59,50,62,71,41,53,32,57,73,54,80,80,57,58,55,54,57,82,87,58,41,44,60,64,50,58,93,108,84,82,91,81,79,55,70
I_11_533967_13845533967_01485,812.9,2,4888,65,67,70,114,100,81,111,108,117,103,119,86,93,100,106,126,98,106,92,89,84,84,91,118,93,109,105,103,81,89,84,91,94,113,99,91,71,88,110,100,113,116,100,110,107,123,104,96,104,66
I_11_533967_14021533967_01485,135.4,1,2353,39,51,39,17,45,43,47,69,47,75,35,33,37,38,66,58,62,42,54,22,45,39,32,28,37,43,61,30,42,30,33,43,68,39,49,24,49,35,66,50,87,55,83,55,59,67,75,34,47,29
Zone_1,11,-1,5075,119,113,82,129,154,126,158,175,167,105,94,98,103,100,120,99,93,92,94,146,76,122,85,119,99,91,102,114,100,88,66,89,100,74,92,83,82,84,110,73,102,88,88,95,88,80,93,90,74,61
Zone_10,11,-1,3357,29,29,33,44,64,65,60,51,56,61,62,58,37,82,96,55,52,78,79,89,65,70,66,78,47,92,70,84,91,45,66,93,49,68,79,55,78,57,85,83,55,85,66,70,89,72,87,62,96,74
Zone_11,11,-1,4893,69,70,72,113,96,84,117,111,112,100,120,93,94,92,108,125,113,88,100,83,88,80,103,104,99,105,115,93,92,74,96,77,107,108,99,88,77,82,120,89,126,109,111,95,108,122,110,85,106,65
Zone_12,11,-1,4520,91,95,93,104,109,122,122,111,126,127,84,81,80,94,95,97,86,49,90,71,116,75,98,60,89,87,90,63,59,70,70,74,98,95,62,110,69,103,91,85,78,94,124,95,86,85,88,91,98,90
Zone_13,11,-1,1828,53,44,42,55,46,61,62,60,54,70,37,53,51,34,36,44,34,51,45,33,15,26,39,36,44,28,26,18,27,18,31,31,28,39,26,34,22,20,36,34,15,14,39,34,32,31,45,29,20,26
Zone_14,11,-1,3452,89,78,90,90,73,89,78,61,104,71,88,72,87,70,99,59,59,55,71,72,58,51,74,71,58,75,42,63,64,44,88,45,76,65,59,41,70,50,67,75,67,80,48,79,55,71,91,53,62,55
Zone_15,11,-1,2351,25,41,35,49,74,61,48,31,59,42,36,33,34,51,48,15,54,27,38,59,39,54,54,56,54,51,42,49,38,47,57,46,28,54,65,62,42,57,59,39,53,32,41,62,52,62,57,44,45,50
Zone_16,11,-1,1388,54,89,52,50,41,34,40,33,33,18,24,34,32,25,20,19,9,22,21,30,35,12,17,19,15,19,12,23,25,4,25,13,27,18,12,32,20,27,21,25,30,37,37,21,25,45,18,24,40,30
Zone_17,11,-1,0,0,0,0,0,0,0,0,0,0,0,0,0,0,0,0,0,0,0,0,0,0,0,0,0,0,0,0,0,0,0,0,0,0,0,0,0,0,0,0,0,0,0,0,0,0,0,0,0,0,0
Zone_18,11,-1,0,0,0,0,0,0,0,0,0,0,0,0,0,0,0,0,0,0,0,0,0,0,0,0,0,0,0,0,0,0,0,0,0,0,0,0,0,0,0,0,0,0,0,0,0,0,0,0,0,0,0
Zone_19,11,-1,0,0,0,0,0,0,0,0,0,0,0,0,0,0,0,0,0,0,0,0,0,0,0,0,0,0,0,0,0,0,0,0,0,0,0,0,0,0,0,0,0,0,0,0,0,0,0,0,0,0,0
Zone_2,11,-1,3014,46,40,43,72,85,86,73,106,114,80,68,70,66,69,55,65,53,51,56,49,41,42,55,78,60,34,51,47,37,37,39,52,45,44,47,39,56,54,74,55,75,65,63,71,83,70,84,63,54,52
Zone_20,11,-1,0,0,0,0,0,0,0,0,0,0,0,0,0,0,0,0,0,0,0,0,0,0,0,0,0,0,0,0,0,0,0,0,0,0,0,0,0,0,0,0,0,0,0,0,0,0,0,0,0,0,0
Zone_21,11,-1,0,0,0,0,0,0,0,0,0,0,0,0,0,0,0,0,0,0,0,0,0,0,0,0,0,0,0,0,0,0,0,0,0,0,0,0,0,0,0,0,0,0,0,0,0,0,0,0,0,0,0
Zone_22,11,-1,0,0,0,0,0,0,0,0,0,0,0,0,0,0,0,0,0,0,0,0,0,0,0,0,0,0,0,0,0,0,0,0,0,0,0,0,0,0,0,0,0,0,0,0,0,0,0,0,0,0,0
Zone_23,11,-1,33,0,0,0,0,0,0,1,1,2,1,2,1,2,0,2,1,0,2,0,0,0,2,0,0,0,1,0,0,0,1,0,0,0,1,0,0,0,1,0,0,0,1,2,1,2,1,2,1,1,1
Zone_24,11,-1,20,0,0,0,0,0,0,0,0,0,0,1,0,1,1,0,1,1,0,0,1,0,1,0,0,0,1,1,1,0,1,0,0,0,1,0,1,1,1,0,0,1,1,1,0,0,1,0,0,0,1
Zone_3,11,-1,4018,90,90,92,112,84,84,89,84,85,92,86,55,79,74,65,74,62,72,80,93,58,72,101,77,89,87,84,76,66,54,75,55,50,56,78,84,78,75,83,94,67,86,102,89,96,95,89,90,91,79
Zone_4,11,-1,328,0,0,0,0,5,2,10,7,4,4,9,12,2,9,4,8,7,5,3,10,1,13,6,5,0,0,7,3,2,8,11,6,3,10,11,12,12,0,8,0,6,5,18,13,12,14,12,15,0,14
Zone_5,11,-1,4581,67,76,56,93,84,113,117,103,106,134,86,112,118,99,105,85,89,102,88,62,84,111,64,77,83,84,110,74,70,82,74,90,92,84,85,124,87,78,65,109,56,98,84,109,91,111,94,119,109,88
Zone_6,11,-1,1872,11,11,12,9,21,10,21,23,19,13,29,39,36,44,43,41,49,52,64,47,50,41,49,45,56,36,46,52,53,43,49,45,47,44,56,46,55,47,55,56,43,36,30,35,35,37,24,26,17,24
Zone_7,11,-1,3021,61,35,60,73,75,52,93,78,98,65,70,59,70,59,77,67,66,55,70,62,60,46,83,57,62,35,43,39,70,28,38,45,53,50,51,32,47,40,73,65,91,75,87,60,64,57,65,61,48,51
Zone_8,11,-1,1271,41,33,40,29,33,27,40,54,49,30,32,22,35,28,39,26,34,18,21,23,33,19,20,19,18,14,19,11,13,15,18,20,28,13,20,13,14,16,32,19,35,23,37,28,18,22,28,14,18,20
Zone_9,11,-1,5537,142,117,126,136,120,155,120,142,134,160,100,133,154,110,92,93,91,97,106,106,111,101,91,99,111,108,118,107,119,109,129,151,96,115,82,118,112,98,102,105,71,113,86,120,104,112,72,94,64,85
