route_id,figure,file,main_delay,components
D10_311,D1,D10_311/D10_311_D1_final_10to80.png,D1(V),"d_{0,3}(V,x*)"
D10_311,D2a,D10_311/D10_311_D2a_final_10to80.png,D2a(V),"d_{0,1}(V,x*), d_{1,3}(V,x*)"
D10_311,D2b,D10_311/D10_311_D2b_final_10to80.png,D2b(V),"d_{0,2}(V,x*), d_{2,3}(V,x*)"
D10_311,D3,D10_311/D10_311_D3_final_10to80.png,D3(V),"d_{0,1}(V,x*), d_{1,2}(V,x*), d_{2,3}(V,x*)"
D10_312,D1,D10_312/D10_312_D1_final_10to80.png,D1(V),"d_{0,3}(V,x*)"
D10_312,D2a,D10_312/D10_312_D2a_final_10to80.png,D2a(V),"d_{0,1}(V,x*), d_{1,3}(V,x*)"
D10_312,D2b,D10_312/D10_312_D2b_final_10to80.png,D2b(V),"d_{0,2}(V,x*), d_{2,3}(V,x*)"
D10_312,D3,D10_312/D10_312_D3_final_10to80.png,D3(V),"d_{0,1}(V,x*), d_{1,2}(V,x*), d_{2,3}(V,x*)"
D10_313,D1,D10_313/D10_313_D1_final_10to80.png,D1(V),"d_{0,3}(V,x*)"
D10_313,D2a,D10_313/D10_313_D2a_final_10to80.png,D2a(V),"d_{0,1}(V,x*), d_{1,3}(V,x*)"
D10_313,D2b,D10_313/D10_313_D2b_final_10to80.png,D2b(V),"d_{0,2}(V,x*), d_{2,3}(V,x*)"
D10_313,D3,D10_313/D10_313_D3_final_10to80.png,D3(V),"d_{0,1}(V,x*), d_{1,2}(V,x*), d_{2,3}(V,x*)"
D10_314,D1,D10_314/D10_314_D1_final_10to80.png,D1(V),"d_{0,3}(V,x*)"
D10_314,D2a,D10_314/D10_314_D2a_final_10to80.png,D2a(V),"d_{0,1}(V,x*), d_{1,3}(V,x*)"
D10_314,D2b,D10_314/D10_314_D2b_final_10to80.png,D2b(V),"d_{0,2}(V,x*), d_{2,3}(V,x*)"
D10_314,D3,D10_314/D10_314_D3_final_10to80.png,D3(V),"d_{0,1}(V,x*), d_{1,2}(V,x*), d_{2,3}(V,x*)"
D10_321,D1,D10_321/D10_321_D1_final_10to80.png,D1(V),"d_{0,3}(V,x*)"
D10_321,D2a,D10_321/D10_321_D2a_final_10to80.png,D2a(V),"d_{0,1}(V,x*), d_{1,3}(V,x*)"
D10_321,D2b,D10_321/D10_321_D2b_final_10to80.png,D2b(V),"d_{0,2}(V,x*), d_{2,3}(V,x*)"
D10_321,D3,D10_321/D10_321_D3_final_10to80.png,D3(V),"d_{0,1}(V,x*), d_{1,2}(V,x*), d_{2,3}(V,x*)"
D10_322,D1,D10_322/D10_322_D1_final_10to80.png,D1(V),"d_{0,3}(V,x*)"
D10_322,D2a,D10_322/D10_322_D2a_final_10to80.png,D2a(V),"d_{0,1}(V,x*), d_{1,3}(V,x*)"
D10_322,D2b,D10_322/D10_322_D2b_final_10to80.png,D2b(V),"d_{0,2}(V,x*), d_{2,3}(V,x*)"
D10_322,D3,D10_322/D10_322_D3_final_10to80.png,D3(V),"d_{0,1}(V,x*), d_{1,2}(V,x*), d_{2,3}(V,x*)"
D10_323,D1,D10_323/D10_323_D1_final_10to80.png,D1(V),"d_{0,3}(V,x*)"
D10_323,D2a,D10_323/D10_323_D2a_final_10to80.png,D2a(V),"d_{0,1}(V,x*), d_{1,3}(V,x*)"
D10_323,D2b,D10_323/D10_323_D2b_final_10to80.png,D2b(V),"d_{0,2}(V,x*), d_{2,3}(V,x*)"
D10_323,D3,D10_323/D10_323_D3_final_10to80.png,D3(V),"d_{0,1}(V,x*), d_{1,2}(V,x*), d_{2,3}(V,x*)"
D10_324,D1,D10_324/D10_324_D1_final_10to80.png,D1(V),"d_{0,3}(V,x*)"
D10_324,D2a,D10_324/D10_324_D2a_final_10to80.png,D2a(V),"d_{0,1}(V,x*), d_{1,3}(V,x*)"
D10_324,D2b,D10_324/D10_324_D2b_final_10to80.png,D2b(V),"d_{0,2}(V,x*), d_{2,3}(V,x*)"
D10_324,D3,D10_324/D10_324_D3_final_10to80.png,D3(V),"d_{0,1}(V,x*), d_{1,2}(V,x*), d_{2,3}(V,x*)"
D10_331,D1,D10_331/D10_331_D1_final_10to80.png,D1(V),"d_{0,3}(V,x*)"
D10_331,D2a,D10_331/D10_331_D2a_final_10to80.png,D2a(V),"d_{0,1}(V,x*), d_{1,3}(V,x*)"
D10_331,D2b,D10_331/D10_331_D2b_final_10to80.png,D2b(V),"d_{0,2}(V,x*), d_{2,3}(V,x*)"
D10_331,D3,D10_331/D10_331_D3_final_10to80.png,D3(V),"d_{0,1}(V,x*), d_{1,2}(V,x*), d_{2,3}(V,x*)"
D10_332,D1,D10_332/D10_332_D1_final_10to80.png,D1(V),"d_{0,3}(V,x*)"
D10_332,D2a,D10_332/D10_332_D2a_final_10to80.png,D2a(V),"d_{0,1}(V,x*), d_{1,3}(V,x*)"
D10_332,D2b,D10_332/D10_332_D2b_final_10to80.png,D2b(V),"d_{0,2}(V,x*), d_{2,3}(V,x*)"
D10_332,D3,D10_332/D10_332_D3_final_10to80.png,D3(V),"d_{0,1}(V,x*), d_{1,2}(V,x*), d_{2,3}(V,x*)"
D10_333,D1,D10_333/D10_333_D1_final_10to80.png,D1(V),"d_{0,3}(V,x*)"
D10_333,D2a,D10_333/D10_333_D2a_final_10to80.png,D2a(V),"d_{0,1}(V,x*), d_{1,3}(V,x*)"
D10_333,D2b,D10_333/D10_333_D2b_final_10to80.png,D2b(V),"d_{0,2}(V,x*), d_{2,3}(V,x*)"
D10_333,D3,D10_333/D10_333_D3_final_10to80.png,D3(V),"d_{0,1}(V,x*), d_{1,2}(V,x*), d_{2,3}(V,x*)"
D10_334,D1,D10_334/D10_334_D1_final_10to80.png,D1(V),"d_{0,3}(V,x*)"
D10_334,D2a,D10_334/D10_334_D2a_final_10to80.png,D2a(V),"d_{0,1}(V,x*), d_{1,3}(V,x*)"
D10_334,D2b,D10_334/D10_334_D2b_final_10to80.png,D2b(V),"d_{0,2}(V,x*), d_{2,3}(V,x*)"
D10_334,D3,D10_334/D10_334_D3_final_10to80.png,D3(V),"d_{0,1}(V,x*), d_{1,2}(V,x*), d_{2,3}(V,x*)"
D10_H01,D1,D10_H01/D10_H01_D1_final_10to80.png,D1(V),"d_{0,3}(V,x*)"
D10_H01,D2a,D10_H01/D10_H01_D2a_final_10to80.png,D2a(V),"d_{0,1}(V,x*), d_{1,3}(V,x*)"
D10_H01,D2b,D10_H01/D10_H01_D2b_final_10to80.png,D2b(V),"d_{0,2}(V,x*), d_{2,3}(V,x*)"
D10_H01,D3,D10_H01/D10_H01_D3_final_10to80.png,D3(V),"d_{0,1}(V,x*), d_{1,2}(V,x*), d_{2,3}(V,x*)"
D10_H02,D1,D10_H02/D10_H02_D1_final_10to80.png,D1(V),"d_{0,3}(V,x*)"
D10_H02,D2a,D10_H02/D10_H02_D2a_final_10to80.png,D2a(V),"d_{0,1}(V,x*), d_{1,3}(V,x*)"
D10_H02,D2b,D10_H02/D10_H02_D2b_final_10to80.png,D2b(V),"d_{0,2}(V,x*), d_{2,3}(V,x*)"
D10_H02,D3,D10_H02/D10_H02_D3_final_10to80.png,D3(V),"d_{0,1}(V,x*), d_{1,2}(V,x*), d_{2,3}(V,x*)"
D10_H03,D1,D10_H03/D10_H03_D1_final_10to80.png,D1(V),"d_{0,3}(V,x*)"
D10_H03,D2a,D10_H03/D10_H03_D2a_final_10to80.png,D2a(V),"d_{0,1}(V,x*), d_{1,3}(V,x*)"
D10_H03,D2b,D10_H03/D10_H03_D2b_final_10to80.png,D2b(V),"d_{0,2}(V,x*), d_{2,3}(V,x*)"
D10_H03,D3,D10_H03/D10_H03_D3_final_10to80.png,D3(V),"d_{0,1}(V,x*), d_{1,2}(V,x*), d_{2,3}(V,x*)"
D10_H04,D1,D10_H04/D10_H04_D1_final_10to80.png,D1(V),"d_{0,3}(V,x*)"
D10_H04,D2a,D10_H04/D10_H04_D2a_final_10to80.png,D2a(V),"d_{0,1}(V,x*), d_{1,3}(V,x*)"
D10_H04,D2b,D10_H04/D10_H04_D2b_final_10to80.png,D2b(V),"d_{0,2}(V,x*), d_{2,3}(V,x*)"
D10_H04,D3,D10_H04/D10_H04_D3_final_10to80.png,D3(V),"d_{0,1}(V,x*), d_{1,2}(V,x*), d_{2,3}(V,x*)"
D10_H05,D1,D10_H05/D10_H05_D1_final_10to80.png,D1(V),"d_{0,3}(V,x*)"
D10_H05,D2a,D10_H05/D10_H05_D2a_final_10to80.png,D2a(V),"d_{0,1}(V,x*), d_{1,3}(V,x*)"
D10_H05,D2b,D10_H05/D10_H05_D2b_final_10to80.png,D2b(V),"d_{0,2}(V,x*), d_{2,3}(V,x*)"
D10_H05,D3,D10_H05/D10_H05_D3_final_10to80.png,D3(V),"d_{0,1}(V,x*), d_{1,2}(V,x*), d_{2,3}(V,x*)"
D10_H06,D1,D10_H06/D10_H06_D1_final_10to80.png,D1(V),"d_{0,3}(V,x*)"
D10_H06,D2a,D10_H06/D10_H06_D2a_final_10to80.png,D2a(V),"d_{0,1}(V,x*), d_{1,3}(V,x*)"
D10_H06,D2b,D10_H06/D10_H06_D2b_final_10to80.png,D2b(V),"d_{0,2}(V,x*), d_{2,3}(V,x*)"
D10_H06,D3,D10_H06/D10_H06_D3_final_10to80.png,D3(V),"d_{0,1}(V,x*), d_{1,2}(V,x*), d_{2,3}(V,x*)"
D10_H07,D1,D10_H07/D10_H07_D1_final_10to80.png,D1(V),"d_{0,3}(V,x*)"
D10_H07,D2a,D10_H07/D10_H07_D2a_final_10to80.png,D2a(V),"d_{0,1}(V,x*), d_{1,3}(V,x*)"
D10_H07,D2b,D10_H07/D10_H07_D2b_final_10to80.png,D2b(V),"d_{0,2}(V,x*), d_{2,3}(V,x*)"
D10_H07,D3,D10_H07/D10_H07_D3_final_10to80.png,D3(V),"d_{0,1}(V,x*), d_{1,2}(V,x*), d_{2,3}(V,x*)"
D30_311,D1,D30_311/D30_311_D1_final_10to80.png,D1(V),"d_{0,3}(V,x*)"
D30_311,D2a,D30_311/D30_311_D2a_final_10to80.png,D2a(V),"d_{0,1}(V,x*), d_{1,3}(V,x*)"
D30_311,D2b,D30_311/D30_311_D2b_final_10to80.png,D2b(V),"d_{0,2}(V,x*), d_{2,3}(V,x*)"
D30_311,D3,D30_311/D30_311_D3_final_10to80.png,D3(V),"d_{0,1}(V,x*), d_{1,2}(V,x*), d_{2,3}(V,x*)"
D30_312,D1,D30_312/D30_312_D1_final_10to80.png,D1(V),"d_{0,3}(V,x*)"
D30_312,D2a,D30_312/D30_312_D2a_final_10to80.png,D2a(V),"d_{0,1}(V,x*), d_{1,3}(V,x*)"
D30_312,D2b,D30_312/D30_312_D2b_final_10to80.png,D2b(V),"d_{0,2}(V,x*), d_{2,3}(V,x*)"
D30_312,D3,D30_312/D30_312_D3_final_10to80.png,D3(V),"d_{0,1}(V,x*), d_{1,2}(V,x*), d_{2,3}(V,x*)"
D30_313,D1,D30_313/D30_313_D1_final_10to80.png,D1(V),"d_{0,3}(V,x*)"
D30_313,D2a,D30_313/D30_313_D2a_final_10to80.png,D2a(V),"d_{0,1}(V,x*), d_{1,3}(V,x*)"
D30_313,D2b,D30_313/D30_313_D2b_final_10to80.png,D2b(V),"d_{0,2}(V,x*), d_{2,3}(V,x*)"
D30_313,D3,D30_313/D30_313_D3_final_10to80.png,D3(V),"d_{0,1}(V,x*), d_{1,2}(V,x*), d_{2,3}(V,x*)"
D30_314,D1,D30_314/D30_314_D1_final_10to80.png,D1(V),"d_{0,3}(V,x*)"
D30_314,D2a,D30_314/D30_314_D2a_final_10to80.png,D2a(V),"d_{0,1}(V,x*), d_{1,3}(V,x*)"
D30_314,D2b,D30_314/D30_314_D2b_final_10to80.png,D2b(V),"d_{0,2}(V,x*), d_{2,3}(V,x*)"
D30_314,D3,D30_314/D30_314_D3_final_10to80.png,D3(V),"d_{0,1}(V,x*), d_{1,2}(V,x*), d_{2,3}(V,x*)"
D30_321,D1,D30_321/D30_321_D1_final_10to80.png,D1(V),"d_{0,3}(V,x*)"
D30_321,D2a,D30_321/D30_321_D2a_final_10to80.png,D2a(V),"d_{0,1}(V,x*), d_{1,3}(V,x*)"
D30_321,D2b,D30_321/D30_321_D2b_final_10to80.png,D2b(V),"d_{0,2}(V,x*), d_{2,3}(V,x*)"
D30_321,D3,D30_321/D30_321_D3_final_10to80.png,D3(V),"d_{0,1}(V,x*), d_{1,2}(V,x*), d_{2,3}(V,x*)"
D30_322,D1,D30_322/D30_322_D1_final_10to80.png,D1(V),"d_{0,3}(V,x*)"
D30_322,D2a,D30_322/D30_322_D2a_final_10to80.png,D2a(V),"d_{0,1}(V,x*), d_{1,3}(V,x*)"
D30_322,D2b,D30_322/D30_322_D2b_final_10to80.png,D2b(V),"d_{0,2}(V,x*), d_{2,3}(V,x*)"
D30_322,D3,D30_322/D30_322_D3_final_10to80.png,D3(V),"d_{0,1}(V,x*), d_{1,2}(V,x*), d_{2,3}(V,x*)"
D30_323,D1,D30_323/D30_323_D1_final_10to80.png,D1(V),"d_{0,3}(V,x*)"
D30_323,D2a,D30_323/D30_323_D2a_final_10to80.png,D2a(V),"d_{0,1}(V,x*), d_{1,3}(V,x*)"
D30_323,D2b,D30_323/D30_323_D2b_final_10to80.png,D2b(V),"d_{0,2}(V,x*), d_{2,3}(V,x*)"
D30_323,D3,D30_323/D30_323_D3_final_10to80.png,D3(V),"d_{0,1}(V,x*), d_{1,2}(V,x*), d_{2,3}(V,x*)"
D30_324,D1,D30_324/D30_324_D1_final_10to80.png,D1(V),"d_{0,3}(V,x*)"
D30_324,D2a,D30_324/D30_324_D2a_final_10to80.png,D2a(V),"d_{0,1}(V,x*), d_{1,3}(V,x*)"
D30_324,D2b,D30_324/D30_324_D2b_final_10to80.png,D2b(V),"d_{0,2}(V,x*), d_{2,3}(V,x*)"
D30_324,D3,D30_324/D30_324_D3_final_10to80.png,D3(V),"d_{0,1}(V,x*), d_{1,2}(V,x*), d_{2,3}(V,x*)"
D30_331,D1,D30_331/D30_331_D1_final_10to80.png,D1(V),"d_{0,3}(V,x*)"
D30_331,D2a,D30_331/D30_331_D2a_final_10to80.png,D2a(V),"d_{0,1}(V,x*), d_{1,3}(V,x*)"
D30_331,D2b,D30_331/D30_331_D2b_final_10to80.png,D2b(V),"d_{0,2}(V,x*), d_{2,3}(V,x*)"
D30_331,D3,D30_331/D30_331_D3_final_10to80.png,D3(V),"d_{0,1}(V,x*), d_{1,2}(V,x*), d_{2,3}(V,x*)"
D30_332,D1,D30_332/D30_332_D1_final_10to80.png,D1(V),"d_{0,3}(V,x*)"
D30_332,D2a,D30_332/D30_332_D2a_final_10to80.png,D2a(V),"d_{0,1}(V,x*), d_{1,3}(V,x*)"
D30_332,D2b,D30_332/D30_332_D2b_final_10to80.png,D2b(V),"d_{0,2}(V,x*), d_{2,3}(V,x*)"
D30_332,D3,D30_332/D30_332_D3_final_10to80.png,D3(V),"d_{0,1}(V,x*), d_{1,2}(V,x*), d_{2,3}(V,x*)"
D30_333,D1,D30_333/D30_333_D1_final_10to80.png,D1(V),"d_{0,3}(V,x*)"
D30_333,D2a,D30_333/D30_333_D2a_final_10to80.png,D2a(V),"d_{0,1}(V,x*), d_{1,3}(V,x*)"
D30_333,D2b,D30_333/D30_333_D2b_final_10to80.png,D2b(V),"d_{0,2}(V,x*), d_{2,3}(V,x*)"
D30_333,D3,D30_333/D30_333_D3_final_10to80.png,D3(V),"d_{0,1}(V,x*), d_{1,2}(V,x*), d_{2,3}(V,x*)"
D30_334,D1,D30_334/D30_334_D1_final_10to80.png,D1(V),"d_{0,3}(V,x*)"
D30_334,D2a,D30_334/D30_334_D2a_final_10to80.png,D2a(V),"d_{0,1}(V,x*), d_{1,3}(V,x*)"
D30_334,D2b,D30_334/D30_334_D2b_final_10to80.png,D2b(V),"d_{0,2}(V,x*), d_{2,3}(V,x*)"
D30_334,D3,D30_334/D30_334_D3_final_10to80.png,D3(V),"d_{0,1}(V,x*), d_{1,2}(V,x*), d_{2,3}(V,x*)"
D30_H01,D1,D30_H01/D30_H01_D1_final_10to80.png,D1(V),"d_{0,3}(V,x*)"
D30_H01,D2a,D30_H01/D30_H01_D2a_final_10to80.png,D2a(V),"d_{0,1}(V,x*), d_{1,3}(V,x*)"
D30_H01,D2b,D30_H01/D30_H01_D2b_final_10to80.png,D2b(V),"d_{0,2}(V,x*), d_{2,3}(V,x*)"
D30_H01,D3,D30_H01/D30_H01_D3_final_10to80.png,D3(V),"d_{0,1}(V,x*), d_{1,2}(V,x*), d_{2,3}(V,x*)"
D30_H02,D1,D30_H02/D30_H02_D1_final_10to80.png,D1(V),"d_{0,3}(V,x*)"
D30_H02,D2a,D30_H02/D30_H02_D2a_final_10to80.png,D2a(V),"d_{0,1}(V,x*), d_{1,3}(V,x*)"
D30_H02,D2b,D30_H02/D30_H02_D2b_final_10to80.png,D2b(V),"d_{0,2}(V,x*), d_{2,3}(V,x*)"
D30_H02,D3,D30_H02/D30_H02_D3_final_10to80.png,D3(V),"d_{0,1}(V,x*), d_{1,2}(V,x*), d_{2,3}(V,x*)"
D30_H03,D1,D30_H03/D30_H03_D1_final_10to80.png,D1(V),"d_{0,3}(V,x*)"
D30_H03,D2a,D30_H03/D30_H03_D2a_final_10to80.png,D2a(V),"d_{0,1}(V,x*), d_{1,3}(V,x*)"
D30_H03,D2b,D30_H03/D30_H03_D2b_final_10to80.png,D2b(V),"d_{0,2}(V,x*), d_{2,3}(V,x*)"
D30_H03,D3,D30_H03/D30_H03_D3_final_10to80.png,D3(V),"d_{0,1}(V,x*), d_{1,2}(V,x*), d_{2,3}(V,x*)"
D30_H04,D1,D30_H04/D30_H04_D1_final_10to80.png,D1(V),"d_{0,3}(V,x*)"
D30_H04,D2a,D30_H04/D30_H04_D2a_final_10to80.png,D2a(V),"d_{0,1}(V,x*), d_{1,3}(V,x*)"
D30_H04,D2b,D30_H04/D30_H04_D2b_final_10to80.png,D2b(V),"d_{0,2}(V,x*), d_{2,3}(V,x*)"
D30_H04,D3,D30_H04/D30_H04_D3_final_10to80.png,D3(V),"d_{0,1}(V,x*), d_{1,2}(V,x*), d_{2,3}(V,x*)"
D30_H05,D1,D30_H05/D30_H05_D1_final_10to80.png,D1(V),"d_{0,3}(V,x*)"
D30_H05,D2a,D30_H05/D30_H05_D2a_final_10to80.png,D2a(V),"d_{0,1}(V,x*), d_{1,3}(V,x*)"
D30_H05,D2b,D30_H05/D30_H05_D2b_final_10to80.png,D2b(V),"d_{0,2}(V,x*), d_{2,3}(V,x*)"
D30_H05,D3,D30_H05/D30_H05_D3_final_10to80.png,D3(V),"d_{0,1}(V,x*), d_{1,2}(V,x*), d_{2,3}(V,x*)"
D30_H06,D1,D30_H06/D30_H06_D1_final_10to80.png,D1(V),"d_{0,3}(V,x*)"
D30_H06,D2a,D30_H06/D30_H06_D2a_final_10to80.png,D2a(V),"d_{0,1}(V,x*), d_{1,3}(V,x*)"
D30_H06,D2b,D30_H06/D30_H06_D2b_final_10to80.png,D2b(V),"d_{0,2}(V,x*), d_{2,3}(V,x*)"
D30_H06,D3,D30_H06/D30_H06_D3_final_10to80.png,D3(V),"d_{0,1}(V,x*), d_{1,2}(V,x*), d_{2,3}(V,x*)"
D30_H07,D1,D30_H07/D30_H07_D1_final_10to80.png,D1(V),"d_{0,3}(V,x*)"
D30_H07,D2a,D30_H07/D30_H07_D2a_final_10to80.png,D2a(V),"d_{0,1}(V,x*), d_{1,3}(V,x*)"
D30_H07,D2b,D30_H07/D30_H07_D2b_final_10to80.png,D2b(V),"d_{0,2}(V,x*), d_{2,3}(V,x*)"
D30_H07,D3,D30_H07/D30_H07_D3_final_10to80.png,D3(V),"d_{0,1}(V,x*), d_{1,2}(V,x*), d_{2,3}(V,x*)"
D50_311,D1,D50_311/D50_311_D1_final_10to80.png,D1(V),"d_{0,3}(V,x*)"
D50_311,D2a,D50_311/D50_311_D2a_final_10to80.png,D2a(V),"d_{0,1}(V,x*), d_{1,3}(V,x*)"
D50_311,D2b,D50_311/D50_311_D2b_final_10to80.png,D2b(V),"d_{0,2}(V,x*), d_{2,3}(V,x*)"
D50_311,D3,D50_311/D50_311_D3_final_10to80.png,D3(V),"d_{0,1}(V,x*), d_{1,2}(V,x*), d_{2,3}(V,x*)"
D50_312,D1,D50_312/D50_312_D1_final_10to80.png,D1(V),"d_{0,3}(V,x*)"
D50_312,D2a,D50_312/D50_312_D2a_final_10to80.png,D2a(V),"d_{0,1}(V,x*), d_{1,3}(V,x*)"
D50_312,D2b,D50_312/D50_312_D2b_final_10to80.png,D2b(V),"d_{0,2}(V,x*), d_{2,3}(V,x*)"
D50_312,D3,D50_312/D50_312_D3_final_10to80.png,D3(V),"d_{0,1}(V,x*), d_{1,2}(V,x*), d_{2,3}(V,x*)"
D50_313,D1,D50_313/D50_313_D1_final_10to80.png,D1(V),"d_{0,3}(V,x*)"
D50_313,D2a,D50_313/D50_313_D2a_final_10to80.png,D2a(V),"d_{0,1}(V,x*), d_{1,3}(V,x*)"
D50_313,D2b,D50_313/D50_313_D2b_final_10to80.png,D2b(V),"d_{0,2}(V,x*), d_{2,3}(V,x*)"
D50_313,D3,D50_313/D50_313_D3_final_10to80.png,D3(V),"d_{0,1}(V,x*), d_{1,2}(V,x*), d_{2,3}(V,x*)"
D50_314,D1,D50_314/D50_314_D1_final_10to80.png,D1(V),"d_{0,3}(V,x*)"
D50_314,D2a,D50_314/D50_314_D2a_final_10to80.png,D2a(V),"d_{0,1}(V,x*), d_{1,3}(V,x*)"
D50_314,D2b,D50_314/D50_314_D2b_final_10to80.png,D2b(V),"d_{0,2}(V,x*), d_{2,3}(V,x*)"
D50_314,D3,D50_314/D50_314_D3_final_10to80.png,D3(V),"d_{0,1}(V,x*), d_{1,2}(V,x*), d_{2,3}(V,x*)"
D50_321,D1,D50_321/D50_321_D1_final_10to80.png,D1(V),"d_{0,3}(V,x*)"
D50_321,D2a,D50_321/D50_321_D2a_final_10to80.png,D2a(V),"d_{0,1}(V,x*), d_{1,3}(V,x*)"
D50_321,D2b,D50_321/D50_321_D2b_final_10to80.png,D2b(V),"d_{0,2}(V,x*), d_{2,3}(V,x*)"
D50_321,D3,D50_321/D50_321_D3_final_10to80.png,D3(V),"d_{0,1}(V,x*), d_{1,2}(V,x*), d_{2,3}(V,x*)"
D50_322,D1,D50_322/D50_322_D1_final_10to80.png,D1(V),"d_{0,3}(V,x*)"
D50_322,D2a,D50_322/D50_322_D2a_final_10to80.png,D2a(V),"d_{0,1}(V,x*), d_{1,3}(V,x*)"
D50_322,D2b,D50_322/D50_322_D2b_final_10to80.png,D2b(V),"d_{0,2}(V,x*), d_{2,3}(V,x*)"
D50_322,D3,D50_322/D50_322_D3_final_10to80.png,D3(V),"d_{0,1}(V,x*), d_{1,2}(V,x*), d_{2,3}(V,x*)"
D50_323,D1,D50_323/D50_323_D1_final_10to80.png,D1(V),"d_{0,3}(V,x*)"
D50_323,D2a,D50_323/D50_323_D2a_final_10to80.png,D2a(V),"d_{0,1}(V,x*), d_{1,3}(V,x*)"
D50_323,D2b,D50_323/D50_323_D2b_final_10to80.png,D2b(V),"d_{0,2}(V,x*), d_{2,3}(V,x*)"
D50_323,D3,D50_323/D50_323_D3_final_10to80.png,D3(V),"d_{0,1}(V,x*), d_{1,2}(V,x*), d_{2,3}(V,x*)"
D50_324,D1,D50_324/D50_324_D1_final_10to80.png,D1(V),"d_{0,3}(V,x*)"
D50_324,D2a,D50_324/D50_324_D2a_final_10to80.png,D2a(V),"d_{0,1}(V,x*), d_{1,3}(V,x*)"
D50_324,D2b,D50_324/D50_324_D2b_final_10to80.png,D2b(V),"d_{0,2}(V,x*), d_{2,3}(V,x*)"
D50_324,D3,D50_324/D50_324_D3_final_10to80.png,D3(V),"d_{0,1}(V,x*), d_{1,2}(V,x*), d_{2,3}(V,x*)"
D50_331,D1,D50_331/D50_331_D1_final_10to80.png,D1(V),"d_{0,3}(V,x*)"
D50_331,D2a,D50_331/D50_331_D2a_final_10to80.png,D2a(V),"d_{0,1}(V,x*), d_{1,3}(V,x*)"
D50_331,D2b,D50_331/D50_331_D2b_final_10to80.png,D2b(V),"d_{0,2}(V,x*), d_{2,3}(V,x*)"
D50_331,D3,D50_331/D50_331_D3_final_10to80.png,D3(V),"d_{0,1}(V,x*), d_{1,2}(V,x*), d_{2,3}(V,x*)"
D50_332,D1,D50_332/D50_332_D1_final_10to80.png,D1(V),"d_{0,3}(V,x*)"
D50_332,D2a,D50_332/D50_332_D2a_final_10to80.png,D2a(V),"d_{0,1}(V,x*), d_{1,3}(V,x*)"
D50_332,D2b,D50_332/D50_332_D2b_final_10to80.png,D2b(V),"d_{0,2}(V,x*), d_{2,3}(V,x*)"
D50_332,D3,D50_332/D50_332_D3_final_10to80.png,D3(V),"d_{0,1}(V,x*), d_{1,2}(V,x*), d_{2,3}(V,x*)"
D50_333,D1,D50_333/D50_333_D1_final_10to80.png,D1(V),"d_{0,3}(V,x*)"
D50_333,D2a,D50_333/D50_333_D2a_final_10to80.png,D2a(V),"d_{0,1}(V,x*), d_{1,3}(V,x*)"
D50_333,D2b,D50_333/D50_333_D2b_final_10to80.png,D2b(V),"d_{0,2}(V,x*), d_{2,3}(V,x*)"
D50_333,D3,D50_333/D50_333_D3_final_10to80.png,D3(V),"d_{0,1}(V,x*), d_{1,2}(V,x*), d_{2,3}(V,x*)"
D50_334,D1,D50_334/D50_334_D1_final_10to80.png,D1(V),"d_{0,3}(V,x*)"
D50_334,D2a,D50_334/D50_334_D2a_final_10to80.png,D2a(V),"d_{0,1}(V,x*), d_{1,3}(V,x*)"
D50_334,D2b,D50_334/D50_334_D2b_final_10to80.png,D2b(V),"d_{0,2}(V,x*), d_{2,3}(V,x*)"
D50_334,D3,D50_334/D50_334_D3_final_10to80.png,D3(V),"d_{0,1}(V,x*), d_{1,2}(V,x*), d_{2,3}(V,x*)"
D50_H01,D1,D50_H01/D50_H01_D1_final_10to80.png,D1(V),"d_{0,3}(V,x*)"
D50_H01,D2a,D50_H01/D50_H01_D2a_final_10to80.png,D2a(V),"d_{0,1}(V,x*), d_{1,3}(V,x*)"
D50_H01,D2b,D50_H01/D50_H01_D2b_final_10to80.png,D2b(V),"d_{0,2}(V,x*), d_{2,3}(V,x*)"
D50_H01,D3,D50_H01/D50_H01_D3_final_10to80.png,D3(V),"d_{0,1}(V,x*), d_{1,2}(V,x*), d_{2,3}(V,x*)"
D50_H02,D1,D50_H02/D50_H02_D1_final_10to80.png,D1(V),"d_{0,3}(V,x*)"
D50_H02,D2a,D50_H02/D50_H02_D2a_final_10to80.png,D2a(V),"d_{0,1}(V,x*), d_{1,3}(V,x*)"
D50_H02,D2b,D50_H02/D50_H02_D2b_final_10to80.png,D2b(V),"d_{0,2}(V,x*), d_{2,3}(V,x*)"
D50_H02,D3,D50_H02/D50_H02_D3_final_10to80.png,D3(V),"d_{0,1}(V,x*), d_{1,2}(V,x*), d_{2,3}(V,x*)"
D50_H03,D1,D50_H03/D50_H03_D1_final_10to80.png,D1(V),"d_{0,3}(V,x*)"
D50_H03,D2a,D50_H03/D50_H03_D2a_final_10to80.png,D2a(V),"d_{0,1}(V,x*), d_{1,3}(V,x*)"
D50_H03,D2b,D50_H03/D50_H03_D2b_final_10to80.png,D2b(V),"d_{0,2}(V,x*), d_{2,3}(V,x*)"
D50_H03,D3,D50_H03/D50_H03_D3_final_10to80.png,D3(V),"d_{0,1}(V,x*), d_{1,2}(V,x*), d_{2,3}(V,x*)"
D50_H04,D1,D50_H04/D50_H04_D1_final_10to80.png,D1(V),"d_{0,3}(V,x*)"
D50_H04,D2a,D50_H04/D50_H04_D2a_final_10to80.png,D2a(V),"d_{0,1}(V,x*), d_{1,3}(V,x*)"
D50_H04,D2b,D50_H04/D50_H04_D2b_final_10to80.png,D2b(V),"d_{0,2}(V,x*), d_{2,3}(V,x*)"
D50_H04,D3,D50_H04/D50_H04_D3_final_10to80.png,D3(V),"d_{0,1}(V,x*), d_{1,2}(V,x*), d_{2,3}(V,x*)"
D50_H05,D1,D50_H05/D50_H05_D1_final_10to80.png,D1(V),"d_{0,3}(V,x*)"
D50_H05,D2a,D50_H05/D50_H05_D2a_final_10to80.png,D2a(V),"d_{0,1}(V,x*), d_{1,3}(V,x*)"
D50_H05,D2b,D50_H05/D50_H05_D2b_final_10to80.png,D2b(V),"d_{0,2}(V,x*), d_{2,3}(V,x*)"
D50_H05,D3,D50_H05/D50_H05_D3_final_10to80.png,D3(V),"d_{0,1}(V,x*), d_{1,2}(V,x*), d_{2,3}(V,x*)"
D50_H06,D1,D50_H06/D50_H06_D1_final_10to80.png,D1(V),"d_{0,3}(V,x*)"
D50_H06,D2a,D50_H06/D50_H06_D2a_final_10to80.png,D2a(V),"d_{0,1}(V,x*), d_{1,3}(V,x*)"
D50_H06,D2b,D50_H06/D50_H06_D2b_final_10to80.png,D2b(V),"d_{0,2}(V,x*), d_{2,3}(V,x*)"
D50_H06,D3,D50_H06/D50_H06_D3_final_10to80.png,D3(V),"d_{0,1}(V,x*), d_{1,2}(V,x*), d_{2,3}(V,x*)"
D50_H07,D1,D50_H07/D50_H07_D1_final_10to80.png,D1(V),"d_{0,3}(V,x*)"
D50_H07,D2a,D50_H07/D50_H07_D2a_final_10to80.png,D2a(V),"d_{0,1}(V,x*), d_{1,3}(V,x*)"
D50_H07,D2b,D50_H07/D50_H07_D2b_final_10to80.png,D2b(V),"d_{0,2}(V,x*), d_{2,3}(V,x*)"
D50_H07,D3,D50_H07/D50_H07_D3_final_10to80.png,D3(V),"d_{0,1}(V,x*), d_{1,2}(V,x*), d_{2,3}(V,x*)"
