Link,Length[m],LaneNum,Ave.SPD,SPD_0630,SPD_0645,SPD_0700,SPD_0715,SPD_0730,SPD_0745,SPD_0800,SPD_0815,SPD_0830,SPD_0845,SPD_0900,SPD_0915,SPD_0930,SPD_0945,SPD_1000,SPD_1015,SPD_1030,SPD_1045,SPD_1100,SPD_1115,SPD_1130,SPD_1145,SPD_1200,SPD_1215,SPD_1230,SPD_1245,SPD_1300,SPD_1315,SPD_1330,SPD_1345,SPD_1400,SPD_1415,SPD_1430,SPD_1445,SPD_1500,SPD_1515,SPD_1530,SPD_1545,SPD_1600,SPD_1615,SPD_1630,SPD_1645,SPD_1700,SPD_1715,SPD_1730,SPD_1745,SPD_1800,SPD_1815,SPD_1830,SPD_1845
533967_00280_11490_0,117.2,1,52.37,51.93,52.76,52.34,52.36,52.65,52.30,52.54,52.71,51.93,51.97,52.63,51.87,51.92,52.10,52.07,52.33,52.54,51.90,52.39,52.76,52.34,52.50,52.27,52.69,52.17,52.51,52.65,52.17,52.59,52.46,51.61,52.50,52.37,51.96,52.76,52.08,52.47,52.15,52.44,52.45,52.58,52.53,52.76,52.36,52.58,52.76,52.76,52.76,52.76,52.68
533967_00280_11490_1,117.3,1,49.56,49.50,49.46,49.89,49.50,49.45,49.63,50.07,49.86,50.02,50.00,49.55,49.43,49.53,49.55,49.57,49.61,49.51,49.53,49.90,49.84,49.26,49.59,49.56,49.57,49.84,49.34,49.39,49.34,49.26,49.24,49.03,49.61,49.49,49.75,49.51,49.47,49.18,49.23,49.78,49.66,49.30,49.60,49.62,49.77,49.61,49.77,49.31,49.54,49.55,49.28
533967_00280_13214_0,138.9,1,45.44,45.45,45.45,45.45,45.42,45.45,45.45,45.45,45.45,45.37,45.45,45.45,45.42,45.42,45.45,45.45,45.42,45.45,45.45,45.45,45.45,45.45,45.42,45.45,45.45,45.41,45.45,45.38,45.45,45.45,45.45,45.45,45.45,45.45,45.41,45.41,45.42,45.42,45.45,45.45,45.45,45.45,45.45,45.45,45.39,45.42,45.45,45.45,45.45,45.41,45.45
533967_00280_13214_1,158.9,1,50.69,50.36,50.64,50.46,50.44,50.85,50.23,50.35,50.58,50.33,49.90,50.97,50.56,50.46,50.84,50.70,50.44,50.66,50.57,50.91,50.42,50.86,50.89,51.19,50.61,50.35,50.58,51.07,50.39,50.45,50.55,50.75,50.26,50.58,50.71,51.38,50.52,50.67,50.90,50.90,50.97,50.96,50.92,50.85,50.78,51.03,51.32,51.60,51.14,51.48,51.44
533967_00285_11494_0,61.6,1,49.63,52.55,51.45,48.30,48.58,51.10,49.70,48.57,49.30,48.89,-1,55.47,51.20,50.14,47.54,49.47,50.23,-1,49.92,47.54,49.39,49.30,52.83,49.30,51.20,49.02,49.30,49.30,49.30,50.27,48.70,49.86,55.47,-1,50.10,51.45,47.85,55.47,49.30,49.30,48.41,50.29,46.71,49.30,49.73,49.66,49.51,51.93,49.86,49.47,48.70
533967_00285_11494_1,61.5,1,44.31,44.31,44.31,44.31,44.31,44.31,44.31,44.31,44.31,44.31,44.31,44.31,44.31,44.31,44.31,44.31,44.31,44.31,44.31,44.31,44.31,44.31,44.31,44.31,44.31,44.31,44.31,44.31,44.31,44.31,44.31,44.31,44.31,44.31,44.31,44.31,44.31,44.31,44.31,44.31,44.31,44.31,44.31,44.31,44.31,44.31,44.31,44.31,44.31,44.31,44.31
533967_00285_11497_0,145.2,1,52.06,51.49,51.54,52.28,52.28,51.81,52.28,52.03,51.18,51.78,52.28,52.11,52.28,52.28,52.11,50.81,52.28,52.13,52.28,52.28,52.28,52.12,52.28,52.28,52.28,52.28,52.28,52.28,52.28,52.28,52.28,52.28,52.28,52.28,52.28,52.28,52.28,52.28,52.28,51.92,52.28,52.28,51.85,52.28,51.96,52.28,52.28,52.10,52.28,52.28,52.28
533967_00285_11497_1,145.1,1,49.57,48.47,48.88,50.12,49.84,49.01,49.59,49.97,49.55,49.94,-1,47.49,48.98,49.29,50.15,49.68,49.36,-1,49.49,50.56,49.64,49.75,48.37,49.75,48.98,49.88,49.75,49.75,49.75,49.35,50.02,49.52,47.49,-1,49.42,48.88,50.41,47.49,49.75,49.75,50.15,49.49,48.98,49.75,49.57,49.60,49.67,48.70,49.52,49.62,49.96
533967_00319_00539_0,145.8,1,17.98,33.12,26.33,36.47,28.26,30.08,4.94,10.19,9.47,9.85,18.65,28.73,6.49,9.02,27.12,25.96,21.97,27.05,24.93,28.43,32.93,25.02,24.31,29.96,27.25,28.34,26.69,22.88,26.41,29.37,24.93,27.97,25.41,28.39,25.97,20.47,24.46,28.79,29.96,31.83,26.26,27.75,28.73,30.81,27.27,8.49,5.34,12.82,30.68,27.18,25.96
533967_00319_00539_1,145.6,1,24.33,25.48,26.84,27.65,28.46,27.02,24.88,25.79,27.18,20.94,28.75,26.27,25.94,27.23,27.03,25.10,22.04,22.73,23.48,21.55,23.63,24.55,24.23,26.27,24.68,22.88,21.93,21.91,24.25,24.82,23.34,22.69,21.78,22.56,25.55,22.84,23.53,21.76,23.20,24.37,20.60,23.93,19.55,20.85,24.52,27.20,26.97,28.89,23.24,26.52,30.21
533967_00319_01435_0,261.1,1,-1,-1,-1,-1,-1,-1,-1,-1,-1,-1,-1,-1,-1,-1,-1,-1,-1,-1,-1,-1,-1,-1,-1,-1,-1,-1,-1,-1,-1,-1,-1,-1,-1,-1,-1,-1,-1,-1,-1,-1,-1,-1,-1,-1,-1,-1,-1,-1,-1,-1,-1
533967_00319_01435_1,281.8,1,-1,-1,-1,-1,-1,-1,-1,-1,-1,-1,-1,-1,-1,-1,-1,-1,-1,-1,-1,-1,-1,-1,-1,-1,-1,-1,-1,-1,-1,-1,-1,-1,-1,-1,-1,-1,-1,-1,-1,-1,-1,-1,-1,-1,-1,-1,-1,-1,-1,-1,-1
533967_00319_11518_0,242.2,1,29.95,29.94,29.96,29.96,30.00,29.99,29.92,29.95,29.96,30.01,30.02,29.93,29.92,29.89,29.97,29.92,29.90,29.97,29.93,29.93,29.92,29.93,29.94,29.96,29.94,29.97,29.92,29.92,29.94,29.98,29.94,29.94,29.92,29.90,29.98,29.95,29.94,29.86,29.96,30.02,29.98,29.95,29.90,29.85,29.96,29.97,29.95,30.03,29.95,29.95,29.96
533967_00319_11518_1,242.9,1,25.18,34.42,35.02,33.05,33.60,31.90,7.76,7.40,27.12,24.96,31.78,31.56,11.07,14.26,30.19,29.65,30.71,32.77,31.64,29.90,35.78,37.81,32.28,36.75,32.40,31.53,30.56,31.38,35.98,30.42,33.03,31.79,29.75,31.07,30.37,33.11,30.05,35.07,28.74,31.31,35.12,32.20,30.71,29.74,32.70,30.10,18.43,29.29,31.11,35.62,31.02
533967_00319_87770_0,526.5,1,-1,-1,-1,-1,-1,-1,-1,-1,-1,-1,-1,-1,-1,-1,-1,-1,-1,-1,-1,-1,-1,-1,-1,-1,-1,-1,-1,-1,-1,-1,-1,-1,-1,-1,-1,-1,-1,-1,-1,-1,-1,-1,-1,-1,-1,-1,-1,-1,-1,-1,-1
533967_00319_87770_1,526.3,1,-1,-1,-1,-1,-1,-1,-1,-1,-1,-1,-1,-1,-1,-1,-1,-1,-1,-1,-1,-1,-1,-1,-1,-1,-1,-1,-1,-1,-1,-1,-1,-1,-1,-1,-1,-1,-1,-1,-1,-1,-1,-1,-1,-1,-1,-1,-1,-1,-1,-1,-1
533967_00532_00534_0,270.4,1,27.26,32.26,33.83,30.01,27.83,31.94,29.73,29.52,27.22,27.70,18.12,23.74,26.27,26.01,30.27,32.27,28.77,22.28,36.03,27.90,25.91,31.89,30.99,31.64,28.35,25.61,28.36,32.26,32.95,31.83,25.49,24.82,24.03,27.43,21.54,27.58,25.84,28.87,25.55,25.48,26.39,23.69,28.08,33.90,32.33,34.41,28.31,24.34,21.46,24.20,25.98
533967_00532_00534_1,270.7,1,25.96,25.81,25.36,22.59,21.80,21.98,24.13,22.33,23.68,24.05,21.40,23.44,26.16,22.27,26.75,22.72,26.03,29.07,26.44,26.79,27.73,29.39,26.23,28.94,27.53,29.21,29.39,29.86,29.11,25.63,28.59,32.08,25.53,32.56,30.15,28.08,30.15,30.30,29.58,29.93,26.17,22.83,27.18,23.47,23.17,24.90,29.02,24.09,23.09,29.60,28.50
533967_00532_01530_0,145.8,1,47.50,47.50,47.49,47.03,48.28,47.90,47.25,47.37,44.83,46.18,47.88,47.58,47.55,47.53,46.97,48.12,47.85,47.19,48.04,46.75,49.07,48.14,48.86,48.16,48.08,46.67,48.50,47.78,47.25,48.18,45.99,46.58,48.05,48.52,47.28,47.83,48.67,46.86,48.55,46.94,47.90,48.29,48.67,48.17,46.62,47.10,47.32,45.37,46.16,48.49,48.24
533967_00532_01530_1,145.6,1,9.73,14.78,12.76,13.93,21.91,10.97,11.09,12.11,8.05,8.11,11.23,14.84,16.39,12.90,20.18,10.28,14.54,8.29,13.61,11.54,8.08,8.59,7.84,12.04,7.85,6.91,9.15,7.56,6.88,7.38,6.93,6.88,9.07,11.58,11.13,11.05,7.87,9.30,8.34,9.05,8.39,8.89,8.91,11.10,10.93,10.11,10.79,13.78,18.35,10.15,10.47
533967_00532_11490_0,284.1,1,48.31,48.07,47.88,48.03,47.98,48.20,48.45,47.98,47.14,47.61,48.41,48.21,48.58,48.56,48.04,48.13,48.54,48.60,48.45,47.74,48.45,48.75,48.17,48.52,48.44,48.11,48.64,48.32,47.56,48.61,48.28,48.63,47.89,48.00,48.56,48.21,48.19,48.91,49.12,48.44,47.99,48.73,47.88,48.49,48.05,48.64,48.59,48.98,49.05,48.27,48.62
533967_00532_11490_1,283.1,1,26.08,23.07,25.45,23.46,23.88,27.73,24.33,28.37,26.19,27.00,22.60,27.69,25.30,20.37,26.69,29.05,27.44,26.92,25.22,28.30,26.27,24.94,26.32,26.26,26.69,27.96,28.40,26.88,26.00,25.26,25.04,23.78,27.76,29.83,27.59,26.02,24.53,27.59,25.85,27.99,26.97,30.06,26.46,23.53,29.15,27.22,26.86,28.68,27.02,31.36,26.14
533967_00532_11497_0,89.2,1,45.20,44.47,49.89,44.21,45.88,46.65,45.16,44.43,45.04,43.49,-1,47.58,43.79,45.88,42.35,45.68,45.88,-1,42.50,48.17,44.05,44.16,44.60,43.99,48.17,45.53,46.24,45.88,42.82,45.88,43.79,44.37,-1,-1,47.83,47.14,47.10,49.41,46.29,45.55,45.34,46.62,40.14,44.75,44.41,44.13,45.64,47.74,46.54,44.93,44.25
533967_00532_11497_1,90.0,1,8.61,8.10,8.57,7.62,7.97,8.38,7.32,7.63,8.41,8.39,12.36,8.57,7.97,8.02,7.63,8.26,8.10,8.31,9.17,9.34,9.60,7.33,9.49,7.68,8.69,8.70,12.09,8.25,9.73,9.72,11.41,7.18,12.00,7.48,8.23,10.21,10.72,9.86,10.24,6.47,10.67,9.61,10.31,8.90,7.63,8.41,11.12,11.24,6.74,8.88,9.67
533967_00533_11502_0,55.6,1,32.68,33.33,32.91,33.33,32.00,32.88,31.25,32.94,33.18,32.73,32.64,32.09,32.65,32.69,32.58,32.73,32.71,32.53,32.77,32.90,33.06,32.86,32.35,31.98,32.56,32.94,33.20,32.76,32.73,32.32,32.30,32.88,32.59,32.48,32.70,32.76,32.90,32.95,32.65,32.80,32.86,32.82,32.75,32.89,31.93,32.89,32.46,32.53,32.81,32.78,32.51
533967_00533_11502_1,76.1,1,45.02,45.31,45.06,44.95,44.16,44.50,44.27,41.96,44.74,42.79,44.13,44.23,45.56,44.01,44.54,46.28,45.24,47.86,44.34,45.47,44.36,48.28,45.85,46.80,44.52,46.06,45.69,46.41,45.30,43.91,47.97,45.10,45.18,45.14,44.48,46.76,44.08,44.72,45.14,44.67,45.69,44.14,46.10,43.47,44.33,45.81,46.78,45.11,45.32,45.06,47.10
533967_00533_11503_0,186.6,1,30.37,30.47,30.46,30.51,30.45,30.47,29.97,30.07,30.36,30.10,30.34,30.27,30.38,30.41,30.06,30.39,30.53,30.43,30.50,30.41,30.42,30.45,30.41,30.48,30.44,30.48,30.42,30.53,30.48,30.47,30.53,30.43,30.46,30.35,30.42,30.53,30.44,30.44,30.53,30.39,30.49,30.43,30.40,30.19,30.44,30.32,30.50,30.38,30.42,30.53,30.19
533967_00533_11503_1,186.7,1,31.53,32.00,32.00,32.00,31.42,31.85,30.80,30.84,31.62,31.59,31.70,31.94,31.62,31.71,31.96,31.94,31.83,31.72,30.97,31.82,31.78,31.90,31.06,29.94,31.71,31.85,31.53,31.61,31.77,31.79,31.00,31.90,31.92,31.47,31.68,31.76,31.71,31.89,31.70,31.47,31.27,31.03,31.27,31.46,31.06,31.82,31.91,31.65,31.49,31.28,31.39
533967_00533_11505_0,220.0,1,30.05,30.26,30.46,-1,-1,-1,30.23,29.93,30.26,30.24,30.07,-1,30.07,30.46,-1,30.10,30.46,30.27,29.90,30.03,29.88,30.21,29.90,30.22,29.33,30.26,30.04,30.28,30.17,29.55,30.07,30.46,30.46,29.66,29.95,30.07,30.46,30.46,30.46,29.88,29.96,29.95,30.04,29.91,29.88,30.21,30.17,29.60,30.11,29.98,30.15
533967_00533_11505_1,220.7,1,30.11,29.99,-1,-1,30.32,30.56,30.36,29.72,29.71,30.08,30.09,30.35,-1,-1,30.44,30.56,29.43,30.27,-1,30.18,-1,-1,30.56,27.98,29.71,-1,30.56,30.56,-1,30.56,28.05,30.56,28.38,30.56,29.99,29.99,29.80,-1,-1,29.99,-1,-1,30.56,30.56,30.56,30.56,30.56,30.37,-1,-1,30.43
533967_00534_00766_0,409.9,1,32.82,29.83,32.71,31.08,28.04,33.86,34.66,32.08,31.23,32.86,29.60,32.48,31.06,31.68,33.81,31.42,30.86,32.41,32.17,36.40,34.87,38.20,32.09,31.34,34.42,37.35,33.54,36.11,30.93,31.17,32.21,30.97,34.34,34.40,32.20,37.40,32.20,38.71,34.64,33.65,32.42,32.59,32.79,34.53,34.33,36.09,35.10,39.61,32.95,40.59,33.83
533967_00534_00766_1,409.7,1,30.24,29.94,34.97,35.45,35.32,33.65,25.64,35.07,36.17,32.28,30.69,27.41,30.84,31.12,33.34,30.10,28.84,30.10,32.48,31.69,30.86,27.65,29.05,32.42,32.80,28.46,26.50,27.63,30.82,32.44,31.18,29.56,28.46,30.59,26.00,34.49,27.33,29.93,28.17,26.97,30.94,32.18,31.16,32.41,30.88,32.42,30.84,31.05,27.83,31.00,27.88
533967_00534_11504_0,86.9,1,29.19,31.29,30.59,29.87,29.49,29.17,29.93,29.44,29.44,28.91,29.57,29.37,29.15,29.35,29.01,28.82,29.07,29.03,29.01,29.14,29.41,29.07,29.30,29.16,28.80,29.33,29.11,29.51,29.15,29.17,29.12,29.29,28.97,29.63,29.25,28.95,29.64,28.97,29.01,29.03,28.75,28.67,28.93,29.00,29.30,29.47,29.43,29.44,29.25,29.53,29.52
533967_00534_11504_1,87.2,1,7.27,7.14,6.96,7.38,7.91,7.61,6.90,6.78,7.02,5.21,6.20,8.23,7.19,7.48,8.37,7.15,7.61,7.56,9.65,6.20,6.61,9.68,8.79,7.35,6.77,6.95,8.20,7.89,7.54,7.61,8.38,8.92,8.76,8.23,7.55,8.00,8.25,8.32,9.39,8.43,6.23,6.47,6.85,5.92,6.92,6.98,7.38,6.94,7.83,7.61,9.26
533967_00535_00538_0,162.0,1,14.35,15.05,15.73,13.75,12.88,13.55,11.99,13.09,12.17,13.56,13.70,12.61,13.13,16.29,21.23,15.36,15.84,14.04,14.81,13.04,12.89,13.05,16.05,16.81,13.40,13.59,12.50,13.69,14.38,14.66,12.87,16.68,11.60,13.64,15.08,13.57,17.26,14.29,15.77,14.10,13.13,13.65,13.71,14.35,14.13,14.23,13.61,19.76,24.31,25.89,25.96
533967_00535_00538_1,173.6,1,17.10,13.70,19.68,22.59,17.27,18.33,19.31,17.58,16.64,18.22,19.71,15.28,20.65,15.79,13.40,18.14,17.53,20.32,21.02,16.65,16.86,18.25,21.47,17.41,18.13,19.56,18.09,19.27,20.78,19.46,18.94,18.05,15.39,14.69,16.48,17.34,14.62,11.30,12.49,17.61,25.94,27.50,15.12,14.61,15.87,15.85,16.82,18.66,17.53,19.91,18.22
533967_00535_00609_0,512.4,1,29.93,30.03,30.00,29.99,29.97,29.89,29.91,29.77,29.88,29.95,29.90,29.91,29.93,29.87,29.94,29.91,29.99,30.04,29.81,29.93,29.93,29.94,29.94,29.95,29.98,29.99,29.92,29.83,29.97,29.93,29.91,29.90,30.01,29.91,29.88,29.95,29.90,29.86,29.98,29.94,29.82,29.78,29.91,30.02,30.02,30.04,29.89,29.90,30.06,30.06,29.96
533967_00535_00609_1,514.6,1,17.58,19.55,19.02,20.45,19.06,14.42,20.09,21.13,17.80,20.88,18.43,20.42,20.43,20.07,21.55,20.00,18.78,19.71,19.78,18.80,16.28,18.06,18.60,15.46,11.68,15.22,14.40,18.51,20.25,20.84,21.17,20.79,20.23,21.70,21.56,16.72,18.82,17.71,20.86,18.40,14.73,19.74,16.51,13.02,13.56,15.12,17.17,14.56,18.37,15.55,18.81
533967_00535_11512_0,144.9,1,44.57,44.15,44.75,43.38,44.46,44.50,45.57,46.24,43.19,45.76,44.94,45.38,43.95,44.40,45.90,44.79,45.39,43.56,43.80,44.14,45.27,44.22,43.87,44.29,43.53,43.72,45.32,44.64,44.09,44.29,43.42,44.38,45.65,44.40,44.77,44.47,44.68,45.80,44.96,43.47,43.32,43.26,44.00,44.07,43.77,45.20,44.56,44.91,45.64,44.78,45.00
533967_00535_11512_1,145.9,1,13.68,14.75,14.65,15.06,14.91,10.63,12.57,12.44,9.03,10.57,15.36,14.55,16.55,15.38,17.09,15.03,15.40,14.68,14.80,14.04,12.86,13.11,12.57,15.91,15.61,12.04,14.73,13.18,13.50,14.68,15.38,16.00,16.04,15.88,13.70,13.56,11.79,13.88,15.18,14.18,12.43,11.33,15.19,12.12,15.50,15.51,15.35,14.49,15.26,15.86,14.78
533967_00535_14018_0,131.1,1,42.89,42.73,42.65,43.80,43.76,42.29,41.92,42.08,43.79,42.61,44.08,43.66,44.50,43.98,42.57,43.38,43.29,43.49,41.86,43.51,43.49,42.90,40.28,41.82,42.10,42.06,42.53,43.52,42.43,42.38,43.75,44.06,42.29,42.11,42.22,44.56,41.23,39.69,43.25,43.86,43.70,42.02,43.58,42.85,42.13,43.38,43.85,42.39,44.56,42.96,43.42
533967_00535_14018_1,131.7,1,10.85,11.42,14.70,18.08,10.77,9.13,12.37,11.18,8.39,5.20,8.03,13.39,11.38,14.82,11.98,14.01,14.02,15.06,13.76,11.80,10.34,13.73,11.93,15.78,12.56,11.18,13.09,11.90,15.06,13.61,11.65,14.98,12.05,12.55,11.70,11.49,12.50,4.86,10.73,11.76,11.86,8.34,10.61,12.28,10.03,10.71,10.67,10.10,12.82,12.24,13.32
533967_00536_11512_0,117.7,1,28.79,30.12,30.14,30.12,30.19,26.84,28.02,30.02,16.77,22.58,30.18,30.21,30.16,30.04,30.10,30.16,30.13,30.07,30.16,30.07,30.02,30.09,28.05,30.13,30.10,29.88,30.18,30.07,30.04,30.15,30.11,30.25,30.20,30.12,30.11,30.09,30.10,30.25,30.10,30.04,30.19,29.98,30.18,30.16,30.07,30.11,30.15,30.09,30.23,30.10,30.25
533967_00536_11512_1,97.2,1,43.14,43.13,43.24,43.08,43.16,43.16,43.19,42.94,43.31,43.36,43.30,43.02,43.07,43.07,42.96,43.14,42.66,43.48,43.46,43.10,43.22,42.76,43.14,43.25,43.38,43.29,43.21,43.02,43.23,42.90,43.22,43.31,43.16,43.14,43.02,43.22,43.23,43.10,43.13,43.09,43.16,43.12,43.16,42.94,43.01,43.20,43.16,43.35,43.05,43.10,42.86
533967_00538_00539_0,270.7,1,23.47,23.92,22.26,24.16,24.60,24.55,21.21,23.93,21.52,17.50,24.17,25.13,20.54,26.05,28.50,24.19,21.03,25.36,24.36,26.70,24.67,23.73,21.84,21.67,21.95,24.29,25.17,24.36,27.21,24.45,26.01,25.21,24.99,24.49,25.50,24.66,25.26,26.26,24.84,21.96,25.80,23.40,22.48,23.29,25.27,26.55,25.73,21.43,20.36,18.06,19.83
533967_00538_00539_1,271.1,1,17.27,24.17,24.71,24.50,14.42,18.47,19.34,13.01,13.01,13.24,14.38,16.75,17.06,19.36,20.29,21.41,23.84,20.43,24.31,23.77,17.25,19.73,20.51,23.92,23.42,24.58,17.09,19.41,25.29,24.54,27.45,20.51,25.72,26.33,21.39,8.32,14.46,24.81,25.59,16.67,16.94,28.67,24.36,17.31,24.12,7.25,6.40,10.08,19.11,27.32,21.99
533967_00538_11513_0,256.6,1,46.44,47.15,47.10,47.06,46.97,45.87,45.95,45.75,45.44,44.39,44.25,44.82,45.08,46.78,47.74,46.56,45.95,46.34,47.51,46.79,46.34,46.70,45.64,47.68,45.65,46.60,46.94,47.14,47.12,47.03,45.86,46.59,46.93,47.94,46.14,45.43,47.84,47.53,47.16,46.70,47.14,46.59,47.49,45.47,45.89,45.67,44.66,46.04,47.30,47.73,47.45
533967_00538_11513_1,257.1,1,12.57,7.28,5.52,7.68,6.20,5.87,9.18,16.76,11.84,10.51,8.57,7.40,16.20,15.27,9.64,15.38,20.15,17.56,16.33,20.77,16.47,24.07,19.07,19.99,22.74,18.91,23.33,19.06,21.27,15.76,21.36,19.96,23.14,20.28,20.32,22.71,17.81,17.98,20.52,16.60,19.95,18.74,23.73,23.58,22.44,20.14,16.92,19.32,17.32,21.94,21.47
533967_00539_11517_0,283.3,1,19.48,-1,-1,-1,-1,-1,-1,-1,19.52,19.45,19.29,19.55,19.62,19.62,19.62,-1,-1,-1,19.62,19.62,-1,19.52,19.25,-1,19.62,19.41,19.40,-1,19.62,-1,-1,-1,-1,19.49,19.45,19.43,19.43,19.31,19.47,19.37,19.58,19.47,19.47,19.50,19.34,-1,19.55,19.59,19.55,19.51,19.62
533967_00539_11517_1,303.8,1,13.40,-1,-1,-1,-1,14.24,9.59,13.69,13.56,10.29,16.76,12.40,11.40,18.70,12.78,13.02,14.67,14.93,14.93,11.95,14.98,15.41,13.60,13.09,12.47,9.51,-1,13.42,13.67,11.64,13.63,13.80,13.26,12.02,14.41,13.75,12.49,14.91,12.15,16.39,-1,13.96,13.44,11.91,15.42,14.04,13.09,14.41,12.49,13.96,12.84
533967_00605_01530_0,176.3,1,-1,-1,-1,-1,-1,-1,-1,-1,-1,-1,-1,-1,-1,-1,-1,-1,-1,-1,-1,-1,-1,-1,-1,-1,-1,-1,-1,-1,-1,-1,-1,-1,-1,-1,-1,-1,-1,-1,-1,-1,-1,-1,-1,-1,-1,-1,-1,-1,-1,-1,-1
533967_00605_01530_1,174.8,1,-1,-1,-1,-1,-1,-1,-1,-1,-1,-1,-1,-1,-1,-1,-1,-1,-1,-1,-1,-1,-1,-1,-1,-1,-1,-1,-1,-1,-1,-1,-1,-1,-1,-1,-1,-1,-1,-1,-1,-1,-1,-1,-1,-1,-1,-1,-1,-1,-1,-1,-1
533967_00605_72276_0,92.4,1,-1,-1,-1,-1,-1,-1,-1,-1,-1,-1,-1,-1,-1,-1,-1,-1,-1,-1,-1,-1,-1,-1,-1,-1,-1,-1,-1,-1,-1,-1,-1,-1,-1,-1,-1,-1,-1,-1,-1,-1,-1,-1,-1,-1,-1,-1,-1,-1,-1,-1,-1
533967_00605_72276_1,92.9,1,-1,-1,-1,-1,-1,-1,-1,-1,-1,-1,-1,-1,-1,-1,-1,-1,-1,-1,-1,-1,-1,-1,-1,-1,-1,-1,-1,-1,-1,-1,-1,-1,-1,-1,-1,-1,-1,-1,-1,-1,-1,-1,-1,-1,-1,-1,-1,-1,-1,-1,-1
533967_00608_00609_0,62.4,1,65.44,67.43,71.36,66.41,64.31,70.48,59.23,61.17,67.51,60.77,67.28,65.32,66.98,67.61,62.69,67.35,69.51,61.41,67.72,60.88,67.13,68.17,63.64,59.20,64.50,64.25,62.08,64.91,61.45,67.76,69.99,67.44,70.16,71.96,69.08,66.23,69.90,63.79,70.22,68.44,65.13,71.01,59.59,65.92,66.47,64.53,67.28,65.51,60.09,67.35,62.89
533967_00608_00609_1,41.7,1,29.90,30.00,30.00,30.00,30.00,30.00,30.00,30.00,29.96,29.88,29.75,30.00,30.00,30.00,30.00,30.00,30.00,30.00,29.77,29.63,30.00,30.00,29.85,29.94,30.00,30.00,30.00,29.85,29.75,30.00,30.00,30.00,30.00,30.00,30.00,30.00,30.00,30.00,30.00,29.75,29.65,29.20,29.89,29.81,29.84,30.00,30.00,29.73,30.00,29.61,29.85
533967_00609_11505_0,262.2,1,29.67,29.97,-1,-1,29.65,29.50,29.65,29.69,30.04,29.61,29.77,29.58,-1,-1,29.59,29.68,-1,29.73,-1,29.81,-1,-1,29.50,29.87,29.50,-1,29.50,29.50,29.50,29.50,30.13,29.50,-1,29.63,29.50,29.97,30.13,-1,-1,29.50,-1,-1,29.81,29.50,29.50,29.50,29.50,29.65,-1,-1,29.59
533967_00609_11505_1,261.8,1,30.00,29.63,29.45,-1,-1,-1,30.15,29.85,29.76,29.97,19.10,-1,29.98,30.90,-1,29.76,29.45,29.82,31.08,29.89,29.45,29.54,30.36,29.82,29.91,29.68,29.54,30.10,29.86,30.23,30.07,30.15,29.45,30.90,29.97,29.76,29.45,29.45,29.45,30.34,30.83,29.12,30.24,30.92,30.63,29.65,29.68,31.18,29.96,30.54,30.20
533967_00693_01661_0,200.4,2,26.28,25.98,27.18,20.43,26.22,25.42,23.54,23.86,24.74,28.13,27.01,24.51,26.73,27.57,26.96,26.36,29.03,26.34,29.18,28.53,23.78,27.36,22.20,25.24,27.83,26.21,27.34,31.42,26.67,27.65,31.26,27.53,25.40,26.94,26.54,25.99,27.09,24.64,27.88,31.35,27.74,24.57,24.43,28.24,23.71,24.82,24.13,28.21,26.50,29.60,24.84
533967_00695_11518_0,242.9,1,48.14,50.85,51.13,51.28,50.91,50.88,22.90,26.35,50.42,50.60,50.55,50.90,50.75,50.65,50.95,50.90,50.77,50.47,50.84,50.75,50.50,50.67,50.37,51.02,50.64,50.97,51.05,50.46,50.90,50.81,50.90,50.86,50.71,50.72,50.75,50.32,50.57,50.57,50.62,50.90,50.72,51.29,50.67,50.80,50.71,50.90,50.61,50.77,50.69,50.69,51.00
533967_00695_11518_1,222.2,1,28.87,28.92,28.83,28.86,28.85,28.78,28.90,28.88,28.84,28.76,28.82,28.88,28.90,28.91,28.92,28.82,28.87,28.79,28.82,28.88,28.92,28.83,28.84,28.89,28.84,28.93,28.88,28.87,28.94,28.82,28.90,28.79,28.87,28.94,28.79,28.88,28.86,28.92,28.93,28.82,28.88,28.94,28.85,28.92,28.96,28.85,28.90,28.80,28.78,28.87,28.91
533967_00766_11513_0,381.7,1,39.88,22.60,9.19,44.69,26.63,34.24,45.73,48.71,49.11,48.89,48.09,45.95,49.25,48.83,48.71,48.90,49.03,48.51,48.89,49.07,49.13,48.49,49.10,49.07,49.31,48.82,49.31,49.35,49.28,49.05,48.97,48.97,49.09,49.16,48.90,48.99,49.07,48.66,49.07,49.24,49.21,48.93,48.88,48.85,48.75,49.07,48.85,49.04,48.84,49.27,49.11
533967_00766_11513_1,381.4,1,23.88,34.73,32.97,28.10,22.93,18.13,27.66,26.78,26.00,20.74,27.79,29.51,22.83,28.80,24.67,20.33,26.23,26.30,27.28,18.01,25.20,24.84,24.03,22.21,28.18,27.92,25.03,22.85,24.91,34.19,30.18,25.05,28.99,25.81,28.75,27.34,21.28,22.61,23.65,27.38,23.16,17.67,27.54,17.69,20.06,21.69,24.21,19.13,22.30,22.21,31.96
533967_00766_14156_0,450.6,1,48.13,48.42,48.30,48.00,48.35,47.76,48.20,47.46,47.96,47.23,48.59,47.54,47.61,48.29,47.59,47.88,48.45,47.66,48.34,47.94,48.46,47.67,48.72,47.31,47.98,48.34,48.40,48.18,48.67,48.16,48.71,48.39,48.25,48.57,48.23,48.53,47.81,48.72,48.63,48.67,48.49,48.48,48.56,47.87,48.07,47.71,47.85,47.90,48.55,48.44,48.13
533967_00766_14156_1,453.2,1,29.92,26.93,29.69,31.01,25.35,33.80,25.59,29.35,30.85,25.83,28.70,29.54,30.43,26.84,27.56,23.80,29.79,30.52,30.35,30.75,23.95,32.06,39.24,29.67,33.05,38.97,28.88,32.58,37.24,28.83,27.15,27.45,33.36,31.99,30.87,31.11,32.27,33.47,34.69,34.47,26.84,27.86,35.19,32.01,30.01,25.82,25.06,27.55,27.60,41.14,29.47
533967_00818_01603_0,92.9,1,-1,-1,-1,-1,-1,-1,-1,-1,-1,-1,-1,-1,-1,-1,-1,-1,-1,-1,-1,-1,-1,-1,-1,-1,-1,-1,-1,-1,-1,-1,-1,-1,-1,-1,-1,-1,-1,-1,-1,-1,-1,-1,-1,-1,-1,-1,-1,-1,-1,-1,-1
533967_00818_01603_1,72.2,1,-1,-1,-1,-1,-1,-1,-1,-1,-1,-1,-1,-1,-1,-1,-1,-1,-1,-1,-1,-1,-1,-1,-1,-1,-1,-1,-1,-1,-1,-1,-1,-1,-1,-1,-1,-1,-1,-1,-1,-1,-1,-1,-1,-1,-1,-1,-1,-1,-1,-1,-1
533967_00933_00943_0,76.5,2,54.77,54.32,54.25,54.58,54.71,55.07,54.31,54.94,54.17,54.97,55.07,55.07,54.63,54.31,55.07,54.75,54.50,55.07,52.45,55.07,55.07,55.07,55.07,54.93,55.07,54.50,54.79,54.81,54.90,54.57,55.07,54.57,55.07,54.79,55.07,54.89,54.82,54.91,55.07,54.91,54.77,54.76,55.07,54.85,54.65,55.07,55.07,54.60,55.07,55.07,54.87
533967_00933_00944_1,88.8,2,50.10,49.65,49.42,50.30,49.68,49.68,51.02,50.07,49.76,49.87,50.81,48.56,50.87,50.61,49.16,49.91,49.74,49.85,50.39,50.60,50.36,49.55,49.51,50.30,49.93,49.43,49.72,50.53,50.27,50.21,50.90,49.63,50.53,49.98,50.75,49.80,49.88,50.92,50.51,50.36,50.82,50.15,50.97,50.79,50.30,49.33,50.56,49.42,49.93,50.33,49.76
533967_00933_14152_0,152.8,2,45.82,45.83,45.74,45.83,45.83,45.83,45.73,45.83,45.83,45.83,45.83,45.83,45.83,45.83,45.83,45.83,45.83,45.83,45.83,45.83,45.83,45.83,45.83,45.83,45.83,45.83,45.83,45.83,45.83,45.83,45.83,45.83,45.83,45.83,45.83,45.75,45.83,45.83,45.83,45.83,45.79,45.79,45.83,45.83,45.83,45.83,45.83,45.83,45.83,45.83,45.77
533967_00933_14152_1,171.5,2,51.38,51.34,51.39,51.25,51.39,51.26,51.39,51.44,51.29,51.36,51.32,51.29,51.32,51.39,51.38,51.40,51.44,51.44,51.44,51.26,51.44,51.44,51.44,51.33,51.44,51.44,51.38,51.44,51.44,51.44,51.44,51.44,51.44,51.38,51.37,51.44,51.44,51.44,51.44,51.31,51.32,51.38,51.39,51.00,51.39,51.44,51.44,51.35,51.44,51.44,51.44
533967_00938_00939_0,207.9,1,12.38,22.54,19.68,19.26,14.94,14.38,17.09,11.42,9.73,11.67,19.83,18.50,19.68,18.40,19.04,20.10,21.77,19.06,16.54,22.89,19.17,18.52,17.84,13.30,16.98,17.51,19.56,17.26,16.16,16.86,16.54,19.35,16.22,21.06,14.72,18.54,15.37,11.20,3.22,2.12,4.85,12.77,15.46,20.03,15.74,13.41,15.79,10.55,19.62,17.65,14.94
533967_00938_00939_1,214.1,1,45.24,46.78,46.76,45.51,45.53,45.53,45.65,45.03,46.48,45.05,43.90,45.92,45.77,44.96,45.24,44.77,44.36,43.92,45.36,44.85,45.83,45.39,45.85,44.52,45.94,44.61,45.02,46.05,45.45,43.94,45.41,46.84,46.16,45.46,45.99,45.13,44.89,44.12,45.08,44.05,44.28,45.56,44.22,46.61,44.44,45.51,45.56,45.28,44.41,46.16,46.15
533967_00938_01409_1,59.5,1,32.79,53.01,53.21,52.41,52.73,53.00,52.25,52.71,51.75,52.67,51.99,53.17,53.54,53.54,53.01,53.26,53.54,52.32,53.04,53.54,52.19,53.20,53.29,51.39,52.58,52.82,53.02,51.39,52.46,53.54,52.97,52.37,53.54,53.54,52.54,51.77,52.90,52.57,6.58,3.11,40.40,52.53,53.13,52.57,51.26,52.25,51.89,52.60,52.09,52.95,52.74
533967_00938_01417_0,56.9,1,49.89,50.17,50.21,50.78,50.09,49.47,49.88,50.28,49.66,50.37,50.35,50.09,50.02,49.69,49.85,50.59,50.01,49.74,49.74,49.85,49.97,49.60,50.09,49.68,50.90,49.66,49.55,50.10,50.11,50.28,49.08,49.64,49.32,50.30,49.41,49.19,49.40,49.88,49.78,50.60,50.75,49.76,50.94,50.13,49.93,50.56,49.79,48.84,48.89,49.25,49.29
533967_00939_00940_0,46.1,1,37.27,44.01,36.86,38.28,39.03,47.39,33.17,34.56,30.16,34.43,33.17,41.47,34.56,35.94,40.16,39.81,49.76,30.16,33.17,43.13,36.86,30.16,33.17,41.47,39.03,33.17,33.17,33.17,33.17,31.10,55.29,41.47,36.86,30.16,33.17,31.10,36.86,33.17,-1,33.17,38.28,35.54,37.91,41.47,33.17,33.17,31.60,35.54,44.23,38.28,41.47
533967_00939_00940_1,48.5,1,24.71,42.46,36.32,28.84,23.10,25.67,40.28,-1,17.45,27.38,22.84,32.47,28.66,44.65,19.39,24.15,18.24,20.65,20.14,14.24,41.56,32.32,-1,11.64,28.36,24.24,26.85,18.06,15.44,26.85,-1,34.91,47.60,32.84,40.28,32.58,24.68,24.93,10.91,40.73,28.75,21.82,32.06,49.09,14.35,37.74,43.64,30.80,19.39,58.18,26.18
533967_00939_01421_1,187.9,2,15.65,29.37,22.40,20.02,22.09,17.46,17.29,18.51,17.46,14.58,9.87,17.76,19.92,20.69,12.08,8.55,7.90,10.33,17.12,14.26,15.51,20.72,18.18,18.49,19.37,16.40,17.60,21.89,19.80,16.99,18.69,20.64,18.07,20.55,19.54,16.71,13.02,15.27,17.18,15.28,15.19,20.11,16.17,19.43,15.31,16.71,17.75,13.78,16.10,14.08,14.42
533967_00940_13718_0,271.4,2,38.87,39.78,39.58,39.75,39.86,33.31,39.73,37.95,35.19,39.31,39.42,38.19,39.69,39.41,39.33,38.85,39.03,39.41,39.05,39.28,39.08,39.33,39.27,38.88,39.79,38.75,39.08,39.70,39.48,39.72,38.89,39.31,39.49,38.72,37.75,39.34,39.25,39.48,39.77,39.43,38.11,39.66,39.50,39.37,38.66,39.30,39.32,39.57,39.81,39.50,39.88
533967_00943_01268_0,117.5,2,46.98,47.06,46.93,46.82,46.71,47.00,47.06,47.06,47.00,47.00,47.00,47.00,47.07,47.12,47.00,46.95,46.81,47.00,47.09,47.00,47.00,47.00,47.00,46.79,47.00,47.09,47.14,47.12,47.08,47.00,47.00,47.00,47.00,46.86,47.00,47.08,46.76,47.07,47.00,47.00,46.85,47.15,47.00,46.68,47.13,47.00,47.00,46.76,47.00,47.00,47.09
533967_00944_13715_1,48.1,2,50.01,51.20,51.39,50.79,49.93,51.28,49.33,49.68,51.44,49.65,50.50,52.19,48.67,49.08,51.99,50.29,49.30,49.40,49.20,49.91,50.00,50.08,50.78,49.51,49.51,50.19,50.79,49.81,49.99,50.16,51.29,49.76,48.05,50.29,49.77,51.03,50.18,48.14,49.67,48.27,49.82,49.73,51.34,50.97,49.93,50.49,49.12,50.66,49.51,50.01,50.91
533967_00949_14017_0,200.5,1,51.08,51.16,51.11,51.15,50.99,50.89,51.14,50.70,50.56,50.69,51.00,50.91,51.21,51.35,50.88,51.23,51.29,51.01,51.35,51.11,51.12,51.30,51.30,51.10,50.82,51.45,51.57,50.92,51.25,51.57,51.26,51.38,51.21,51.49,50.97,51.25,51.48,51.17,51.02,51.12,51.23,51.13,50.88,51.05,51.10,50.92,51.00,50.92,50.92,51.29,51.36
533967_00949_14017_1,180.6,1,46.43,46.43,46.43,46.43,46.43,46.40,46.43,46.43,46.40,46.43,46.43,46.43,46.43,46.43,46.43,46.43,46.43,46.43,46.43,46.43,46.43,46.43,46.43,46.43,46.43,46.43,46.43,46.43,46.43,46.43,46.43,46.43,46.43,46.43,46.43,46.43,46.43,46.43,46.43,46.43,46.43,46.43,46.43,46.43,46.43,46.43,46.43,46.43,46.43,46.43,46.43
533967_00976_12969_0,118.6,2,53.28,53.36,53.36,53.36,53.36,53.36,53.36,53.36,53.36,53.24,53.36,53.25,53.36,53.36,53.03,53.28,53.24,53.36,53.36,53.27,53.28,53.05,53.36,53.36,53.27,53.36,53.07,53.17,53.36,53.28,53.36,53.36,53.36,53.36,53.36,53.27,53.11,53.36,53.36,53.36,53.11,53.23,53.20,53.36,53.26,53.28,53.26,53.36,53.36,53.22,53.27
533967_00976_12969_1,97.2,2,35.58,35.79,35.48,35.47,35.91,35.98,35.60,35.55,35.71,35.92,35.56,35.59,35.31,35.35,35.58,35.31,35.21,35.28,36.35,35.11,35.42,35.44,35.80,35.54,35.52,36.74,35.37,35.42,35.43,35.73,35.51,35.87,35.25,35.75,35.32,35.19,35.84,35.17,35.73,35.34,36.28,35.84,35.52,35.46,35.42,35.55,35.31,35.47,35.46,35.29,35.36
533967_00978_01607_0,93.1,1,-1,-1,-1,-1,-1,-1,-1,-1,-1,-1,-1,-1,-1,-1,-1,-1,-1,-1,-1,-1,-1,-1,-1,-1,-1,-1,-1,-1,-1,-1,-1,-1,-1,-1,-1,-1,-1,-1,-1,-1,-1,-1,-1,-1,-1,-1,-1,-1,-1,-1,-1
533967_00978_01607_1,95.1,1,-1,-1,-1,-1,-1,-1,-1,-1,-1,-1,-1,-1,-1,-1,-1,-1,-1,-1,-1,-1,-1,-1,-1,-1,-1,-1,-1,-1,-1,-1,-1,-1,-1,-1,-1,-1,-1,-1,-1,-1,-1,-1,-1,-1,-1,-1,-1,-1,-1,-1,-1
533967_00978_12969_0,145.8,2,40.00,39.79,39.97,40.01,39.82,39.74,39.99,40.01,40.01,39.84,40.00,39.98,40.11,40.07,40.00,40.10,40.19,40.14,39.57,40.27,40.19,40.18,40.03,40.18,39.91,39.26,40.29,40.03,40.12,39.82,40.02,39.96,40.37,39.98,40.20,40.37,40.01,40.23,39.93,40.23,40.03,39.77,40.15,39.98,40.00,39.90,40.10,40.12,40.03,40.21,40.11
533967_00978_12969_1,146.0,2,52.33,52.57,52.38,52.57,52.57,52.57,52.17,52.57,52.47,52.38,52.16,52.15,52.29,52.43,52.12,52.57,52.47,51.83,52.57,52.57,52.40,52.33,52.34,52.41,52.37,52.35,52.01,52.50,52.51,52.28,52.57,52.26,52.57,52.57,51.72,52.11,52.47,52.44,52.57,51.96,51.73,52.20,51.83,52.57,52.42,52.51,52.57,52.39,52.57,52.12,52.36
533967_00978_87768_0,103.3,1,-1,-1,-1,-1,-1,-1,-1,-1,-1,-1,-1,-1,-1,-1,-1,-1,-1,-1,-1,-1,-1,-1,-1,-1,-1,-1,-1,-1,-1,-1,-1,-1,-1,-1,-1,-1,-1,-1,-1,-1,-1,-1,-1,-1,-1,-1,-1,-1,-1,-1,-1
533967_00978_87768_1,109.2,1,-1,-1,-1,-1,-1,-1,-1,-1,-1,-1,-1,-1,-1,-1,-1,-1,-1,-1,-1,-1,-1,-1,-1,-1,-1,-1,-1,-1,-1,-1,-1,-1,-1,-1,-1,-1,-1,-1,-1,-1,-1,-1,-1,-1,-1,-1,-1,-1,-1,-1,-1
533967_01268_13716_0,103.3,1,-1,-1,-1,-1,-1,-1,-1,-1,-1,-1,-1,-1,-1,-1,-1,-1,-1,-1,-1,-1,-1,-1,-1,-1,-1,-1,-1,-1,-1,-1,-1,-1,-1,-1,-1,-1,-1,-1,-1,-1,-1,-1,-1,-1,-1,-1,-1,-1,-1,-1,-1
533967_01268_13716_1,93.0,1,20.16,-1,-1,-1,-1,-1,-1,-1,-1,-1,-1,-1,-1,-1,-1,-1,-1,-1,-1,-1,-1,-1,-1,-1,-1,-1,-1,-1,-1,-1,-1,-1,-1,-1,-1,-1,-1,-1,-1,-1,-1,-1,-1,20.16,-1,-1,-1,-1,-1,-1,-1
533967_01269_13715_0,89.0,2,49.43,48.62,48.78,48.82,49.21,48.77,49.34,49.43,48.70,49.73,49.36,48.10,50.16,49.70,48.36,49.29,50.11,50.13,49.89,49.65,49.16,49.59,49.11,49.57,49.80,49.65,48.96,49.77,49.37,49.64,48.58,49.55,50.28,49.34,49.57,48.82,49.41,50.45,49.54,50.63,49.45,49.48,48.67,48.68,50.43,49.12,49.82,49.12,49.93,49.20,49.09
533967_01405_01406_0,31.5,1,31.42,-1,-1,-1,-1,-1,-1,-1,-1,-1,-1,-1,-1,-1,-1,-1,-1,-1,-1,-1,-1,-1,-1,-1,-1,-1,-1,-1,-1,-1,-1,-1,-1,-1,-1,-1,-1,-1,-1,-1,-1,-1,-1,31.42,-1,-1,-1,-1,-1,-1,-1
533967_01405_01406_1,31.5,1,-1,-1,-1,-1,-1,-1,-1,-1,-1,-1,-1,-1,-1,-1,-1,-1,-1,-1,-1,-1,-1,-1,-1,-1,-1,-1,-1,-1,-1,-1,-1,-1,-1,-1,-1,-1,-1,-1,-1,-1,-1,-1,-1,-1,-1,-1,-1,-1,-1,-1,-1
533967_01406_01408_0,143.1,1,21.74,-1,-1,-1,-1,-1,-1,-1,-1,-1,-1,-1,-1,-1,-1,-1,-1,-1,-1,-1,-1,-1,-1,-1,-1,-1,-1,-1,-1,-1,-1,-1,-1,-1,-1,-1,-1,-1,-1,-1,-1,-1,-1,21.74,-1,-1,-1,-1,-1,-1,-1
533967_01406_01408_1,134.3,1,-1,-1,-1,-1,-1,-1,-1,-1,-1,-1,-1,-1,-1,-1,-1,-1,-1,-1,-1,-1,-1,-1,-1,-1,-1,-1,-1,-1,-1,-1,-1,-1,-1,-1,-1,-1,-1,-1,-1,-1,-1,-1,-1,-1,-1,-1,-1,-1,-1,-1,-1
533967_01406_01644_0,145.7,2,49.13,50.11,50.66,50.24,50.95,38.28,49.91,48.39,49.73,50.70,50.66,50.33,50.22,49.59,49.45,50.52,50.32,50.77,48.46,49.12,49.88,49.01,50.67,49.49,49.65,48.80,50.77,50.92,50.15,50.12,50.83,50.41,49.58,50.30,48.51,50.80,49.59,49.75,50.48,42.55,50.08,49.42,49.91,49.68,49.80,49.96,50.86,49.10,47.09,50.41,49.96
533967_01407_01408_0,65.5,1,-1,-1,-1,-1,-1,-1,-1,-1,-1,-1,-1,-1,-1,-1,-1,-1,-1,-1,-1,-1,-1,-1,-1,-1,-1,-1,-1,-1,-1,-1,-1,-1,-1,-1,-1,-1,-1,-1,-1,-1,-1,-1,-1,-1,-1,-1,-1,-1,-1,-1,-1
533967_01407_01408_1,44.4,1,-1,-1,-1,-1,-1,-1,-1,-1,-1,-1,-1,-1,-1,-1,-1,-1,-1,-1,-1,-1,-1,-1,-1,-1,-1,-1,-1,-1,-1,-1,-1,-1,-1,-1,-1,-1,-1,-1,-1,-1,-1,-1,-1,-1,-1,-1,-1,-1,-1,-1,-1
533967_01408_01644_0,228.0,1,-1,-1,-1,-1,-1,-1,-1,-1,-1,-1,-1,-1,-1,-1,-1,-1,-1,-1,-1,-1,-1,-1,-1,-1,-1,-1,-1,-1,-1,-1,-1,-1,-1,-1,-1,-1,-1,-1,-1,-1,-1,-1,-1,-1,-1,-1,-1,-1,-1,-1,-1
533967_01408_01644_1,242.6,1,-1,-1,-1,-1,-1,-1,-1,-1,-1,-1,-1,-1,-1,-1,-1,-1,-1,-1,-1,-1,-1,-1,-1,-1,-1,-1,-1,-1,-1,-1,-1,-1,-1,-1,-1,-1,-1,-1,-1,-1,-1,-1,-1,-1,-1,-1,-1,-1,-1,-1,-1
533967_01408_13716_0,103.4,1,19.91,-1,-1,-1,-1,-1,-1,-1,-1,-1,-1,-1,-1,-1,-1,-1,-1,-1,-1,-1,-1,-1,-1,-1,-1,-1,-1,-1,-1,-1,-1,-1,-1,-1,-1,-1,-1,-1,-1,-1,-1,-1,-1,19.91,-1,-1,-1,-1,-1,-1,-1
533967_01408_13716_1,103.6,1,-1,-1,-1,-1,-1,-1,-1,-1,-1,-1,-1,-1,-1,-1,-1,-1,-1,-1,-1,-1,-1,-1,-1,-1,-1,-1,-1,-1,-1,-1,-1,-1,-1,-1,-1,-1,-1,-1,-1,-1,-1,-1,-1,-1,-1,-1,-1,-1,-1,-1,-1
533967_01409_01410_1,98.4,1,54.58,59.04,58.34,59.04,57.97,58.45,57.83,59.04,58.39,59.04,58.57,59.04,59.04,57.90,59.04,59.04,59.04,59.04,59.04,58.43,58.68,59.04,58.07,57.78,59.04,58.68,59.04,58.23,58.20,59.04,58.66,58.65,58.65,58.23,58.50,58.43,58.68,58.47,31.90,23.29,59.04,59.04,59.04,59.04,57.67,58.53,58.68,59.04,59.04,58.26,59.04
533967_01409_01417_0,27.8,1,-1,-1,-1,-1,-1,-1,-1,-1,-1,-1,-1,-1,-1,-1,-1,-1,-1,-1,-1,-1,-1,-1,-1,-1,-1,-1,-1,-1,-1,-1,-1,-1,-1,-1,-1,-1,-1,-1,-1,-1,-1,-1,-1,-1,-1,-1,-1,-1,-1,-1,-1
533967_01410_01417_1,84.9,1,50.81,50.96,50.96,50.96,50.71,50.65,50.56,50.96,50.96,50.88,50.87,50.75,50.96,50.57,50.40,50.23,50.73,50.87,50.96,50.96,50.82,50.96,50.84,50.96,50.54,50.96,50.65,50.96,50.96,50.96,50.96,50.96,50.32,50.96,50.76,50.96,50.88,50.66,50.96,50.96,50.54,50.55,50.96,50.96,50.96,50.96,50.96,50.96,50.96,50.96,50.96
533967_01412_01413_0,27.8,1,-1,-1,-1,-1,-1,-1,-1,-1,-1,-1,-1,-1,-1,-1,-1,-1,-1,-1,-1,-1,-1,-1,-1,-1,-1,-1,-1,-1,-1,-1,-1,-1,-1,-1,-1,-1,-1,-1,-1,-1,-1,-1,-1,-1,-1,-1,-1,-1,-1,-1,-1
533967_01412_01414_1,139.9,1,55.83,55.42,55.46,55.96,55.42,55.96,55.96,55.96,55.60,55.96,55.96,55.96,55.96,55.96,55.40,55.08,55.96,55.96,55.96,55.96,55.96,55.96,55.96,55.96,55.96,55.96,55.96,55.96,55.96,55.96,-1,55.96,55.96,55.96,55.96,55.96,55.96,55.96,55.96,55.96,55.96,55.28,55.96,55.96,55.96,55.96,55.96,55.96,55.96,55.96,55.96
533967_01413_01414_0,75.7,1,-1,-1,-1,-1,-1,-1,-1,-1,-1,-1,-1,-1,-1,-1,-1,-1,-1,-1,-1,-1,-1,-1,-1,-1,-1,-1,-1,-1,-1,-1,-1,-1,-1,-1,-1,-1,-1,-1,-1,-1,-1,-1,-1,-1,-1,-1,-1,-1,-1,-1,-1
533967_01418_01419_0,31.5,1,-1,-1,-1,-1,-1,-1,-1,-1,-1,-1,-1,-1,-1,-1,-1,-1,-1,-1,-1,-1,-1,-1,-1,-1,-1,-1,-1,-1,-1,-1,-1,-1,-1,-1,-1,-1,-1,-1,-1,-1,-1,-1,-1,-1,-1,-1,-1,-1,-1,-1,-1
533967_01418_01419_1,33.7,1,-1,-1,-1,-1,-1,-1,-1,-1,-1,-1,-1,-1,-1,-1,-1,-1,-1,-1,-1,-1,-1,-1,-1,-1,-1,-1,-1,-1,-1,-1,-1,-1,-1,-1,-1,-1,-1,-1,-1,-1,-1,-1,-1,-1,-1,-1,-1,-1,-1,-1,-1
533967_01418_01420_1,131.3,2,19.14,45.48,40.53,44.78,42.18,42.87,43.01,43.73,37.07,43.25,38.54,44.46,34.44,40.65,38.59,37.42,38.22,19.65,42.25,12.80,11.11,14.81,16.66,16.23,30.69,20.15,29.40,34.95,39.51,14.02,9.52,10.10,9.90,18.30,40.14,34.56,23.86,16.29,27.95,10.43,11.29,11.03,10.89,11.21,11.19,10.72,10.98,10.26,12.76,10.57,13.03
533967_01418_01421_0,125.5,1,13.61,19.65,18.67,20.12,20.06,19.76,20.03,19.03,18.90,18.87,17.46,19.78,19.70,19.81,18.29,3.28,1.12,20.54,18.99,15.26,17.02,18.50,19.86,18.59,18.66,18.74,19.01,19.60,19.25,19.77,20.06,19.10,19.47,20.27,19.49,18.77,16.61,18.39,19.13,20.24,20.09,19.82,18.96,17.99,16.66,18.38,18.14,17.30,20.05,17.57,16.88
533967_01418_01421_1,129.3,1,-1,-1,-1,-1,-1,-1,-1,-1,-1,-1,-1,-1,-1,-1,-1,-1,-1,-1,-1,-1,-1,-1,-1,-1,-1,-1,-1,-1,-1,-1,-1,-1,-1,-1,-1,-1,-1,-1,-1,-1,-1,-1,-1,-1,-1,-1,-1,-1,-1,-1,-1
533967_01419_01420_0,133.5,2,14.23,11.28,11.90,9.69,9.47,9.73,10.74,10.34,9.20,9.78,10.83,9.49,9.48,9.44,9.97,9.29,10.96,12.88,10.40,17.70,19.87,15.23,18.31,12.21,9.74,17.51,14.40,9.02,9.92,14.29,25.74,19.60,20.72,12.70,9.83,10.34,12.35,14.30,11.45,22.77,23.20,22.30,28.06,24.97,26.98,26.19,25.64,27.31,33.24,21.87,23.61
533967_01419_01425_1,174.0,2,22.84,23.53,25.05,19.70,16.82,21.10,21.58,22.09,23.76,19.08,22.38,18.15,25.44,20.82,20.03,20.85,22.23,20.71,24.27,22.40,23.37,25.13,20.10,20.17,23.31,23.80,23.63,19.38,28.69,18.50,22.11,25.68,22.41,21.97,21.77,23.73,26.84,27.19,25.84,23.27,20.66,26.83,26.51,19.98,21.08,27.54,31.26,26.46,26.44,21.58,26.76
533967_01419_01608_0,181.2,1,-1,-1,-1,-1,-1,-1,-1,-1,-1,-1,-1,-1,-1,-1,-1,-1,-1,-1,-1,-1,-1,-1,-1,-1,-1,-1,-1,-1,-1,-1,-1,-1,-1,-1,-1,-1,-1,-1,-1,-1,-1,-1,-1,-1,-1,-1,-1,-1,-1,-1,-1
533967_01419_01608_1,173.6,1,-1,-1,-1,-1,-1,-1,-1,-1,-1,-1,-1,-1,-1,-1,-1,-1,-1,-1,-1,-1,-1,-1,-1,-1,-1,-1,-1,-1,-1,-1,-1,-1,-1,-1,-1,-1,-1,-1,-1,-1,-1,-1,-1,-1,-1,-1,-1,-1,-1,-1,-1
533967_01420_01654_0,223.6,2,14.53,13.18,19.76,12.25,12.44,13.98,12.43,14.35,16.54,13.89,14.50,14.49,16.96,13.95,11.84,21.32,16.95,18.56,18.67,16.05,16.07,15.55,15.66,11.84,20.37,15.95,16.39,18.05,18.17,17.51,21.18,15.40,21.68,15.68,14.51,15.41,13.22,15.94,19.02,14.62,13.76,12.84,22.40,8.08,14.67,12.68,13.48,13.36,13.03,14.34,15.53
533967_01420_01654_1,227.3,2,21.81,22.64,22.56,22.49,19.99,22.32,23.01,21.86,19.82,22.19,18.54,23.11,26.18,17.78,19.92,23.42,22.19,19.62,24.59,18.59,20.97,20.45,21.34,24.77,25.72,21.09,26.15,20.04,21.45,24.10,21.40,20.95,20.22,24.14,20.27,23.43,21.16,25.91,19.53,22.71,24.96,20.15,22.06,22.92,19.80,22.47,20.09,19.60,26.73,25.96,24.33
533967_01424_01425_0,75.7,1,-1,-1,-1,-1,-1,-1,-1,-1,-1,-1,-1,-1,-1,-1,-1,-1,-1,-1,-1,-1,-1,-1,-1,-1,-1,-1,-1,-1,-1,-1,-1,-1,-1,-1,-1,-1,-1,-1,-1,-1,-1,-1,-1,-1,-1,-1,-1,-1,-1,-1,-1
533967_01424_01425_1,86.8,1,-1,-1,-1,-1,-1,-1,-1,-1,-1,-1,-1,-1,-1,-1,-1,-1,-1,-1,-1,-1,-1,-1,-1,-1,-1,-1,-1,-1,-1,-1,-1,-1,-1,-1,-1,-1,-1,-1,-1,-1,-1,-1,-1,-1,-1,-1,-1,-1,-1,-1,-1
533967_01424_01604_0,148.3,1,-1,-1,-1,-1,-1,-1,-1,-1,-1,-1,-1,-1,-1,-1,-1,-1,-1,-1,-1,-1,-1,-1,-1,-1,-1,-1,-1,-1,-1,-1,-1,-1,-1,-1,-1,-1,-1,-1,-1,-1,-1,-1,-1,-1,-1,-1,-1,-1,-1,-1,-1
533967_01424_01604_1,148.7,1,-1,-1,-1,-1,-1,-1,-1,-1,-1,-1,-1,-1,-1,-1,-1,-1,-1,-1,-1,-1,-1,-1,-1,-1,-1,-1,-1,-1,-1,-1,-1,-1,-1,-1,-1,-1,-1,-1,-1,-1,-1,-1,-1,-1,-1,-1,-1,-1,-1,-1,-1
533967_01424_01605_0,270.7,1,-1,-1,-1,-1,-1,-1,-1,-1,-1,-1,-1,-1,-1,-1,-1,-1,-1,-1,-1,-1,-1,-1,-1,-1,-1,-1,-1,-1,-1,-1,-1,-1,-1,-1,-1,-1,-1,-1,-1,-1,-1,-1,-1,-1,-1,-1,-1,-1,-1,-1,-1
533967_01424_01605_1,270.6,1,-1,-1,-1,-1,-1,-1,-1,-1,-1,-1,-1,-1,-1,-1,-1,-1,-1,-1,-1,-1,-1,-1,-1,-1,-1,-1,-1,-1,-1,-1,-1,-1,-1,-1,-1,-1,-1,-1,-1,-1,-1,-1,-1,-1,-1,-1,-1,-1,-1,-1,-1
533967_01530_13891_0,118.0,1,49.23,49.03,49.41,48.51,49.36,49.32,49.44,49.27,50.49,49.32,49.46,49.48,49.77,49.41,49.69,48.70,49.21,50.35,48.29,49.83,48.39,49.03,48.66,48.85,48.65,48.90,49.34,49.00,49.99,48.77,50.17,49.22,49.26,49.14,49.27,49.41,48.87,48.40,48.50,49.28,49.32,48.84,48.85,49.17,49.12,49.15,48.92,49.78,49.89,49.99,48.86
533967_01530_13891_1,117.5,1,49.25,48.64,50.74,51.08,49.17,49.17,49.57,49.31,49.39,49.43,49.41,50.01,49.36,49.06,49.55,49.17,49.62,49.74,49.83,49.24,49.38,49.46,49.21,49.21,49.71,48.20,49.32,48.91,49.82,49.66,49.47,48.73,50.09,48.20,48.97,48.61,49.48,49.27,48.99,48.93,49.35,49.29,50.05,49.21,49.02,49.60,49.54,48.90,48.64,48.09,49.33
533967_01555_01556_0,188.1,1,-1,-1,-1,-1,-1,-1,-1,-1,-1,-1,-1,-1,-1,-1,-1,-1,-1,-1,-1,-1,-1,-1,-1,-1,-1,-1,-1,-1,-1,-1,-1,-1,-1,-1,-1,-1,-1,-1,-1,-1,-1,-1,-1,-1,-1,-1,-1,-1,-1,-1,-1
533967_01555_01556_1,187.7,1,-1,-1,-1,-1,-1,-1,-1,-1,-1,-1,-1,-1,-1,-1,-1,-1,-1,-1,-1,-1,-1,-1,-1,-1,-1,-1,-1,-1,-1,-1,-1,-1,-1,-1,-1,-1,-1,-1,-1,-1,-1,-1,-1,-1,-1,-1,-1,-1,-1,-1,-1
533967_01555_13718_0,313.6,1,-1,-1,-1,-1,-1,-1,-1,-1,-1,-1,-1,-1,-1,-1,-1,-1,-1,-1,-1,-1,-1,-1,-1,-1,-1,-1,-1,-1,-1,-1,-1,-1,-1,-1,-1,-1,-1,-1,-1,-1,-1,-1,-1,-1,-1,-1,-1,-1,-1,-1,-1
533967_01555_13718_1,330.8,1,-1,-1,-1,-1,-1,-1,-1,-1,-1,-1,-1,-1,-1,-1,-1,-1,-1,-1,-1,-1,-1,-1,-1,-1,-1,-1,-1,-1,-1,-1,-1,-1,-1,-1,-1,-1,-1,-1,-1,-1,-1,-1,-1,-1,-1,-1,-1,-1,-1,-1,-1
533967_01555_14156_0,146.2,1,49.93,49.53,49.14,49.85,50.03,50.53,49.71,50.06,50.16,49.90,50.26,50.48,49.62,49.93,49.88,50.01,49.83,50.46,50.12,49.78,49.11,50.24,50.21,50.46,50.21,50.12,50.28,49.87,50.67,50.26,49.92,50.12,48.72,49.29,50.02,49.62,49.64,49.55,49.75,49.50,49.74,49.88,49.98,49.85,49.05,49.95,48.95,49.18,50.27,49.72,50.38
533967_01555_14156_1,146.3,1,49.46,49.27,49.22,49.05,49.76,49.63,49.36,49.51,49.36,49.62,49.39,49.56,49.43,49.07,49.52,49.48,49.45,49.51,49.32,49.38,49.34,49.31,49.45,50.01,49.58,49.00,49.12,49.78,48.86,49.50,49.51,49.90,49.44,49.17,49.52,49.39,49.39,48.96,49.53,49.43,49.48,49.03,49.87,49.60,49.36,49.65,49.81,49.66,49.13,49.61,49.97
533967_01556_01656_0,181.9,1,-1,-1,-1,-1,-1,-1,-1,-1,-1,-1,-1,-1,-1,-1,-1,-1,-1,-1,-1,-1,-1,-1,-1,-1,-1,-1,-1,-1,-1,-1,-1,-1,-1,-1,-1,-1,-1,-1,-1,-1,-1,-1,-1,-1,-1,-1,-1,-1,-1,-1,-1
533967_01556_01656_1,181.2,1,-1,-1,-1,-1,-1,-1,-1,-1,-1,-1,-1,-1,-1,-1,-1,-1,-1,-1,-1,-1,-1,-1,-1,-1,-1,-1,-1,-1,-1,-1,-1,-1,-1,-1,-1,-1,-1,-1,-1,-1,-1,-1,-1,-1,-1,-1,-1,-1,-1,-1,-1
533967_01556_88302_0,61.7,1,-1,-1,-1,-1,-1,-1,-1,-1,-1,-1,-1,-1,-1,-1,-1,-1,-1,-1,-1,-1,-1,-1,-1,-1,-1,-1,-1,-1,-1,-1,-1,-1,-1,-1,-1,-1,-1,-1,-1,-1,-1,-1,-1,-1,-1,-1,-1,-1,-1,-1,-1
533967_01556_88302_1,61.2,1,-1,-1,-1,-1,-1,-1,-1,-1,-1,-1,-1,-1,-1,-1,-1,-1,-1,-1,-1,-1,-1,-1,-1,-1,-1,-1,-1,-1,-1,-1,-1,-1,-1,-1,-1,-1,-1,-1,-1,-1,-1,-1,-1,-1,-1,-1,-1,-1,-1,-1,-1
533967_01602_01603_0,165.2,1,-1,-1,-1,-1,-1,-1,-1,-1,-1,-1,-1,-1,-1,-1,-1,-1,-1,-1,-1,-1,-1,-1,-1,-1,-1,-1,-1,-1,-1,-1,-1,-1,-1,-1,-1,-1,-1,-1,-1,-1,-1,-1,-1,-1,-1,-1,-1,-1,-1,-1,-1
533967_01602_01603_1,164.3,1,-1,-1,-1,-1,-1,-1,-1,-1,-1,-1,-1,-1,-1,-1,-1,-1,-1,-1,-1,-1,-1,-1,-1,-1,-1,-1,-1,-1,-1,-1,-1,-1,-1,-1,-1,-1,-1,-1,-1,-1,-1,-1,-1,-1,-1,-1,-1,-1,-1,-1,-1
533967_01602_01608_0,187.6,1,-1,-1,-1,-1,-1,-1,-1,-1,-1,-1,-1,-1,-1,-1,-1,-1,-1,-1,-1,-1,-1,-1,-1,-1,-1,-1,-1,-1,-1,-1,-1,-1,-1,-1,-1,-1,-1,-1,-1,-1,-1,-1,-1,-1,-1,-1,-1,-1,-1,-1,-1
533967_01602_01608_1,186.8,1,-1,-1,-1,-1,-1,-1,-1,-1,-1,-1,-1,-1,-1,-1,-1,-1,-1,-1,-1,-1,-1,-1,-1,-1,-1,-1,-1,-1,-1,-1,-1,-1,-1,-1,-1,-1,-1,-1,-1,-1,-1,-1,-1,-1,-1,-1,-1,-1,-1,-1,-1
533967_01603_01606_0,292.9,1,-1,-1,-1,-1,-1,-1,-1,-1,-1,-1,-1,-1,-1,-1,-1,-1,-1,-1,-1,-1,-1,-1,-1,-1,-1,-1,-1,-1,-1,-1,-1,-1,-1,-1,-1,-1,-1,-1,-1,-1,-1,-1,-1,-1,-1,-1,-1,-1,-1,-1,-1
533967_01603_01606_1,292.8,1,-1,-1,-1,-1,-1,-1,-1,-1,-1,-1,-1,-1,-1,-1,-1,-1,-1,-1,-1,-1,-1,-1,-1,-1,-1,-1,-1,-1,-1,-1,-1,-1,-1,-1,-1,-1,-1,-1,-1,-1,-1,-1,-1,-1,-1,-1,-1,-1,-1,-1,-1
533967_01603_01608_0,153.8,1,-1,-1,-1,-1,-1,-1,-1,-1,-1,-1,-1,-1,-1,-1,-1,-1,-1,-1,-1,-1,-1,-1,-1,-1,-1,-1,-1,-1,-1,-1,-1,-1,-1,-1,-1,-1,-1,-1,-1,-1,-1,-1,-1,-1,-1,-1,-1,-1,-1,-1,-1
533967_01603_01608_1,154.0,1,-1,-1,-1,-1,-1,-1,-1,-1,-1,-1,-1,-1,-1,-1,-1,-1,-1,-1,-1,-1,-1,-1,-1,-1,-1,-1,-1,-1,-1,-1,-1,-1,-1,-1,-1,-1,-1,-1,-1,-1,-1,-1,-1,-1,-1,-1,-1,-1,-1,-1,-1
533967_01604_01605_0,198.4,1,-1,-1,-1,-1,-1,-1,-1,-1,-1,-1,-1,-1,-1,-1,-1,-1,-1,-1,-1,-1,-1,-1,-1,-1,-1,-1,-1,-1,-1,-1,-1,-1,-1,-1,-1,-1,-1,-1,-1,-1,-1,-1,-1,-1,-1,-1,-1,-1,-1,-1,-1
533967_01604_01605_1,198.6,1,-1,-1,-1,-1,-1,-1,-1,-1,-1,-1,-1,-1,-1,-1,-1,-1,-1,-1,-1,-1,-1,-1,-1,-1,-1,-1,-1,-1,-1,-1,-1,-1,-1,-1,-1,-1,-1,-1,-1,-1,-1,-1,-1,-1,-1,-1,-1,-1,-1,-1,-1
533967_01604_01606_0,71.5,1,-1,-1,-1,-1,-1,-1,-1,-1,-1,-1,-1,-1,-1,-1,-1,-1,-1,-1,-1,-1,-1,-1,-1,-1,-1,-1,-1,-1,-1,-1,-1,-1,-1,-1,-1,-1,-1,-1,-1,-1,-1,-1,-1,-1,-1,-1,-1,-1,-1,-1,-1
533967_01604_01606_1,76.4,1,-1,-1,-1,-1,-1,-1,-1,-1,-1,-1,-1,-1,-1,-1,-1,-1,-1,-1,-1,-1,-1,-1,-1,-1,-1,-1,-1,-1,-1,-1,-1,-1,-1,-1,-1,-1,-1,-1,-1,-1,-1,-1,-1,-1,-1,-1,-1,-1,-1,-1,-1
533967_01605_01607_0,115.0,1,-1,-1,-1,-1,-1,-1,-1,-1,-1,-1,-1,-1,-1,-1,-1,-1,-1,-1,-1,-1,-1,-1,-1,-1,-1,-1,-1,-1,-1,-1,-1,-1,-1,-1,-1,-1,-1,-1,-1,-1,-1,-1,-1,-1,-1,-1,-1,-1,-1,-1,-1
533967_01605_01607_1,114.4,1,-1,-1,-1,-1,-1,-1,-1,-1,-1,-1,-1,-1,-1,-1,-1,-1,-1,-1,-1,-1,-1,-1,-1,-1,-1,-1,-1,-1,-1,-1,-1,-1,-1,-1,-1,-1,-1,-1,-1,-1,-1,-1,-1,-1,-1,-1,-1,-1,-1,-1,-1
533967_01606_01607_0,359.7,1,-1,-1,-1,-1,-1,-1,-1,-1,-1,-1,-1,-1,-1,-1,-1,-1,-1,-1,-1,-1,-1,-1,-1,-1,-1,-1,-1,-1,-1,-1,-1,-1,-1,-1,-1,-1,-1,-1,-1,-1,-1,-1,-1,-1,-1,-1,-1,-1,-1,-1,-1
533967_01606_01607_1,358.8,1,-1,-1,-1,-1,-1,-1,-1,-1,-1,-1,-1,-1,-1,-1,-1,-1,-1,-1,-1,-1,-1,-1,-1,-1,-1,-1,-1,-1,-1,-1,-1,-1,-1,-1,-1,-1,-1,-1,-1,-1,-1,-1,-1,-1,-1,-1,-1,-1,-1,-1,-1
533967_01606_01609_0,72.2,1,-1,-1,-1,-1,-1,-1,-1,-1,-1,-1,-1,-1,-1,-1,-1,-1,-1,-1,-1,-1,-1,-1,-1,-1,-1,-1,-1,-1,-1,-1,-1,-1,-1,-1,-1,-1,-1,-1,-1,-1,-1,-1,-1,-1,-1,-1,-1,-1,-1,-1,-1
533967_01606_01609_1,92.9,1,-1,-1,-1,-1,-1,-1,-1,-1,-1,-1,-1,-1,-1,-1,-1,-1,-1,-1,-1,-1,-1,-1,-1,-1,-1,-1,-1,-1,-1,-1,-1,-1,-1,-1,-1,-1,-1,-1,-1,-1,-1,-1,-1,-1,-1,-1,-1,-1,-1,-1,-1
533967_01654_01655_0,194.4,2,44.81,45.33,45.23,45.82,45.37,45.11,44.65,44.83,45.15,44.42,43.79,45.58,44.48,43.62,43.14,45.70,44.77,44.79,45.49,45.13,44.93,45.42,44.94,42.59,44.97,44.85,45.66,45.71,45.20,45.42,45.58,43.32,44.82,44.82,44.81,45.08,44.08,44.80,45.13,43.45,45.44,45.79,45.55,44.41,44.79,44.86,45.32,45.49,46.02,44.54,45.50
533967_01654_01658_1,105.6,2,22.76,18.32,14.97,18.01,20.69,18.27,6.38,16.15,15.82,23.32,22.21,31.21,21.41,18.88,28.89,28.66,23.61,28.26,36.80,27.16,23.93,20.80,36.79,30.92,34.41,28.74,35.45,30.29,25.31,27.49,40.53,24.28,36.61,26.53,33.05,31.39,26.13,23.74,26.02,25.88,27.64,34.21,18.83,17.48,32.16,21.56,27.59,27.73,29.78,17.16,24.34
533967_01654_01661_0,46.1,1,30.08,31.59,31.31,28.38,30.38,28.47,24.91,32.49,31.50,29.76,30.78,31.74,31.14,32.59,31.29,28.94,31.33,31.81,33.62,29.53,31.76,30.98,29.87,31.93,34.18,30.60,29.31,32.27,33.76,32.25,29.78,34.91,35.54,32.70,31.26,34.64,29.70,31.77,32.02,29.07,31.50,28.84,36.09,27.49,27.73,25.00,26.59,30.61,26.49,32.59,32.78
533967_01654_01661_1,46.0,1,27.96,33.63,29.92,33.91,25.01,26.74,9.75,22.67,28.20,21.19,25.76,34.03,30.81,28.51,26.85,33.04,39.66,27.10,35.45,32.85,35.41,26.57,31.20,30.41,29.39,36.10,40.32,28.19,34.36,33.62,35.11,33.14,24.69,37.58,31.82,32.90,29.05,30.24,24.21,29.80,35.35,29.81,22.29,39.24,28.17,33.34,28.24,34.71,35.18,29.94,28.22
533967_01656_87767_0,64.7,1,-1,-1,-1,-1,-1,-1,-1,-1,-1,-1,-1,-1,-1,-1,-1,-1,-1,-1,-1,-1,-1,-1,-1,-1,-1,-1,-1,-1,-1,-1,-1,-1,-1,-1,-1,-1,-1,-1,-1,-1,-1,-1,-1,-1,-1,-1,-1,-1,-1,-1,-1
533967_01656_87767_1,53.8,1,-1,-1,-1,-1,-1,-1,-1,-1,-1,-1,-1,-1,-1,-1,-1,-1,-1,-1,-1,-1,-1,-1,-1,-1,-1,-1,-1,-1,-1,-1,-1,-1,-1,-1,-1,-1,-1,-1,-1,-1,-1,-1,-1,-1,-1,-1,-1,-1,-1,-1,-1
533967_01658_01659_0,48.4,1,-1,-1,-1,-1,-1,-1,-1,-1,-1,-1,-1,-1,-1,-1,-1,-1,-1,-1,-1,-1,-1,-1,-1,-1,-1,-1,-1,-1,-1,-1,-1,-1,-1,-1,-1,-1,-1,-1,-1,-1,-1,-1,-1,-1,-1,-1,-1,-1,-1,-1,-1
533967_01658_01659_1,48.2,1,-1,-1,-1,-1,-1,-1,-1,-1,-1,-1,-1,-1,-1,-1,-1,-1,-1,-1,-1,-1,-1,-1,-1,-1,-1,-1,-1,-1,-1,-1,-1,-1,-1,-1,-1,-1,-1,-1,-1,-1,-1,-1,-1,-1,-1,-1,-1,-1,-1,-1,-1
533967_01659_01661_1,97.8,2,44.01,44.97,46.13,44.29,43.23,43.61,42.89,40.98,44.64,44.78,45.10,44.23,41.58,45.06,45.94,41.06,44.77,45.39,42.93,45.79,46.32,45.42,42.97,47.12,44.94,44.26,43.54,46.31,45.41,46.34,45.70,44.25,42.74,45.27,43.10,45.90,46.26,42.01,46.06,43.29,45.20,43.34,40.23,42.87,44.42,43.83,43.19,41.21,44.08,45.77,44.47
533967_01661_13315_0,66.7,1,17.92,18.55,17.81,18.13,18.10,17.94,17.11,17.85,17.96,17.79,17.74,18.19,17.76,18.15,18.62,17.93,17.92,17.99,18.24,17.60,17.33,18.14,17.66,17.94,18.00,18.34,18.01,18.22,18.18,17.87,17.57,18.22,18.26,18.71,17.76,17.76,17.81,17.65,17.88,17.78,17.90,18.19,18.15,17.59,17.46,17.43,17.81,17.68,17.69,18.17,21.37
533967_01661_13315_1,82.2,1,5.49,5.58,5.57,4.72,6.24,4.88,5.38,4.86,3.97,4.12,3.68,5.44,6.54,5.25,5.98,5.93,5.76,5.28,5.54,4.95,7.42,5.86,7.26,5.61,5.06,6.07,5.39,5.02,7.34,6.40,6.75,6.23,5.32,5.08,6.45,7.77,5.68,5.81,6.61,6.79,6.18,6.51,5.95,5.98,5.91,6.29,5.86,6.54,5.91,5.53,7.17
533967_10598_11494_0,47.8,1,57.38,57.38,57.38,57.38,57.38,57.38,57.38,57.38,57.38,57.38,57.38,57.38,57.38,57.38,57.38,57.38,57.38,57.38,57.38,57.38,57.38,57.38,57.38,57.38,57.38,57.38,57.38,57.38,57.38,57.38,57.38,57.38,57.38,57.38,57.38,57.38,57.38,57.38,57.38,57.38,57.38,57.38,57.38,57.38,57.38,57.38,57.38,57.38,57.38,57.38,57.38
533967_10598_11494_1,42.4,1,48.90,48.20,44.02,49.83,49.23,48.56,49.40,50.10,49.81,48.39,-1,43.61,47.36,47.69,49.50,47.07,45.79,-1,47.36,45.79,49.00,49.50,44.89,49.23,43.61,50.04,50.87,48.56,50.87,48.37,48.20,48.45,38.15,-1,50.87,48.84,49.38,50.87,50.87,50.04,50.87,49.89,50.87,49.95,50.23,49.13,49.06,47.97,49.23,47.97,49.95
533967_10598_13108_0,42.6,1,49.32,47.63,51.16,50.12,49.51,48.84,49.66,48.94,48.74,49.88,-1,51.16,51.16,48.73,48.47,48.24,51.16,-1,51.16,51.16,48.73,48.67,51.16,47.96,51.16,50.32,48.47,48.84,51.16,50.58,51.16,48.73,51.16,-1,51.16,49.12,51.16,38.37,49.12,48.60,48.67,48.32,47.23,50.23,48.08,49.41,49.93,48.24,48.73,49.18,50.69
533967_10598_13108_1,42.6,1,51.09,51.09,51.09,51.09,51.09,51.09,51.09,51.09,51.09,51.09,51.09,51.09,51.09,51.09,51.09,51.09,51.09,51.09,51.09,51.09,51.09,51.09,51.09,51.09,51.09,51.09,51.09,51.09,51.09,51.09,51.09,51.09,51.09,51.09,51.09,51.09,51.09,51.09,51.09,51.09,51.09,51.09,51.09,51.09,51.09,51.09,51.09,51.09,51.09,51.09,51.09
533967_11501_11503_0,136.8,1,29.71,30.77,30.33,29.89,29.76,29.66,29.99,29.89,29.66,29.75,29.92,29.84,29.65,29.84,29.65,29.56,29.64,29.67,29.63,29.56,29.60,29.63,29.64,29.66,29.63,29.70,29.60,29.81,29.56,29.57,29.61,29.69,29.75,29.77,29.88,29.74,29.85,29.61,29.86,29.55,29.71,29.68,29.66,29.69,30.08,29.65,29.70,29.53,29.76,29.77,29.70
533967_11501_11503_1,136.0,1,30.20,30.36,30.22,30.37,30.16,30.20,30.32,30.21,30.18,28.78,30.18,30.19,30.13,30.21,30.28,30.37,30.18,30.24,30.27,30.25,30.23,30.43,30.46,30.13,30.31,30.26,30.45,30.33,30.28,30.19,30.50,30.39,30.25,30.36,30.21,30.35,30.29,30.30,30.50,30.38,30.21,30.16,30.14,30.17,30.08,30.31,30.33,30.30,30.38,30.21,30.28
533967_11501_11504_0,178.1,1,24.98,28.26,27.87,29.27,27.39,27.85,26.51,20.83,19.64,9.74,16.22,24.59,29.50,25.19,28.35,26.47,29.07,29.23,29.33,28.68,29.07,29.25,29.29,29.50,27.60,29.41,29.27,29.33,29.35,24.12,29.20,29.35,28.99,29.44,29.49,29.30,29.44,29.23,29.23,29.32,27.05,24.72,27.55,23.21,29.24,28.86,29.34,24.72,27.91,27.61,29.48
533967_11501_11504_1,178.9,1,30.06,29.28,29.59,29.96,29.56,30.10,29.84,29.92,30.06,30.02,29.90,29.96,30.10,29.93,30.16,30.19,30.10,30.07,30.14,30.18,30.13,30.12,30.12,30.10,30.12,30.05,30.17,29.99,30.18,30.15,30.16,30.07,30.03,30.04,29.92,30.05,29.92,30.14,29.93,30.17,30.06,30.09,30.09,30.08,29.73,30.11,30.06,30.18,30.03,30.01,30.08
533967_11505_85937_0,41.7,1,-1,-1,-1,-1,-1,-1,-1,-1,-1,-1,-1,-1,-1,-1,-1,-1,-1,-1,-1,-1,-1,-1,-1,-1,-1,-1,-1,-1,-1,-1,-1,-1,-1,-1,-1,-1,-1,-1,-1,-1,-1,-1,-1,-1,-1,-1,-1,-1,-1,-1,-1
533967_11505_85937_1,62.4,1,-1,-1,-1,-1,-1,-1,-1,-1,-1,-1,-1,-1,-1,-1,-1,-1,-1,-1,-1,-1,-1,-1,-1,-1,-1,-1,-1,-1,-1,-1,-1,-1,-1,-1,-1,-1,-1,-1,-1,-1,-1,-1,-1,-1,-1,-1,-1,-1,-1,-1,-1
533967_11513_88894_0,353.5,1,-1,-1,-1,-1,-1,-1,-1,-1,-1,-1,-1,-1,-1,-1,-1,-1,-1,-1,-1,-1,-1,-1,-1,-1,-1,-1,-1,-1,-1,-1,-1,-1,-1,-1,-1,-1,-1,-1,-1,-1,-1,-1,-1,-1,-1,-1,-1,-1,-1,-1,-1
533967_11513_88894_1,356.5,1,-1,-1,-1,-1,-1,-1,-1,-1,-1,-1,-1,-1,-1,-1,-1,-1,-1,-1,-1,-1,-1,-1,-1,-1,-1,-1,-1,-1,-1,-1,-1,-1,-1,-1,-1,-1,-1,-1,-1,-1,-1,-1,-1,-1,-1,-1,-1,-1,-1,-1,-1
533967_11518_13596_0,255.6,1,-1,-1,-1,-1,-1,-1,-1,-1,-1,-1,-1,-1,-1,-1,-1,-1,-1,-1,-1,-1,-1,-1,-1,-1,-1,-1,-1,-1,-1,-1,-1,-1,-1,-1,-1,-1,-1,-1,-1,-1,-1,-1,-1,-1,-1,-1,-1,-1,-1,-1,-1
533967_11518_13596_1,276.1,1,-1,-1,-1,-1,-1,-1,-1,-1,-1,-1,-1,-1,-1,-1,-1,-1,-1,-1,-1,-1,-1,-1,-1,-1,-1,-1,-1,-1,-1,-1,-1,-1,-1,-1,-1,-1,-1,-1,-1,-1,-1,-1,-1,-1,-1,-1,-1,-1,-1,-1,-1
533967_12969_87770_0,436.6,1,-1,-1,-1,-1,-1,-1,-1,-1,-1,-1,-1,-1,-1,-1,-1,-1,-1,-1,-1,-1,-1,-1,-1,-1,-1,-1,-1,-1,-1,-1,-1,-1,-1,-1,-1,-1,-1,-1,-1,-1,-1,-1,-1,-1,-1,-1,-1,-1,-1,-1,-1
533967_12969_87770_1,439.1,1,-1,-1,-1,-1,-1,-1,-1,-1,-1,-1,-1,-1,-1,-1,-1,-1,-1,-1,-1,-1,-1,-1,-1,-1,-1,-1,-1,-1,-1,-1,-1,-1,-1,-1,-1,-1,-1,-1,-1,-1,-1,-1,-1,-1,-1,-1,-1,-1,-1,-1,-1
533967_13107_13108_0,153.4,1,49.95,49.56,49.80,49.64,49.90,50.22,49.87,49.79,49.95,49.95,50.07,49.79,50.01,49.96,50.22,50.10,50.22,49.68,49.68,50.01,49.82,49.80,50.22,50.22,50.22,49.98,50.22,49.74,49.80,49.89,50.22,49.74,49.76,50.05,50.22,49.96,50.22,49.89,50.22,50.07,50.22,49.82,50.22,49.59,50.06,49.98,50.22,49.73,50.22,50.22,49.99
533967_13107_13108_1,138.9,1,45.45,45.45,45.45,45.45,45.45,45.45,45.45,45.45,45.45,45.45,-1,45.45,45.45,45.45,45.45,45.45,45.45,-1,45.45,45.45,45.45,45.45,45.45,45.45,45.45,45.45,45.45,45.45,45.45,45.45,45.45,45.45,45.45,-1,45.45,45.45,45.45,45.45,45.45,45.45,45.45,45.45,45.45,45.45,45.45,45.45,45.45,45.45,45.45,45.45,45.45
533967_13308_88665_0,50.0,1,-1,-1,-1,-1,-1,-1,-1,-1,-1,-1,-1,-1,-1,-1,-1,-1,-1,-1,-1,-1,-1,-1,-1,-1,-1,-1,-1,-1,-1,-1,-1,-1,-1,-1,-1,-1,-1,-1,-1,-1,-1,-1,-1,-1,-1,-1,-1,-1,-1,-1,-1
533967_13308_88665_1,57.7,1,-1,-1,-1,-1,-1,-1,-1,-1,-1,-1,-1,-1,-1,-1,-1,-1,-1,-1,-1,-1,-1,-1,-1,-1,-1,-1,-1,-1,-1,-1,-1,-1,-1,-1,-1,-1,-1,-1,-1,-1,-1,-1,-1,-1,-1,-1,-1,-1,-1,-1,-1
533967_13715_72472_0,105.6,1,-1,-1,-1,-1,-1,-1,-1,-1,-1,-1,-1,-1,-1,-1,-1,-1,-1,-1,-1,-1,-1,-1,-1,-1,-1,-1,-1,-1,-1,-1,-1,-1,-1,-1,-1,-1,-1,-1,-1,-1,-1,-1,-1,-1,-1,-1,-1,-1,-1,-1,-1
533967_13715_72472_1,113.1,1,-1,-1,-1,-1,-1,-1,-1,-1,-1,-1,-1,-1,-1,-1,-1,-1,-1,-1,-1,-1,-1,-1,-1,-1,-1,-1,-1,-1,-1,-1,-1,-1,-1,-1,-1,-1,-1,-1,-1,-1,-1,-1,-1,-1,-1,-1,-1,-1,-1,-1,-1
533967_13844_14155_1,333.3,2,47.99,48.00,48.00,48.00,48.00,48.00,48.00,48.00,48.00,48.00,48.00,48.00,48.00,48.00,48.00,48.00,48.00,48.00,47.98,47.99,48.00,47.99,48.00,47.96,48.00,48.00,47.99,47.98,47.98,47.98,48.00,48.00,48.00,47.98,48.00,48.00,47.98,48.00,47.98,48.00,48.00,48.00,48.00,47.97,47.99,48.00,48.00,47.96,47.98,48.00,48.00
533967_13891_14021_0,238.7,1,47.58,50.48,49.97,50.55,50.30,50.30,50.30,31.78,49.09,49.88,29.69,44.69,49.88,50.12,50.17,49.09,47.17,49.04,50.55,49.85,50.17,49.56,50.17,50.45,50.38,50.26,50.20,50.45,49.99,50.55,49.90,50.25,50.38,50.32,50.30,50.02,49.62,50.38,50.48,50.31,50.49,49.54,49.84,33.72,50.33,50.31,50.33,50.24,50.22,50.55,50.46
533967_13891_14021_1,242.1,1,50.00,50.37,49.34,49.19,50.10,49.94,49.90,50.05,49.73,49.86,49.98,49.68,50.00,50.15,49.91,50.03,49.88,49.81,49.73,50.10,49.92,49.95,50.02,50.08,49.83,50.46,49.98,50.21,49.78,49.77,49.88,50.28,49.72,50.57,50.20,50.38,49.94,50.12,49.94,50.07,49.97,50.00,49.65,50.14,50.21,49.77,49.81,50.22,50.37,50.13,50.02
533967_13891_72276_0,143.0,1,-1,-1,-1,-1,-1,-1,-1,-1,-1,-1,-1,-1,-1,-1,-1,-1,-1,-1,-1,-1,-1,-1,-1,-1,-1,-1,-1,-1,-1,-1,-1,-1,-1,-1,-1,-1,-1,-1,-1,-1,-1,-1,-1,-1,-1,-1,-1,-1,-1,-1,-1
533967_13891_72276_1,142.7,1,-1,-1,-1,-1,-1,-1,-1,-1,-1,-1,-1,-1,-1,-1,-1,-1,-1,-1,-1,-1,-1,-1,-1,-1,-1,-1,-1,-1,-1,-1,-1,-1,-1,-1,-1,-1,-1,-1,-1,-1,-1,-1,-1,-1,-1,-1,-1,-1,-1,-1,-1
533967_14017_14018_0,200.9,1,46.35,51.17,51.66,51.66,51.20,49.52,51.47,50.62,35.00,16.10,40.95,51.03,50.83,51.60,51.00,51.46,51.28,51.45,51.58,51.27,51.19,51.66,51.48,51.46,50.59,51.35,51.66,51.45,51.58,51.66,51.46,51.66,51.66,51.58,51.49,51.02,51.57,50.59,51.30,51.17,51.53,50.75,50.85,51.42,51.12,51.06,50.98,50.81,51.60,51.52,51.66
533967_14017_14018_1,200.6,1,49.86,49.78,49.89,49.98,49.83,49.94,50.01,50.08,49.94,49.96,49.72,49.80,49.58,49.57,49.44,49.76,50.00,49.69,49.77,50.02,49.73,50.22,49.73,50.25,50.03,49.71,50.18,49.67,49.74,49.99,49.69,49.35,49.89,49.70,49.95,49.64,49.91,50.18,49.95,49.91,49.68,49.32,49.80,49.75,50.01,50.20,50.13,50.02,49.56,49.69,49.90
533967_14021_88656_0,220.4,1,-1,-1,-1,-1,-1,-1,-1,-1,-1,-1,-1,-1,-1,-1,-1,-1,-1,-1,-1,-1,-1,-1,-1,-1,-1,-1,-1,-1,-1,-1,-1,-1,-1,-1,-1,-1,-1,-1,-1,-1,-1,-1,-1,-1,-1,-1,-1,-1,-1,-1,-1
533967_14021_88656_1,228.5,1,-1,-1,-1,-1,-1,-1,-1,-1,-1,-1,-1,-1,-1,-1,-1,-1,-1,-1,-1,-1,-1,-1,-1,-1,-1,-1,-1,-1,-1,-1,-1,-1,-1,-1,-1,-1,-1,-1,-1,-1,-1,-1,-1,-1,-1,-1,-1,-1,-1,-1,-1
533967_14156_88894_0,321.0,1,-1,-1,-1,-1,-1,-1,-1,-1,-1,-1,-1,-1,-1,-1,-1,-1,-1,-1,-1,-1,-1,-1,-1,-1,-1,-1,-1,-1,-1,-1,-1,-1,-1,-1,-1,-1,-1,-1,-1,-1,-1,-1,-1,-1,-1,-1,-1,-1,-1,-1,-1
533967_14156_88894_1,322.5,1,-1,-1,-1,-1,-1,-1,-1,-1,-1,-1,-1,-1,-1,-1,-1,-1,-1,-1,-1,-1,-1,-1,-1,-1,-1,-1,-1,-1,-1,-1,-1,-1,-1,-1,-1,-1,-1,-1,-1,-1,-1,-1,-1,-1,-1,-1,-1,-1,-1,-1,-1
533967_72276_88656_0,311.9,1,-1,-1,-1,-1,-1,-1,-1,-1,-1,-1,-1,-1,-1,-1,-1,-1,-1,-1,-1,-1,-1,-1,-1,-1,-1,-1,-1,-1,-1,-1,-1,-1,-1,-1,-1,-1,-1,-1,-1,-1,-1,-1,-1,-1,-1,-1,-1,-1,-1,-1,-1
533967_72276_88656_1,326.1,1,-1,-1,-1,-1,-1,-1,-1,-1,-1,-1,-1,-1,-1,-1,-1,-1,-1,-1,-1,-1,-1,-1,-1,-1,-1,-1,-1,-1,-1,-1,-1,-1,-1,-1,-1,-1,-1,-1,-1,-1,-1,-1,-1,-1,-1,-1,-1,-1,-1,-1,-1
533967_74224_88894_0,308.9,1,-1,-1,-1,-1,-1,-1,-1,-1,-1,-1,-1,-1,-1,-1,-1,-1,-1,-1,-1,-1,-1,-1,-1,-1,-1,-1,-1,-1,-1,-1,-1,-1,-1,-1,-1,-1,-1,-1,-1,-1,-1,-1,-1,-1,-1,-1,-1,-1,-1,-1,-1
533967_74224_88894_1,288.9,1,-1,-1,-1,-1,-1,-1,-1,-1,-1,-1,-1,-1,-1,-1,-1,-1,-1,-1,-1,-1,-1,-1,-1,-1,-1,-1,-1,-1,-1,-1,-1,-1,-1,-1,-1,-1,-1,-1,-1,-1,-1,-1,-1,-1,-1,-1,-1,-1,-1,-1,-1
533967_87767_87768_0,126.3,1,-1,-1,-1,-1,-1,-1,-1,-1,-1,-1,-1,-1,-1,-1,-1,-1,-1,-1,-1,-1,-1,-1,-1,-1,-1,-1,-1,-1,-1,-1,-1,-1,-1,-1,-1,-1,-1,-1,-1,-1,-1,-1,-1,-1,-1,-1,-1,-1,-1,-1,-1
533967_87767_87768_1,125.3,1,-1,-1,-1,-1,-1,-1,-1,-1,-1,-1,-1,-1,-1,-1,-1,-1,-1,-1,-1,-1,-1,-1,-1,-1,-1,-1,-1,-1,-1,-1,-1,-1,-1,-1,-1,-1,-1,-1,-1,-1,-1,-1,-1,-1,-1,-1,-1,-1,-1,-1,-1
533967_87767_88200_0,38.5,1,-1,-1,-1,-1,-1,-1,-1,-1,-1,-1,-1,-1,-1,-1,-1,-1,-1,-1,-1,-1,-1,-1,-1,-1,-1,-1,-1,-1,-1,-1,-1,-1,-1,-1,-1,-1,-1,-1,-1,-1,-1,-1,-1,-1,-1,-1,-1,-1,-1,-1,-1
533967_87767_88200_1,43.3,1,-1,-1,-1,-1,-1,-1,-1,-1,-1,-1,-1,-1,-1,-1,-1,-1,-1,-1,-1,-1,-1,-1,-1,-1,-1,-1,-1,-1,-1,-1,-1,-1,-1,-1,-1,-1,-1,-1,-1,-1,-1,-1,-1,-1,-1,-1,-1,-1,-1,-1,-1
533967_87768_88199_0,62.3,1,-1,-1,-1,-1,-1,-1,-1,-1,-1,-1,-1,-1,-1,-1,-1,-1,-1,-1,-1,-1,-1,-1,-1,-1,-1,-1,-1,-1,-1,-1,-1,-1,-1,-1,-1,-1,-1,-1,-1,-1,-1,-1,-1,-1,-1,-1,-1,-1,-1,-1,-1
533967_87768_88199_1,62.2,1,-1,-1,-1,-1,-1,-1,-1,-1,-1,-1,-1,-1,-1,-1,-1,-1,-1,-1,-1,-1,-1,-1,-1,-1,-1,-1,-1,-1,-1,-1,-1,-1,-1,-1,-1,-1,-1,-1,-1,-1,-1,-1,-1,-1,-1,-1,-1,-1,-1,-1,-1
533967_87769_87770_0,117.5,1,-1,-1,-1,-1,-1,-1,-1,-1,-1,-1,-1,-1,-1,-1,-1,-1,-1,-1,-1,-1,-1,-1,-1,-1,-1,-1,-1,-1,-1,-1,-1,-1,-1,-1,-1,-1,-1,-1,-1,-1,-1,-1,-1,-1,-1,-1,-1,-1,-1,-1,-1
533967_87769_87770_1,97.2,1,-1,-1,-1,-1,-1,-1,-1,-1,-1,-1,-1,-1,-1,-1,-1,-1,-1,-1,-1,-1,-1,-1,-1,-1,-1,-1,-1,-1,-1,-1,-1,-1,-1,-1,-1,-1,-1,-1,-1,-1,-1,-1,-1,-1,-1,-1,-1,-1,-1,-1,-1
533967_88199_88200_0,120.4,1,-1,-1,-1,-1,-1,-1,-1,-1,-1,-1,-1,-1,-1,-1,-1,-1,-1,-1,-1,-1,-1,-1,-1,-1,-1,-1,-1,-1,-1,-1,-1,-1,-1,-1,-1,-1,-1,-1,-1,-1,-1,-1,-1,-1,-1,-1,-1,-1,-1,-1,-1
533967_88199_88200_1,120.8,1,-1,-1,-1,-1,-1,-1,-1,-1,-1,-1,-1,-1,-1,-1,-1,-1,-1,-1,-1,-1,-1,-1,-1,-1,-1,-1,-1,-1,-1,-1,-1,-1,-1,-1,-1,-1,-1,-1,-1,-1,-1,-1,-1,-1,-1,-1,-1,-1,-1,-1,-1
533967_88199_88201_0,56.6,1,-1,-1,-1,-1,-1,-1,-1,-1,-1,-1,-1,-1,-1,-1,-1,-1,-1,-1,-1,-1,-1,-1,-1,-1,-1,-1,-1,-1,-1,-1,-1,-1,-1,-1,-1,-1,-1,-1,-1,-1,-1,-1,-1,-1,-1,-1,-1,-1,-1,-1,-1
533967_88199_88201_1,56.3,1,-1,-1,-1,-1,-1,-1,-1,-1,-1,-1,-1,-1,-1,-1,-1,-1,-1,-1,-1,-1,-1,-1,-1,-1,-1,-1,-1,-1,-1,-1,-1,-1,-1,-1,-1,-1,-1,-1,-1,-1,-1,-1,-1,-1,-1,-1,-1,-1,-1,-1,-1
533967_88200_88202_0,56.0,1,-1,-1,-1,-1,-1,-1,-1,-1,-1,-1,-1,-1,-1,-1,-1,-1,-1,-1,-1,-1,-1,-1,-1,-1,-1,-1,-1,-1,-1,-1,-1,-1,-1,-1,-1,-1,-1,-1,-1,-1,-1,-1,-1,-1,-1,-1,-1,-1,-1,-1,-1
533967_88200_88202_1,56.8,1,-1,-1,-1,-1,-1,-1,-1,-1,-1,-1,-1,-1,-1,-1,-1,-1,-1,-1,-1,-1,-1,-1,-1,-1,-1,-1,-1,-1,-1,-1,-1,-1,-1,-1,-1,-1,-1,-1,-1,-1,-1,-1,-1,-1,-1,-1,-1,-1,-1,-1,-1
533967_88201_88203_0,128.4,1,-1,-1,-1,-1,-1,-1,-1,-1,-1,-1,-1,-1,-1,-1,-1,-1,-1,-1,-1,-1,-1,-1,-1,-1,-1,-1,-1,-1,-1,-1,-1,-1,-1,-1,-1,-1,-1,-1,-1,-1,-1,-1,-1,-1,-1,-1,-1,-1,-1,-1,-1
533967_88201_88203_1,128.3,1,-1,-1,-1,-1,-1,-1,-1,-1,-1,-1,-1,-1,-1,-1,-1,-1,-1,-1,-1,-1,-1,-1,-1,-1,-1,-1,-1,-1,-1,-1,-1,-1,-1,-1,-1,-1,-1,-1,-1,-1,-1,-1,-1,-1,-1,-1,-1,-1,-1,-1,-1
533967_88201_88204_0,86.7,1,-1,-1,-1,-1,-1,-1,-1,-1,-1,-1,-1,-1,-1,-1,-1,-1,-1,-1,-1,-1,-1,-1,-1,-1,-1,-1,-1,-1,-1,-1,-1,-1,-1,-1,-1,-1,-1,-1,-1,-1,-1,-1,-1,-1,-1,-1,-1,-1,-1,-1,-1
533967_88201_88204_1,87.4,1,-1,-1,-1,-1,-1,-1,-1,-1,-1,-1,-1,-1,-1,-1,-1,-1,-1,-1,-1,-1,-1,-1,-1,-1,-1,-1,-1,-1,-1,-1,-1,-1,-1,-1,-1,-1,-1,-1,-1,-1,-1,-1,-1,-1,-1,-1,-1,-1,-1,-1,-1
533967_88202_88204_0,56.8,1,-1,-1,-1,-1,-1,-1,-1,-1,-1,-1,-1,-1,-1,-1,-1,-1,-1,-1,-1,-1,-1,-1,-1,-1,-1,-1,-1,-1,-1,-1,-1,-1,-1,-1,-1,-1,-1,-1,-1,-1,-1,-1,-1,-1,-1,-1,-1,-1,-1,-1,-1
533967_88202_88204_1,56.8,1,-1,-1,-1,-1,-1,-1,-1,-1,-1,-1,-1,-1,-1,-1,-1,-1,-1,-1,-1,-1,-1,-1,-1,-1,-1,-1,-1,-1,-1,-1,-1,-1,-1,-1,-1,-1,-1,-1,-1,-1,-1,-1,-1,-1,-1,-1,-1,-1,-1,-1,-1
533967_88202_88302_0,96.4,1,-1,-1,-1,-1,-1,-1,-1,-1,-1,-1,-1,-1,-1,-1,-1,-1,-1,-1,-1,-1,-1,-1,-1,-1,-1,-1,-1,-1,-1,-1,-1,-1,-1,-1,-1,-1,-1,-1,-1,-1,-1,-1,-1,-1,-1,-1,-1,-1,-1,-1,-1
533967_88202_88302_1,95.6,1,-1,-1,-1,-1,-1,-1,-1,-1,-1,-1,-1,-1,-1,-1,-1,-1,-1,-1,-1,-1,-1,-1,-1,-1,-1,-1,-1,-1,-1,-1,-1,-1,-1,-1,-1,-1,-1,-1,-1,-1,-1,-1,-1,-1,-1,-1,-1,-1,-1,-1,-1
533967_88203_88204_0,84.6,1,-1,-1,-1,-1,-1,-1,-1,-1,-1,-1,-1,-1,-1,-1,-1,-1,-1,-1,-1,-1,-1,-1,-1,-1,-1,-1,-1,-1,-1,-1,-1,-1,-1,-1,-1,-1,-1,-1,-1,-1,-1,-1,-1,-1,-1,-1,-1,-1,-1,-1,-1
533967_88203_88204_1,85.3,1,-1,-1,-1,-1,-1,-1,-1,-1,-1,-1,-1,-1,-1,-1,-1,-1,-1,-1,-1,-1,-1,-1,-1,-1,-1,-1,-1,-1,-1,-1,-1,-1,-1,-1,-1,-1,-1,-1,-1,-1,-1,-1,-1,-1,-1,-1,-1,-1,-1,-1,-1
533967_88203_88302_0,58.8,1,-1,-1,-1,-1,-1,-1,-1,-1,-1,-1,-1,-1,-1,-1,-1,-1,-1,-1,-1,-1,-1,-1,-1,-1,-1,-1,-1,-1,-1,-1,-1,-1,-1,-1,-1,-1,-1,-1,-1,-1,-1,-1,-1,-1,-1,-1,-1,-1,-1,-1,-1
533967_88203_88302_1,58.8,1,-1,-1,-1,-1,-1,-1,-1,-1,-1,-1,-1,-1,-1,-1,-1,-1,-1,-1,-1,-1,-1,-1,-1,-1,-1,-1,-1,-1,-1,-1,-1,-1,-1,-1,-1,-1,-1,-1,-1,-1,-1,-1,-1,-1,-1,-1,-1,-1,-1,-1,-1
I_11_0129024139429,172.6,1,29.51,29.58,29.58,29.36,29.63,29.61,29.68,29.72,29.77,29.57,29.74,29.36,29.60,29.37,29.58,29.45,29.60,29.61,29.67,29.60,29.43,29.82,29.45,29.53,29.74,29.60,29.43,29.31,29.60,29.34,29.66,29.72,29.58,29.27,29.33,29.41,29.39,28.52,28.99,29.39,29.66,29.22,29.54,29.58,29.38,29.43,29.48,29.55,29.55,29.61,29.55
I_11_0129024139444,339.7,1,49.78,49.68,49.67,49.91,49.87,49.83,49.85,49.72,49.87,49.69,49.91,49.72,49.89,49.87,49.88,49.84,49.49,49.74,49.74,49.67,49.87,49.91,49.60,49.63,49.81,49.75,49.91,49.74,49.71,49.52,49.67,49.58,49.85,49.68,49.80,49.80,49.76,49.85,49.91,49.89,49.83,49.49,49.75,49.85,49.53,49.87,49.87,49.85,49.79,49.72,49.71
I_11_0129024146232,339.2,1,29.98,29.96,30.01,29.98,29.98,29.98,30.00,30.00,30.02,29.96,30.00,29.94,29.97,29.98,29.94,29.95,29.94,30.03,29.95,29.95,30.05,29.99,29.98,29.90,29.98,29.95,29.98,29.99,29.93,29.92,29.94,29.96,29.97,29.93,30.02,29.98,29.98,29.97,30.01,29.98,30.00,30.04,29.96,29.93,30.00,30.01,29.96,29.96,30.03,29.98,30.05
I_11_0129024146246,161.8,1,47.01,48.53,49.12,48.87,48.29,47.97,47.29,48.18,46.80,45.50,46.26,46.91,46.98,46.98,48.15,46.56,46.35,45.65,48.22,47.88,46.68,46.33,47.27,47.36,47.17,46.97,46.78,47.69,46.34,47.34,45.84,48.39,46.45,47.22,46.91,46.45,46.88,47.10,46.40,47.20,48.64,49.04,46.78,45.27,45.39,46.87,46.95,47.15,45.53,47.07,47.30
I_11_0804143920985,118.2,1,19.47,20.27,19.75,19.90,19.82,19.77,19.90,19.80,19.58,20.09,19.93,19.97,20.03,19.91,19.84,15.03,12.22,20.27,19.90,19.77,19.60,19.69,19.59,19.83,19.87,19.99,19.58,19.80,19.92,19.85,19.78,19.58,19.84,19.89,19.60,20.01,19.69,19.73,19.82,19.70,19.51,19.50,19.47,19.35,19.68,19.61,19.61,19.47,19.80,19.83,19.67
I_11_0804143921001,119.1,1,-1,-1,-1,-1,-1,-1,-1,-1,-1,-1,-1,-1,-1,-1,-1,-1,-1,-1,-1,-1,-1,-1,-1,-1,-1,-1,-1,-1,-1,-1,-1,-1,-1,-1,-1,-1,-1,-1,-1,-1,-1,-1,-1,-1,-1,-1,-1,-1,-1,-1,-1
I_11_533967_-00001533967_00539,76.2,1,4.88,7.10,6.29,5.73,5.10,6.15,6.25,5.34,5.89,6.98,5.74,5.93,5.14,6.32,5.39,6.63,6.67,5.02,5.80,4.12,5.60,5.97,5.46,3.60,5.11,3.42,5.58,6.39,4.75,5.06,5.36,4.84,6.11,4.79,5.61,3.98,5.17,4.00,4.73,3.10,3.36,4.87,5.37,5.84,5.40,3.23,4.87,5.28,4.24,5.19,5.30
I_11_533967_-00001_533967_-00005,34.8,1,-1,-1,-1,-1,-1,-1,-1,-1,-1,-1,-1,-1,-1,-1,-1,-1,-1,-1,-1,-1,-1,-1,-1,-1,-1,-1,-1,-1,-1,-1,-1,-1,-1,-1,-1,-1,-1,-1,-1,-1,-1,-1,-1,-1,-1,-1,-1,-1,-1,-1,-1
I_11_533967_-00005_533967_-00006,36.0,1,-1,-1,-1,-1,-1,-1,-1,-1,-1,-1,-1,-1,-1,-1,-1,-1,-1,-1,-1,-1,-1,-1,-1,-1,-1,-1,-1,-1,-1,-1,-1,-1,-1,-1,-1,-1,-1,-1,-1,-1,-1,-1,-1,-1,-1,-1,-1,-1,-1,-1,-1
I_11_533967_-00006_533967_-00001,35.7,1,21.68,42.83,42.83,42.83,-1,42.83,42.83,42.83,42.83,42.83,42.83,41.45,40.15,35.69,27.26,40.31,36.07,38.07,37.79,7.37,33.10,26.45,34.16,12.94,41.12,12.43,41.57,40.48,31.30,30.70,35.98,40.15,39.38,19.04,34.59,17.19,27.36,19.70,39.01,8.54,5.53,35.58,42.01,36.71,40.27,17.36,42.83,36.71,35.04,42.83,37.96
I_11_533967_-00008_533967_-00009,180.6,1,46.13,-1,-1,-1,-1,-1,-1,46.43,46.43,46.43,44.83,46.43,43.33,46.43,46.43,46.43,46.43,46.43,-1,-1,-1,46.43,-1,-1,-1,46.43,-1,-1,-1,-1,46.43,-1,-1,-1,46.43,-1,-1,-1,46.43,-1,-1,-1,46.43,46.43,46.43,46.43,46.43,-1,45.35,46.43,-1
I_11_533967_-00009_533967_-00008,200.8,1,51.52,-1,-1,-1,-1,-1,-1,55.60,55.60,55.60,55.60,55.60,55.60,51.63,-1,55.60,55.60,51.63,51.63,-1,-1,-1,46.64,-1,-1,-1,55.60,-1,-1,-1,55.60,-1,-1,-1,55.60,-1,-1,-1,48.19,-1,-1,-1,55.60,55.60,40.16,35.26,48.19,53.54,55.60,55.60,55.60
I_11_533967_00539_533967_-00001,78.9,1,23.93,24.93,24.64,25.22,24.97,23.41,22.05,23.60,22.83,22.89,24.04,24.16,22.34,23.67,24.48,23.54,23.27,24.59,24.11,24.71,24.71,24.75,24.81,24.83,24.90,24.41,25.02,24.69,24.87,25.20,25.34,25.05,24.99,25.84,25.20,23.28,24.95,25.59,25.51,24.26,25.34,23.68,25.37,24.36,24.71,25.84,25.62,25.51,25.37,25.84,25.84
I_11_533967_00937533967_01269,117.5,2,46.30,47.56,48.48,49.06,45.91,48.60,46.68,47.27,49.78,47.01,45.09,46.59,47.97,47.84,46.58,47.18,45.33,45.51,45.88,47.21,46.57,44.35,46.93,47.31,44.00,47.33,46.56,44.44,47.25,46.17,47.73,47.84,47.01,46.19,45.33,44.25,47.26,41.28,44.80,43.16,45.32,43.14,46.58,49.51,45.53,48.74,45.81,45.46,48.17,44.59,46.66
I_11_533967_00937533967_01406,145.2,2,40.57,29.66,41.41,39.49,45.46,42.13,48.16,28.52,40.85,42.90,43.45,39.51,40.59,37.59,46.32,44.29,41.28,44.06,43.46,40.65,38.92,42.83,44.95,35.23,36.58,46.61,45.42,47.00,46.96,42.79,38.98,38.12,45.60,44.70,41.42,44.84,40.22,40.01,38.88,35.44,42.18,40.80,42.02,41.30,42.39,38.36,45.52,35.51,32.14,46.59,43.68
I_11_533967_00937533967_01657,199.1,2,19.87,23.22,23.19,22.24,27.73,22.50,23.61,26.37,19.26,21.04,19.11,18.76,19.85,22.17,19.47,21.11,18.86,21.37,17.04,19.75,18.34,21.30,19.34,21.41,20.76,16.87,22.42,20.28,20.32,19.22,18.25,19.88,17.59,20.99,22.07,17.39,18.11,21.02,22.52,19.92,29.74,21.89,21.60,14.08,19.59,17.39,19.32,18.38,16.19,17.93,16.14
I_11_533967_00939533967_01485,284.3,2,20.80,27.57,29.83,21.44,23.58,26.27,22.29,19.52,22.45,20.80,25.50,20.03,26.97,21.91,22.74,22.66,24.02,19.39,22.00,22.96,21.35,23.56,22.38,20.52,22.24,23.73,22.35,20.74,21.00,24.02,21.86,25.21,21.28,20.42,22.29,8.75,15.22,22.06,23.95,20.14,16.65,14.58,19.28,24.34,22.21,20.79,22.15,20.15,23.38,23.75,22.06
I_11_533967_00977533967_00978,313.2,2,39.43,39.57,39.69,39.49,39.17,39.13,39.04,38.84,39.14,39.45,38.98,39.68,39.53,39.84,39.75,39.64,38.96,39.45,38.57,39.52,40.16,38.33,40.11,39.22,39.53,37.10,39.71,39.97,39.94,39.76,39.58,39.42,40.06,39.57,39.30,39.84,39.47,39.86,39.24,39.99,39.03,39.29,39.65,39.65,39.28,39.57,39.95,39.78,39.79,39.87,39.70
I_11_533967_00977533967_01421,228.5,2,34.38,47.12,46.35,46.71,43.54,43.82,45.35,44.88,44.73,38.98,41.36,43.95,45.46,43.68,22.85,10.64,7.53,34.79,42.22,38.76,38.34,44.61,45.45,43.48,43.86,45.06,41.07,42.68,44.44,42.79,44.27,44.50,44.92,45.45,45.01,42.44,44.13,43.57,44.50,44.50,44.40,44.96,44.02,44.06,41.54,44.26,44.50,39.72,42.54,41.79,38.44
I_11_533967_00977533967_01425,161.1,2,47.88,48.34,47.03,48.34,48.70,48.00,45.94,48.23,48.34,48.49,46.55,48.34,48.67,48.95,48.69,48.86,48.50,47.70,46.45,48.43,47.01,46.87,46.69,48.86,47.14,47.06,48.20,48.66,47.81,47.21,48.23,47.93,49.24,48.11,47.03,46.62,47.61,48.61,48.42,47.76,46.25,48.06,48.67,48.42,48.34,48.72,48.04,48.74,48.27,47.35,47.52
I_11_533967_00977533967_01555,215.2,1,48.21,49.38,48.79,48.87,48.61,48.41,49.07,48.68,48.53,48.41,48.66,48.51,48.34,47.50,48.57,47.01,48.05,47.73,49.00,48.41,47.01,47.02,48.15,47.77,49.03,47.82,47.27,48.82,49.00,48.95,49.18,48.96,48.41,48.58,47.30,48.05,46.89,46.82,48.17,49.22,48.10,47.82,47.59,48.66,48.79,47.67,46.95,46.11,48.13,47.91,48.41
I_11_533967_00978533967_00977,322.1,2,23.65,25.77,24.37,25.61,27.59,23.68,28.49,23.22,28.31,26.05,26.56,23.68,28.55,22.48,21.14,21.59,12.09,24.62,27.79,23.18,22.55,25.75,24.72,22.28,27.82,25.93,23.23,27.46,29.02,23.97,26.88,27.23,24.35,24.65,24.99,25.70,21.45,22.56,22.51,24.83,23.28,25.13,28.18,25.83,24.71,22.32,21.63,21.88,21.34,16.86,24.33
I_11_533967_01268533967_00937,127.5,2,17.13,19.22,22.33,16.63,21.62,17.64,18.54,17.54,17.09,15.29,15.43,17.82,18.81,14.85,16.22,15.45,16.38,20.72,19.27,17.58,20.79,17.76,18.75,17.09,13.93,17.48,17.20,17.78,15.89,20.13,16.54,18.79,17.58,15.74,14.99,16.12,16.06,17.46,17.03,17.68,17.08,16.94,17.70,14.20,17.95,16.96,18.56,11.45,15.62,21.25,22.15
I_11_533967_01405533967_00937,160.5,2,8.99,10.23,10.33,8.18,8.99,7.98,8.57,8.56,10.38,9.41,9.62,9.19,11.42,9.97,10.86,9.95,9.62,10.37,11.13,10.92,10.02,9.52,10.01,12.58,10.88,10.65,10.64,10.71,10.57,11.52,11.77,11.48,10.81,12.42,13.32,11.73,12.95,9.26,9.20,10.50,4.30,3.61,2.46,6.09,9.64,12.21,11.31,8.39,10.27,13.77,16.55
I_11_533967_01412533967_01657,164.4,1,15.40,16.27,16.68,14.57,15.72,13.91,15.40,12.84,24.62,14.75,17.73,11.88,17.44,14.79,21.59,16.18,13.58,11.71,13.40,12.51,14.82,15.77,20.52,28.18,15.20,16.61,19.19,20.24,15.35,18.69,9.93,20.32,17.56,18.16,17.26,20.58,15.88,13.75,17.82,15.66,16.61,10.90,16.49,15.76,16.41,16.75,10.70,9.71,13.81,17.07,15.53
I_11_533967_01418533967_00977,324.9,2,25.93,33.18,31.82,31.09,31.26,31.74,35.41,33.11,33.93,36.99,30.74,33.36,30.10,28.83,30.07,24.50,27.48,27.87,43.39,25.66,23.09,25.84,23.81,29.41,37.31,28.03,27.98,31.99,35.66,22.84,20.64,19.49,19.58,24.30,34.69,31.99,36.38,28.75,27.82,20.45,19.66,18.66,19.20,19.03,18.38,18.15,17.79,18.58,17.49,18.15,17.91
I_11_533967_01485533967_00940,271.3,2,25.01,23.86,25.82,25.05,23.84,22.81,23.11,23.47,23.50,22.82,24.53,22.96,26.68,26.74,26.21,25.61,24.95,23.37,25.21,22.42,27.60,26.85,23.00,23.64,26.70,22.11,26.92,26.42,29.30,28.49,24.82,20.59,25.36,25.67,22.48,25.99,27.05,24.75,27.96,24.62,27.56,24.52,26.11,23.44,25.94,26.17,28.42,24.25,26.69,28.56,28.32
I_11_533967_01485533967_01405,228.7,2,19.37,22.49,29.95,32.83,31.90,29.41,33.10,30.97,27.85,34.91,33.84,36.61,41.39,27.68,36.33,32.17,40.27,35.60,38.45,30.38,29.84,22.40,24.22,38.80,37.83,27.05,34.56,24.68,32.16,32.29,33.54,30.84,26.49,31.94,35.10,28.44,29.24,28.67,28.69,27.05,10.00,4.79,2.42,5.23,25.13,26.37,27.49,21.72,22.69,27.11,26.97
I_11_533967_01485533967_14021,111.0,1,45.23,47.25,47.97,49.29,45.28,47.90,48.60,46.39,46.92,45.03,48.56,46.09,44.25,47.56,45.06,44.42,45.52,41.82,47.97,43.88,44.48,44.76,44.71,44.51,47.07,45.46,44.85,46.10,43.97,48.17,47.10,46.73,45.69,45.40,45.01,44.77,42.49,43.70,42.34,45.38,43.59,41.86,44.50,46.81,46.65,44.02,42.59,44.25,45.56,42.80,45.19
I_11_533967_01485533967_14155,506.4,2,48.53,48.29,49.07,49.19,48.48,48.72,49.12,48.75,48.47,48.52,48.78,48.67,49.13,48.26,48.37,48.42,48.08,48.73,48.34,48.62,48.93,48.76,48.82,48.50,48.63,48.52,48.49,47.64,48.47,48.02,48.60,48.14,48.34,49.05,48.22,48.03,48.36,48.85,48.88,48.76,48.28,48.21,48.25,48.41,48.39,48.47,48.37,48.98,48.81,48.92,47.79
I_11_533967_01555533967_00977,242.1,1,21.97,22.07,20.10,22.51,21.41,20.79,21.50,20.84,25.81,20.51,22.30,21.80,20.01,22.72,19.58,19.82,22.68,22.18,23.12,17.89,17.68,29.94,26.20,28.39,21.44,17.58,25.76,20.51,25.49,25.47,23.16,19.85,22.02,30.00,20.76,23.68,29.46,25.46,20.07,23.04,25.02,21.05,20.42,19.74,20.04,26.55,22.99,22.14,16.70,18.53,29.75
I_11_533967_01644533967_01485,123.9,2,12.47,25.04,26.28,35.54,12.02,5.20,12.87,12.89,13.25,22.99,20.40,22.10,31.90,15.66,11.45,17.09,17.58,16.13,15.63,16.15,20.11,14.28,23.43,16.42,12.07,21.09,28.31,21.89,16.89,16.84,21.20,14.42,12.42,13.76,11.44,11.32,10.61,10.76,15.99,8.77,10.63,7.34,8.61,9.04,7.91,8.24,9.16,8.47,7.94,8.43,6.23
I_11_533967_01657533967_01413,145.9,1,46.24,50.83,48.73,47.32,49.92,48.08,45.39,48.63,49.02,46.89,46.54,47.03,47.27,47.75,52.52,50.83,50.50,48.86,47.75,50.97,42.84,43.64,43.32,52.52,44.18,49.68,52.52,42.02,49.12,50.83,50.02,45.99,44.03,51.44,45.67,45.02,47.42,49.68,47.03,52.52,50.12,41.25,43.17,43.00,41.82,44.27,48.17,48.63,49.41,39.90,44.38
I_11_533967_01657533967_01658,104.5,2,43.18,45.00,43.55,44.65,46.43,45.98,11.69,44.77,44.77,46.11,45.97,48.03,44.54,45.40,48.07,47.94,46.82,47.80,47.75,45.62,45.20,45.53,47.50,48.23,48.04,46.06,47.85,46.60,46.39,45.84,48.08,46.17,47.49,47.60,47.06,47.06,46.64,46.66,46.65,46.07,46.86,47.48,45.90,45.37,47.05,45.68,47.05,45.96,46.68,45.55,46.16
I_11_533967_01657533967_13308,132.6,2,45.82,46.53,46.02,46.53,43.61,46.07,45.82,45.81,46.32,45.31,46.67,43.20,47.63,44.28,45.95,47.19,47.35,44.71,45.43,47.22,43.40,43.69,46.73,46.84,45.85,48.01,45.66,47.53,44.93,46.76,46.91,46.34,46.84,44.71,46.45,45.82,46.37,46.41,47.37,46.40,46.69,42.33,45.39,47.63,45.36,46.74,42.97,43.86,46.18,47.94,44.51
I_11_533967_01659533967_01657,118.8,2,21.12,24.59,25.44,19.20,24.18,19.80,20.71,19.68,24.67,22.95,21.02,23.66,20.08,22.57,21.08,18.57,21.26,29.53,21.09,20.55,17.35,24.38,23.06,23.10,19.65,20.57,19.09,19.10,25.84,29.61,21.33,22.28,22.60,23.14,16.81,25.92,25.01,18.95,26.60,17.29,22.31,18.34,16.13,18.51,17.72,23.45,23.85,20.30,23.36,18.06,18.99
I_11_533967_13308533967_00937,76.5,2,19.79,22.45,16.21,11.27,12.90,20.84,35.05,16.76,17.10,21.59,19.96,17.73,32.47,15.47,16.11,19.70,16.55,27.82,17.69,17.26,16.38,20.01,17.89,22.00,24.74,24.51,24.72,25.38,19.87,12.50,20.53,16.68,18.40,22.80,28.12,18.37,16.97,19.63,16.34,22.34,26.87,18.01,15.63,21.97,21.66,21.52,27.99,19.85,28.11,23.76,18.99
I_11_533967_13718533967_00977,165.1,2,12.47,18.28,14.33,18.09,16.36,4.87,13.48,5.58,4.86,11.07,13.22,12.89,14.35,21.93,15.62,18.25,15.76,12.91,13.50,12.69,14.69,13.24,17.78,12.17,15.83,15.06,14.42,21.57,17.93,13.22,19.50,22.90,21.50,11.08,13.20,20.50,10.91,10.53,11.75,18.66,15.28,18.83,15.00,13.19,13.75,15.51,16.35,19.52,15.30,16.54,15.72
I_11_533967_13845533967_01485,812.9,2,30.95,31.99,32.20,32.62,30.05,31.28,32.16,31.56,30.95,29.90,31.01,30.83,31.33,31.23,31.25,30.43,30.78,30.88,31.69,29.12,32.23,32.21,30.37,31.70,32.17,29.78,31.68,31.49,30.57,30.45,32.60,29.37,33.04,32.55,30.87,30.14,32.91,30.26,30.21,31.05,29.28,31.85,25.93,28.94,32.85,31.87,30.72,32.71,31.70,30.33,30.40
I_11_533967_14021533967_01485,135.4,1,9.12,13.44,10.34,12.85,7.91,10.33,8.52,4.07,5.95,9.28,5.25,8.93,12.81,14.09,8.74,8.25,9.10,8.90,10.75,7.56,7.83,10.11,15.02,12.78,9.57,11.21,11.04,10.32,9.04,11.69,10.70,10.73,14.17,9.17,9.62,11.15,7.56,13.23,11.16,14.79,9.33,9.85,3.58,4.72,14.45,12.68,13.03,14.55,16.22,19.32,11.61
Zone_1,11,-1,26.1,23.64,25.94,29.25,21.75,19.93,21.12,23.67,16.89,20.41,24.99,31.48,31.81,20.93,32.25,30.40,33.28,33.48,29.38,28.07,22.08,33.14,22.60,29.18,22.85,25.96,30.28,29.06,24.40,25.88,31.90,26.01,31.75,27.12,32.93,27.60,24.71,29.52,27.04,29.84,32.85,26.57,32.70,28.86,28.94,32.27,28.54,29.94,28.83,29.50,35.01
Zone_10,11,-1,39.5,39.60,39.60,39.60,39.60,39.60,39.60,39.60,39.60,38.91,39.60,39.60,39.60,39.60,39.12,39.19,39.60,39.60,39.60,39.60,39.60,39.60,39.60,39.60,39.60,39.60,39.60,39.60,39.60,39.60,39.60,39.60,39.60,39.60,39.60,39.11,39.60,39.60,39.60,39.60,39.60,39.60,39.14,39.60,39.60,39.60,39.60,39.60,39.60,39.19,39.60
Zone_11,11,-1,37.3,38.48,38.50,39.60,37.92,39.19,38.68,37.98,38.90,36.98,36.98,38.02,38.36,37.98,37.56,32.16,35.87,33.90,36.68,37.36,39.13,38.28,38.17,36.75,35.81,37.70,38.86,39.26,37.95,38.36,38.56,36.55,39.09,36.53,35.06,38.06,37.88,38.60,37.76,33.70,37.90,34.41,36.63,37.21,38.00,37.52,38.04,36.65,39.13,36.50,39.60
Zone_12,11,-1,38.6,39.17,39.60,39.60,38.85,38.20,36.60,39.28,38.22,38.09,38.11,39.12,39.12,39.11,37.22,37.62,39.60,39.14,39.60,38.74,37.99,38.29,39.07,38.41,38.34,37.49,38.28,38.31,38.99,38.94,39.60,39.04,39.07,39.20,38.78,39.60,39.24,39.60,38.85,38.75,39.14,36.77,36.14,37.20,37.25,39.14,39.60,39.60,39.60,38.05,39.60
Zone_13,11,-1,15.8,33.85,32.88,17.88,18.00,37.95,18.87,10.82,6.04,6.56,1.67,31.17,35.64,36.61,36.47,34.77,35.56,38.47,35.43,21.47,37.34,39.60,35.36,21.75,25.71,32.75,39.60,36.77,39.60,39.60,39.60,36.11,39.60,36.96,37.67,39.60,39.60,39.60,39.60,38.53,37.40,39.60,39.60,32.86,34.52,37.27,39.60,37.91,39.60,39.60,35.50
Zone_14,11,-1,39.5,39.60,39.60,39.16,39.60,39.60,39.60,39.60,39.60,39.60,39.05,39.60,39.60,39.15,39.60,39.60,39.60,39.60,39.60,39.60,39.60,39.60,39.60,39.60,39.60,39.60,39.60,39.60,39.60,39.60,39.60,39.60,39.60,39.60,39.60,39.60,39.60,39.60,39.60,38.45,39.08,39.60,39.60,39.60,39.60,39.60,39.60,39.60,39.60,39.60,39.60
Zone_15,11,-1,24.4,36.67,39.60,38.50,38.05,38.56,38.96,33.94,38.36,37.68,36.96,39.60,39.60,39.60,39.60,36.55,39.60,39.60,38.13,39.60,37.65,38.63,36.87,36.24,38.23,38.19,38.84,32.61,39.60,39.60,39.60,38.92,37.95,39.60,38.16,37.30,39.60,39.60,18.48,1.74,37.67,38.16,39.60,36.08,36.64,34.90,35.58,38.92,37.88,37.91,38.82
Zone_16,11,-1,38.5,38.19,34.60,39.60,38.82,38.66,39.60,39.60,38.44,37.34,39.60,39.60,39.60,39.60,39.60,39.60,39.60,39.60,37.88,39.60,39.60,37.46,39.60,39.60,39.60,39.60,28.94,39.60,39.60,36.67,39.60,39.60,39.60,39.60,39.60,39.60,39.60,39.60,38.19,39.60,38.08,34.94,39.60,37.57,39.60,39.60,39.60,39.60,39.60,39.60,39.60
Zone_17,11,-1,-1,-1,-1,-1,-1,-1,-1,-1,-1,-1,-1,-1,-1,-1,-1,-1,-1,-1,-1,-1,-1,-1,-1,-1,-1,-1,-1,-1,-1,-1,-1,-1,-1,-1,-1,-1,-1,-1,-1,-1,-1,-1,-1,-1,-1,-1,-1,-1,-1,-1,-1
Zone_18,11,-1,-1,-1,-1,-1,-1,-1,-1,-1,-1,-1,-1,-1,-1,-1,-1,-1,-1,-1,-1,-1,-1,-1,-1,-1,-1,-1,-1,-1,-1,-1,-1,-1,-1,-1,-1,-1,-1,-1,-1,-1,-1,-1,-1,-1,-1,-1,-1,-1,-1,-1,-1
Zone_19,11,-1,-1,-1,-1,-1,-1,-1,-1,-1,-1,-1,-1,-1,-1,-1,-1,-1,-1,-1,-1,-1,-1,-1,-1,-1,-1,-1,-1,-1,-1,-1,-1,-1,-1,-1,-1,-1,-1,-1,-1,-1,-1,-1,-1,-1,-1,-1,-1,-1,-1,-1,-1
Zone_2,11,-1,37.1,38.76,36.84,39.60,34.77,35.43,38.27,34.83,34.98,34.73,34.87,36.35,36.47,38.45,36.39,37.55,39.00,36.82,38.11,38.91,38.05,39.60,39.60,37.55,31.52,38.32,39.60,36.72,37.22,39.60,39.60,38.61,38.13,38.74,37.88,38.77,38.63,37.55,39.60,38.06,39.60,37.62,35.75,38.38,38.02,34.54,35.09,38.23,37.24,39.60,38.85
Zone_20,11,-1,-1,-1,-1,-1,-1,-1,-1,-1,-1,-1,-1,-1,-1,-1,-1,-1,-1,-1,-1,-1,-1,-1,-1,-1,-1,-1,-1,-1,-1,-1,-1,-1,-1,-1,-1,-1,-1,-1,-1,-1,-1,-1,-1,-1,-1,-1,-1,-1,-1,-1,-1
Zone_21,11,-1,-1,-1,-1,-1,-1,-1,-1,-1,-1,-1,-1,-1,-1,-1,-1,-1,-1,-1,-1,-1,-1,-1,-1,-1,-1,-1,-1,-1,-1,-1,-1,-1,-1,-1,-1,-1,-1,-1,-1,-1,-1,-1,-1,-1,-1,-1,-1,-1,-1,-1,-1
Zone_22,11,-1,-1,-1,-1,-1,-1,-1,-1,-1,-1,-1,-1,-1,-1,-1,-1,-1,-1,-1,-1,-1,-1,-1,-1,-1,-1,-1,-1,-1,-1,-1,-1,-1,-1,-1,-1,-1,-1,-1,-1,-1,-1,-1,-1,-1,-1,-1,-1,-1,-1,-1,-1
Zone_23,11,-1,39.6,-1,-1,-1,-1,-1,-1,39.60,39.60,39.60,39.60,39.60,39.60,39.60,-1,39.60,39.60,39.60,39.60,-1,-1,-1,39.60,-1,-1,-1,39.60,-1,-1,-1,39.60,-1,-1,-1,39.60,-1,-1,-1,39.60,-1,-1,-1,39.60,39.60,39.60,39.60,39.60,39.60,39.60,39.60,39.60
Zone_24,11,-1,34.4,-1,-1,-1,-1,-1,-1,-1,-1,-1,-1,13.20,-1,39.60,39.60,-1,39.60,39.60,-1,-1,39.60,-1,39.60,-1,-1,-1,39.60,39.60,39.60,-1,19.80,-1,-1,-1,39.60,-1,39.60,39.60,39.60,-1,-1,39.60,39.60,39.60,-1,-1,39.60,-1,-1,-1,39.60
Zone_3,11,-1,34.8,34.65,37.90,35.03,33.86,34.97,32.06,34.22,32.68,32.30,36.46,38.70,36.87,32.93,37.54,37.34,36.63,31.89,38.53,32.33,32.02,39.60,35.20,31.25,33.51,32.33,35.52,35.39,32.02,38.44,37.55,34.89,37.55,39.60,37.59,35.92,37.80,35.92,37.12,37.35,34.15,37.37,28.86,35.75,35.24,35.86,33.59,32.04,32.76,33.00,34.76
Zone_4,11,-1,38.3,-1,-1,-1,-1,39.60,39.60,39.60,39.60,39.60,39.60,39.60,39.60,39.60,39.60,39.60,39.60,39.60,39.60,39.60,39.60,39.60,34.32,39.60,39.60,-1,-1,39.60,39.60,39.60,39.60,39.60,39.60,39.60,39.60,39.60,39.60,39.60,-1,39.60,-1,39.60,39.60,39.60,39.60,39.60,29.18,33.94,34.94,-1,39.60
Zone_5,11,-1,34.4,35.38,36.26,38.91,37.97,34.60,31.13,36.51,29.92,33.58,33.58,36.23,35.20,32.91,37.34,38.15,34.70,29.62,36.39,36.68,37.80,33.20,31.17,37.27,35.05,33.88,36.93,29.30,34.48,36.47,32.80,34.89,36.37,37.95,32.93,30.32,32.52,35.52,33.94,36.81,34.17,39.60,35.93,36.55,35.38,34.65,29.90,32.71,35.40,33.46,36.68
Zone_6,11,-1,8.3,39.60,31.11,39.60,16.97,37.80,39.60,36.16,30.36,28.94,39.60,29.45,35.10,29.70,30.20,38.68,16.74,35.93,39.60,6.34,13.31,16.04,14.34,3.55,9.31,4.90,34.65,11.93,30.73,22.38,35.56,17.32,37.91,6.27,31.68,2.23,9.90,6.50,32.09,1.03,4.60,29.14,28.51,38.32,36.47,1.64,36.63,39.60,35.50,39.60,36.55
Zone_7,11,-1,36.8,33.55,39.60,38.34,35.64,35.36,38.13,34.42,37.67,34.65,33.43,35.14,36.46,35.54,37.68,36.30,38.45,39.01,39.60,37.99,36.05,36.51,39.60,37.35,38.26,38.97,39.60,39.60,33.57,36.96,38.23,39.60,37.91,38.88,38.08,38.08,36.21,38.77,38.63,38.04,37.30,34.99,37.09,33.19,37.71,34.25,36.41,38.42,37.16,39.60,37.40
Zone_8,11,-1,38.7,35.30,39.60,36.84,38.28,39.60,39.60,39.60,38.19,39.60,39.60,36.21,39.60,38.50,39.60,39.60,39.60,38.47,39.60,37.80,39.60,39.60,39.60,39.60,39.60,39.60,39.60,35.83,36.30,36.96,39.60,37.52,39.60,39.60,39.60,37.71,39.60,39.60,39.60,39.60,39.60,38.50,39.60,38.56,39.60,37.62,39.60,36.96,39.60,39.60,39.60
Zone_9,11,-1,31.9,28.31,34.03,27.42,31.45,32.82,26.01,28.98,29.75,28.38,25.86,35.04,34.39,30.84,31.80,31.75,32.53,34.65,24.78,34.69,36.19,32.08,35.39,33.68,32.94,30.11,28.70,35.94,31.39,33.46,31.62,31.01,30.20,31.68,31.62,38.23,31.04,34.92,33.46,31.80,34.41,36.00,33.90,34.80,31.21,34.61,36.96,37.52,35.45,38.40,37.40
