路線番号,系統速度,"link(0,1)","link(1,2)","link(2,3)","link(0,2)","link(1,3)","link(0,3)","Λ(0,1)","Λ(1,2)","Λ(2,3)","Λ(0,2)","Λ(1,3)","Λ(0,3)",d01,d12,d23,d02,d13,d03,S(Λ),S(Λclose),S(Λfar),x0opt,x1opt,x2opt,x3opt,d0opt(s/veh),d1opt(s/veh),d2opt(s/veh),d3opt(s/veh),dopt(s/veh),FTT(s/veh),TTT(s/veh),Nveh_total_eval,d0_F(s/veh),d1_F(s/veh),d2_F(s/veh),d3_F(s/veh),d0_B(s/veh),d1_B(s/veh),d2_B(s/veh),d3_B(s/veh),dist_km,dopt_sec_per_km,dopt_min_per_km
311,50.0,416.666666666667,500.0,416.6666666666667,916.666666666667,916.6666666666667,1333.333333333333,0.2500000000000002,0.3,0.25,0.5500000000000002,0.55,0.8000000000000003,0.1999999999999998,0.04999999999999999,0.15,0.0,0.0,0.19999999999999973,0.2828427124746187,0.2549509756796391,0.19999999999999973,0,116.4,58.8,86.39999999999999,12.67199999999983,14.68799999999998,19.43999999999986,1.199999999999919,47.99999999999945,96.00000000000003,143.9999999999995,180,0,17.28000000000005,18.71999999999995,2.399999999999838,25.34399999999967,12.09599999999991,20.15999999999977,0,1.333333333333333,35.999999999999595,0.5999999999999932
311,47.5,416.6666666666667,500.0,416.6666666666667,916.6666666666667,916.6666666666667,1333.333333333333,0.2631578947368421,0.3157894736842106,0.2631578947368421,0.5789473684210527,0.5789473684210527,0.8421052631578948,0.18684210526315792,0.03421052631578936,0.13684210526315793,0.0,0.02894736842105261,0.1578947368421052,0.2446236297286234,0.2341070143819392,0.16052631578947363,0,2.4,56.4,82.8,16.98947368421019,15.71999999999999,13.96421052631575,2.589473684210478,49.26315789473612,101.0526315789474,150.3157894736835,180,0,13.74315789473686,7.541052631578916,5.178947368420955,33.97894736842039,17.69684210526312,20.38736842105257,0,1.333333333333333,36.9473684210521,0.6157894736842017
311,45.0,416.666666666666,500.0,416.666666666667,916.6666666666661,916.666666666667,1333.33333333333,0.2777777777777773,0.3333333333333333,0.277777777777778,0.6111111111111107,0.6111111111111113,0.8888888888888887,0.17222222222222272,0.016666666666666663,0.12222222222222201,0.011111111111110739,0.06111111111111123,0.11111111111111127,0.20495407495218626,0.21184084405486273,0.12729376930432904,0,115.2,40.8,37.2,14.26666666666663,16.8,2.93955555555557,16.66044444444427,50.6666666666661,106.6666666666667,157.3333333333327,180,0,20.90666666666665,2.439111111111075,33.32088888888854,28.53333333333325,12.69333333333335,3.440000000000065,0,1.3333333333333302,37.999999999999666,0.6333333333333278
311,42.5,416.666666666666,500.0,416.666666666667,916.6666666666661,916.666666666667,1333.33333333333,0.294117647058823,0.3529411764705882,0.2941176470588238,0.6470588235294114,0.6470588235294119,0.9411764705882351,0.15588235294117703,0.0,0.1058823529411762,0.047058823529411375,0.09705882352941186,0.05882352941176494,0.1666118710384541,0.1884419821134279,0.1228623445541496,0,4.8,61.2,88.8,19.56286505190288,14.28419377162625,14.54117647058823,3.847058823529288,52.23529411764669,112.9411764705882,165.1764705882349,180,0,14.79529411764694,5.745882352941165,7.694117647058576,39.12573010380576,13.77309342560556,23.33647058823529,0,1.3333333333333302,39.17647058823511,0.6529411764705852
311,40.0,416.666666666666,500.0,416.666666666667,916.6666666666661,916.666666666667,1333.33333333333,0.3124999999999995,0.375,0.3125000000000003,0.6874999999999996,0.6875000000000002,0.9999999999999998,0.1375000000000005,0.0,0.08749999999999974,0.08749999999999958,0.13750000000000018,2.220446049250313e-16,0.1375000000000005,0.16298006013006652,0.16298006013006613,0,28.8,87.6,82.8,23.51550000000001,1.174499999999979,5.159999999999975,21.15000000000008,50.9999999999995,120.0,170.9999999999995,180,0,0.0,5.099999999999919,42.30000000000016,47.03100000000001,2.348999999999958,5.220000000000033,0,1.3333333333333302,38.249999999999716,0.6374999999999953
311,37.5,416.666666666665,500.0,416.666666666667,916.6666666666649,916.666666666667,1333.33333333333,0.333333333333332,0.4,0.3333333333333336,0.733333333333332,0.7333333333333336,1.066666666666666,0.11666666666666803,0.0,0.06666666666666643,0.13333333333333197,0.18333333333333357,0.06666666666666599,0.13437096247164335,0.13437096247164357,0.23629078131262965,0,31.2,91.2,82.8,19.15999999999973,0.7599999999999757,3.880000000000089,24.2,47.99999999999979,127.9999999999999,175.9999999999997,180,0,0.0,3.200000000000162,48.4,38.31999999999947,1.519999999999951,4.560000000000016,0,1.3333333333333302,35.99999999999993,0.5999999999999989
311,35.0,416.666666666665,500.0,416.666666666667,916.6666666666649,916.666666666667,1333.33333333333,0.3571428571428557,0.4285714285714285,0.3571428571428574,0.7857142857142841,0.7857142857142859,1.142857142857142,0.0928571428571443,0.0,0.04285714285714265,0.11428571428571588,0.16428571428571404,0.1428571428571419,0.1703837205982366,0.10227015045197517,0.24588449254369296,0,56.4,0.0,93.6,4.628571428571579,6.771428571428664,6.085714285714292,25.3714285714285,42.85714285714295,137.142857142857,180.0,180,0,13.54285714285733,12.17142857142858,50.74285714285701,9.257142857143158,0.0,0.0,0,1.3333333333333302,32.14285714285729,0.5357142857142881
311,32.5,416.666666666665,500.0,416.666666666667,916.6666666666649,916.666666666667,1333.33333333333,0.3846153846153831,0.4615384615384616,0.384615384615385,0.8461538461538446,0.8461538461538465,1.23076923076923,0.06538461538461693,0.0,0.015384615384614997,0.05384615384615543,0.10384615384615348,0.23076923076922995,0.23985325888721293,0.0671701892175898,0.2587235393668016,0,34.8,78.0,28.8,19.52307692307727,10.70769230769232,1.52307692307687,0.5538461538463404,32.30769230769243,147.6923076923076,180.0,180,0,0.0,0.0,1.107692307692681,39.04615384615455,21.41538461538464,3.04615384615374,0,1.3333333333333302,24.23076923076938,0.4038461538461563
311,30.0,416.666666666664,500.0,416.666666666667,916.666666666664,916.666666666667,1333.33333333333,0.416666666666664,0.5,0.416666666666667,0.916666666666664,0.916666666666667,1.333333333333331,0.03333333333333599,0.0,0.0,0.0,0.03333333333333299,0.16666666666666896,0.16996731711976226,0.03333333333333599,0.16996731711976168,0,38.4,86.39999999999999,40.8,15.80000000000016,3.8,0.0,0.4000000000001617,20.00000000000028,159.9999999999997,180.0,180,0,0.0,0.0,0.8000000000003233,31.60000000000032,7.6,0.0,0,1.3333333333333302,15.000000000000247,0.2500000000000041
311,27.5,416.666666666664,500.0,416.666666666667,916.666666666664,916.666666666667,1333.33333333333,0.4545454545454516,0.5454545454545455,0.454545454545455,0.9999999999999971,1.0000000000000004,1.454545454545452,0.0,0.0,0.0,0.0,0.0,0.04545454545454808,0.04545454545454808,0.0,0.04545454545454808,0,58.8,0.0,58.8,-2.587007151709663e-12,2.127272727272874,3.327272727272713,-4.850638409455617e-13,5.454545454542426,174.5454545454542,179.9999999999967,180,0,4.254545454545749,0.0,-9.701276818911234e-13,-5.174014303419325e-12,0.0,6.654545454545425,0,1.3333333333333302,4.0909090909068295,0.0681818181817805
311,25.0,416.666666666664,500.0,416.666666666667,916.666666666664,916.666666666667,1333.33333333333,0.4999999999999968,0.6,0.5000000000000004,1.0999999999999968,1.1000000000000003,1.599999999999997,0.0,0.0,0.0,0.0,0.05000000000000031,0.09999999999999698,0.09999999999999698,0.0,0.11180339887498693,0,48.0,12.0,72.0,2.399999999997656,9.59999999999992,-2.384897217982345e-12,0.0,11.99999999999486,191.9999999999997,203.9999999999945,180,0,0.0,-4.76979443596469e-12,0.0,4.799999999995311,19.19999999999984,0.0,0,1.3333333333333302,8.999999999996167,0.1499999999999361
311,22.5,416.666666666663,500.0,416.666666666667,916.666666666663,916.666666666667,1333.33333333333,0.5555555555555507,0.6666666666666666,0.555555555555556,1.2222222222222172,1.2222222222222225,1.777777777777773,0.005555555555550651,0.016666666666666607,0.0,0.12222222222221721,0.17222222222222255,0.22222222222222698,0.22229165581936638,0.017568209223156057,0.3065639924738104,0,55.2,3.6,93.6,5.306666666667136,17.42666666666668,3.8,0.133333333333495,26.66666666666717,213.3333333333328,240.0,180,0,0.0,0.0,0.26666666666699,10.61333333333427,34.85333333333337,7.6,0,1.3333333333333302,20.000000000000423,0.33333333333334036
311,20.0,416.666666666663,500.0,416.666666666667,916.666666666663,916.666666666667,1333.33333333333,0.6249999999999946,0.75,0.6250000000000006,1.3749999999999947,1.3750000000000004,1.999999999999995,0.07499999999999452,0.09999999999999998,0.025000000000000577,0.02500000000000535,0.07499999999999957,5.10702591327572e-15,0.07499999999999452,0.1274754878398165,0.07905694150421076,0,44.4,63.59999999999999,0.0,-4.52726251549191e-12,7.439999999999741,9.899999999999919,6.659999999999086,23.9999999999941,239.9999999999994,263.9999999999935,180,0,14.87999999999948,19.79999999999984,13.31999999999817,-9.054525030983819e-12,0.0,0.0,0,1.3333333333333302,17.999999999995616,0.29999999999992694
312,50.0,583.3333333333334,500.0,583.3333333333334,1083.3333333333335,1083.3333333333335,1666.666666666667,0.35,0.3,0.35,0.65,0.65,1.0,0.10000000000000003,0.04999999999999999,0.050000000000000044,0.050000000000000044,0.09999999999999998,0.0,0.10000000000000003,0.12247448713915894,0.11180339887498948,0,56.4,43.2,110.4,5.879999999999927,11.52000000000003,12.96000000000006,5.63999999999962,35.99999999999959,120.0,155.9999999999996,180,0,14.4,15.12000000000011,11.27999999999924,11.75999999999985,8.640000000000065,10.8,0,1.666666666666667,21.59999999999975,0.3599999999999958
312,47.5,583.3333333333334,500.0,583.3333333333334,1083.3333333333335,1083.3333333333335,1666.666666666667,0.368421052631579,0.3157894736842106,0.368421052631579,0.6842105263157896,0.6842105263157896,1.052631578947369,0.08157894736842103,0.03421052631578936,0.03157894736842104,0.08421052631578962,0.13421052631578956,0.05263157894736903,0.09708350918787777,0.09392930682934071,0.166954967637494,0,45.6,46.8,116.4,11.80421052631557,11.53263157894738,6.903157894736837,3.233684210526392,33.47368421052585,126.3157894736842,159.7894736842101,180,0,1.389473684210518,7.616842105263156,6.467368421052783,23.60842105263113,21.67578947368424,6.189473684210518,0,1.666666666666667,20.08421052631551,0.3347368421052585
312,45.0,583.3333333333334,500.0,583.3333333333334,1083.3333333333335,1083.3333333333335,1666.666666666667,0.3888888888888889,0.3333333333333333,0.3888888888888889,0.7222222222222223,0.7222222222222223,1.111111111111111,0.061111111111111116,0.016666666666666663,0.011111111111111127,0.12222222222222234,0.17222222222222228,0.11111111111111094,0.1268079134501479,0.06431020501550126,0.2386303510546059,0,51.6,64.8,16.8,8.986666666666618,18.94666666666672,1.50666666666661,1.226666666666683,30.66666666666622,133.3333333333333,163.9999999999995,180,0,4.933333333333334,1.679999999999968,2.453333333333366,17.97333333333324,32.9600000000001,1.333333333333252,0,1.666666666666667,18.39999999999973,0.30666666666666215
312,42.5,583.3333333333334,500.0,583.3333333333334,1083.3333333333335,1083.3333333333335,1666.666666666667,0.4117647058823529,0.3529411764705882,0.4117647058823529,0.7647058823529412,0.7647058823529412,1.176470588235294,0.03823529411764709,0.0,0.0,0.1352941176470588,0.18529411764705872,0.17647058823529393,0.18056524091965662,0.03823529411764709,0.28944822821466515,0,55.2,67.2,20.4,6.190588235294166,20.88000000000005,1.9058823529411,1.376470588235437,30.35294117647028,141.1764705882353,171.5294117647056,180,0,5.788235294117637,3.811764705882201,2.752941176470874,12.38117647058833,35.97176470588246,0.0,0,1.666666666666667,18.211764705882164,0.3035294117647027
312,40.0,583.3333333333334,500.0,583.3333333333334,1083.3333333333335,1083.3333333333335,1666.666666666667,0.4375000000000001,0.375,0.4375000000000001,0.8125000000000001,0.8125000000000001,1.25,0.0124999999999999,0.0,0.0,0.08749999999999991,0.13749999999999984,0.25,0.25031230493125983,0.0124999999999999,0.29843340965783294,0,40.8,0.0,52.8,11.25,0.0,18.6,0.15,30.0,150.0,180.0,180,0,0.0,22.5,0.3,22.5,0.0,14.7,0,1.666666666666667,17.999999999999996,0.29999999999999993
312,37.5,583.3333333333334,500.0,583.3333333333334,1083.3333333333335,1083.3333333333335,1666.666666666667,0.4666666666666667,0.4,0.4666666666666667,0.8666666666666668,0.8666666666666668,1.333333333333333,0.0,0.0,0.0,0.033333333333333215,0.08333333333333315,0.16666666666666696,0.16666666666666696,0.0,0.18929694486000928,0,44.4,0.0,56.4,8.0,0.0,11.80000000000008,0.2,20.0,160.0,180.0,180,0,0.0,16.0,0.4,16.0,0.0,7.600000000000161,0,1.666666666666667,11.999999999999998,0.19999999999999998
312,35.0,583.3333333333334,500.0,583.3333333333334,1083.3333333333335,1083.3333333333335,1666.666666666667,0.5,0.4285714285714285,0.5,0.9285714285714286,0.9285714285714286,1.428571428571429,0.0,0.0,0.0,0.0,0.021428571428571352,0.07142857142857095,0.07142857142857095,0.0,0.07457361792078916,0,48.0,4.8,64.8,1.885714285714332,0.0,6.68571428571417,0.0,8.571428571428385,171.4285714285714,179.9999999999998,180,0,0.0,13.37142857142834,0.0,3.771428571428664,0.0,0.0,0,1.666666666666667,5.1428571428570296,0.08571428571428383
312,32.5,583.3333333333334,500.0,583.3333333333334,1083.3333333333335,1083.3333333333335,1666.666666666667,0.5384615384615385,0.4615384615384616,0.5384615384615385,1.0000000000000002,1.0000000000000002,1.538461538461539,0.0,0.0,0.0,0.0,0.0,0.03846153846153899,0.03846153846153899,0.0,0.03846153846153899,0,46.8,96.0,58.8,0.2443313609468734,2.764899408283923,1.02461538461535,0.5815384615385281,4.615384615384514,184.6153846153846,189.2307692307692,180,0,4.652307692307497,0.0,1.163076923077056,0.4886627218937469,0.8774911242603493,2.0492307692307,0,1.666666666666667,2.769230769230708,0.04615384615384513
312,30.0,583.3333333333334,500.0,583.3333333333334,1083.3333333333335,1083.3333333333335,1666.666666666667,0.5833333333333334,0.5,0.5833333333333334,1.0833333333333335,1.0833333333333335,1.666666666666667,0.033333333333333326,0.0,0.0,0.0,0.03333333333333348,0.16666666666666696,0.1699673171197598,0.033333333333333326,0.16996731711975982,0,45.6,93.6,67.2,5.760000000000097,6.920000000000033,5.879999999999968,1.440000000000024,19.9999999999998,200.0,219.9999999999998,180,0,9.920000000000114,0.0,2.880000000000048,11.52000000000019,3.919999999999952,11.75999999999994,0,1.666666666666667,11.99999999999988,0.19999999999999798
312,27.5,583.3333333333334,500.0,583.3333333333334,1083.3333333333335,1083.3333333333335,1666.666666666667,0.6363636363636365,0.5454545454545455,0.6363636363636365,1.181818181818182,1.181818181818182,1.818181818181819,0.08636363636363642,0.0,0.03636363636363649,0.0818181818181821,0.1318181818181821,0.181818181818181,0.2012871802316768,0.09370694603676512,0.23901485136608883,0,63.59999999999999,0.0,97.2,8.323636363636535,8.80363636363626,8.869090909090867,0.18545454545468,26.18181818181812,218.1818181818182,244.3636363636363,180,0,0.6109090909088587,0.0,0.3709090909093599,16.64727272727307,16.99636363636366,17.73818181818173,0,1.666666666666667,15.709090909090868,0.2618181818181811
312,25.0,583.3333333333334,500.0,583.3333333333334,1083.3333333333335,1083.3333333333335,1666.666666666667,0.7000000000000001,0.6,0.7000000000000001,1.3,1.3,2.0,0.15000000000000002,0.0,0.10000000000000009,0.09999999999999998,0.14999999999999997,0.0,0.15000000000000002,0.18027756377319953,0.18027756377319942,0,70.8,33.6,118.8,17.4,10.91999999999995,7.667999999999868,0.01199999999973645,35.99999999999943,240.0,275.9999999999994,180,0,0.9599999999999353,0.2159999999998642,0.0239999999994729,34.8,20.87999999999997,15.11999999999987,0,1.666666666666667,21.599999999999657,0.35999999999999427
312,22.5,583.3333333333334,500.0,583.3333333333334,1083.3333333333335,1083.3333333333335,1666.666666666667,0.7777777777777778,0.6666666666666666,0.7777777777777778,1.4444444444444446,1.4444444444444446,2.222222222222222,0.17222222222222217,0.016666666666666607,0.12222222222222223,0.0,0.005555555555555369,0.22222222222222188,0.2811462428639996,0.2118408440548624,0.2222916558193614,0,1.2,54.0,76.8,6.813333333333139,14.25333333333312,2.893333333333269,13.37333333333352,37.33333333333294,266.6666666666667,303.9999999999997,180,0,27.86666666666643,1.919999999999871,26.74666666666704,13.62666666666628,0.6399999999998222,3.866666666666667,0,1.666666666666667,22.399999999999757,0.3733333333333293
312,20.0,583.3333333333334,500.0,583.3333333333334,1083.3333333333335,1083.3333333333335,1666.666666666667,0.8750000000000001,0.75,0.8750000000000001,1.6250000000000002,1.6250000000000002,2.5,0.07499999999999984,0.09999999999999998,0.02499999999999991,0.025000000000000244,0.07500000000000018,0.0,0.07499999999999984,0.1274754878398195,0.07905694150420972,0,1.2,52.8,62.4,1.859999999999935,11.93999999999994,7.020000000000032,3.179999999999927,23.99999999999963,300.0,323.9999999999997,180,0,16.2,8.640000000000065,6.359999999999855,3.719999999999871,7.679999999999887,5.4,0,1.666666666666667,14.399999999999777,0.23999999999999627
313,50.0,750.0,500.0,750.0,1250.0,1250.0,2000.0,0.45,0.3,0.45,0.75,0.75,1.2,0.0,0.04999999999999999,0.0,0.15000000000000002,0.19999999999999996,0.19999999999999996,0.19999999999999996,0.04999999999999999,0.3201562118716424,0,54.0,40.8,118.8,2.279999999999968,9.119999999999871,7.559999999999976,5.039999999999984,23.99999999999991,144.0,167.9999999999999,180,0,0.0,15.11999999999995,10.07999999999997,4.559999999999936,18.23999999999974,0.0,0,2.0,11.999999999999956,0.19999999999999926
313,47.5,750.0,500.0,750.0,1250.0,1250.0,2000.0,0.4736842105263158,0.3157894736842106,0.4736842105263158,0.7894736842105263,0.7894736842105263,1.263157894736842,0.0,0.03421052631578936,0.0,0.1105263157894737,0.16052631578947363,0.23684210526315796,0.23684210526315796,0.03421052631578936,0.3067229162752941,0,43.2,0.0,80.39999999999999,4.010526315789644,0.6568421052630583,12.28587257617732,11.4678116343491,28.42105263157896,151.578947368421,180.0,180,0,1.313684210526117,24.57174515235464,22.9356232686982,8.021052631579288,0.0,0.0,0,2.0,14.21052631578948,0.236842105263158
313,45.0,750.0,500.0,750.0,1250.0,1250.0,2000.0,0.5,0.3333333333333333,0.5,0.8333333333333334,0.8333333333333334,1.333333333333333,0.0,0.016666666666666663,0.0,0.06666666666666665,0.11666666666666659,0.16666666666666696,0.16666666666666696,0.016666666666666663,0.214087209644419,0,60.0,19.2,76.8,0.0,0.4,18.23999999999998,1.360000000000016,19.9999999999998,160.0,179.9999999999998,180,0,0.0,34.07999999999997,2.720000000000032,0.0,0.8,2.4,0,2.0,9.9999999999999,0.16666666666666502
313,42.5,750.0,500.0,750.0,1250.0,1250.0,2000.0,0.5294117647058824,0.3529411764705882,0.5294117647058824,0.8823529411764706,0.8823529411764706,1.411764705882353,0.0,0.0,0.0,0.01764705882352946,0.0676470588235294,0.08823529411764697,0.08823529411764697,0.0,0.11257446593532132,0,51.6,0.0,63.59999999999999,2.435294117647087,1.058823529411772,7.058823529411772,0.03529411764708736,10.58823529411765,169.4117647058823,180.0,180,0,0.0,14.11764705882354,0.07058823529417471,4.870588235294175,2.117647058823544,0.0,0,2.0,5.294117647058825,0.08823529411764709
313,40.0,750.0,500.0,750.0,1250.0,1250.0,2000.0,0.5625,0.375,0.5625,0.9375,0.9375,1.5,0.012499999999999956,0.0,0.0,0.0,0.012499999999999956,0.0,0.012499999999999956,0.012499999999999956,0.012499999999999956,0,52.8,103.2,58.8,0.1499999999999191,1.829999999999968,0.1215000000000146,0.8985000000000178,2.999999999999801,180.0,182.9999999999998,180,0,2.159999999999935,0.2430000000000291,1.797000000000036,0.2999999999998383,1.5,0.0,0,2.0,1.4999999999999005,0.024999999999998343
313,37.5,750.0,500.0,750.0,1250.0,1250.0,2000.0,0.6,0.4,0.6,1.0,1.0,1.6,0.04999999999999993,0.0,0.0,0.0,0.0,0.10000000000000009,0.11180339887498954,0.04999999999999993,0.10000000000000009,0,58.8,117.6,70.8,10.90800000000001,0.611999999999979,0.4679999999999482,0.01199999999977687,11.99999999999947,192.0,203.9999999999995,180,0,0.9600000000000162,0.215999999999945,0.02399999999955374,21.81600000000003,0.2639999999999418,0.7199999999999515,0,2.0,5.999999999999735,0.09999999999999559
313,35.0,750.0,500.0,750.0,1250.0,1250.0,2000.0,0.6428571428571428,0.4285714285714285,0.6428571428571428,1.0714285714285714,1.0714285714285714,1.714285714285714,0.09285714285714275,0.0,0.042857142857142816,0.0,0.021428571428571394,0.21428571428571397,0.23353975320388273,0.10227015045197384,0.21535447759544732,0,31.2,87.6,39.6,0.5926530612245794,14.09877551020408,2.949061224489762,8.07379591836725,25.71428571428534,205.7142857142857,231.428571428571,180,0,27.15428571428565,2.812408163265273,16.1475918367345,1.185306122449159,1.043265306122501,3.085714285714251,0,2.0,12.85714285714267,0.21428571428571117
313,32.5,750.0,500.0,750.0,1250.0,1250.0,2000.0,0.6923076923076924,0.4615384615384616,0.6923076923076924,1.153846153846154,1.153846153846154,1.846153846153846,0.14230769230769236,0.0,0.09230769230769242,0.05384615384615396,0.10384615384615396,0.15384615384615397,0.2095712727050044,0.16962366977846122,0.19326683886770962,0,61.2,0.0,91.2,9.784615384615448,9.452307692307578,9.36418934911243,0.93734911242601,29.53846153846142,221.5384615384615,251.076923076923,180,0,7.901538461538277,0.5622248520710046,1.87469822485202,19.5692307692309,11.00307692307688,18.16615384615385,0,2.0,14.76923076923071,0.24615384615384517
313,30.0,750.0,500.0,750.0,1250.0,1250.0,2000.0,0.75,0.5,0.75,1.25,1.25,2.0,0.19999999999999996,0.0,0.15000000000000002,0.15,0.2,0.0,0.19999999999999996,0.24999999999999997,0.25,0,64.8,15.6,118.8,17.39999999999984,8.520000000000154,15.94799999999996,6.131999999999729,47.99999999999943,240.0,287.9999999999994,180,0,10.56000000000002,2.376000000000123,12.26399999999946,34.79999999999968,6.480000000000291,29.51999999999979,0,2.0,23.999999999999716,0.39999999999999525
313,27.5,750.0,500.0,750.0,1250.0,1250.0,2000.0,0.8181818181818182,0.5454545454545455,0.8181818181818182,1.3636363636363638,1.3636363636363638,2.181818181818182,0.13181818181818172,0.0,0.08181818181818179,0.036363636363636265,0.08636363636363625,0.1818181818181821,0.22457489685519338,0.15514589241705457,0.20454545454545475,0,15.6,81.6,61.2,0.7622479338842418,20.30320661157016,16.40727272727268,0.7090909090910928,38.18181818181802,261.8181818181818,299.9999999999998,180,0,37.4181818181817,0.5454545454544132,1.418181818182186,1.524495867768484,3.188231404958626,32.26909090909095,0,2.0,19.09090909090901,0.3181818181818168
313,25.0,750.0,500.0,750.0,1250.0,1250.0,2000.0,0.8999999999999999,0.6,0.8999999999999999,1.5,1.5,2.4,0.050000000000000044,0.0,0.0,0.0,0.0,0.10000000000000009,0.11180339887498958,0.050000000000000044,0.10000000000000009,0,0.0,48.0,60.0,6.0,6.0,0.0,0.0,12.0,288.0,300.0,180,0,12.0,0.0,0.0,12.0,0.0,0.0,0,2.0,6.0,0.1
313,22.5,750.0,500.0,750.0,1250.0,1250.0,2000.0,1.0,0.6666666666666666,1.0,1.6666666666666667,1.6666666666666667,2.666666666666667,0.0,0.016666666666666607,0.0,0.06666666666666676,0.1166666666666667,0.16666666666666696,0.16666666666666696,0.016666666666666607,0.21408720964441907,0,0.0,52.8,76.8,8.479999999999887,9.919999999999952,0.9599999999999353,0.6400000000001052,19.9999999999998,320.0,339.9999999999998,180,0,0.0,1.919999999999871,1.28000000000021,16.95999999999977,19.8399999999999,0.0,0,2.0,9.9999999999999,0.16666666666666502
313,20.0,750.0,500.0,750.0,1250.0,1250.0,2000.0,1.125,0.75,1.125,1.875,1.875,3.0,0.075,0.09999999999999998,0.024999999999999994,0.025000000000000022,0.07499999999999996,0.0,0.075,0.1274754878398196,0.07905694150420946,0,116.4,91.2,112.8,4.979999999999968,14.28000000000013,4.043999999999991,0.6959999999994276,23.99999999999895,360.0,383.999999999999,180,0,5.279999999999967,0.5279999999999644,1.391999999998855,9.959999999999935,23.28000000000029,7.560000000000016,0,2.0,11.999999999999474,0.19999999999999124
314,50.0,416.6666666666667,500.0,416.6666666666667,916.6666666666667,916.6666666666667,1333.333333333333,0.25,0.3,0.25,0.55,0.55,0.8,0.2,0.04999999999999999,0.15,0.0,0.0,0.19999999999999996,0.282842712474619,0.25495097567963926,0.19999999999999996,0,2.4,67.2,88.8,14.90399999999956,10.65600000000001,18.2399999999999,4.199999999999959,47.99999999999947,96.0,143.9999999999995,180,0,12.48000000000005,19.92000000000003,8.399999999999919,29.80799999999912,8.83199999999997,16.55999999999977,0,1.333333333333333,35.99999999999961,0.5999999999999935
314,47.5,416.6666666666667,500.0,416.6666666666667,916.6666666666667,916.6666666666667,1333.333333333333,0.2631578947368421,0.3157894736842106,0.2631578947368421,0.5789473684210527,0.5789473684210527,0.8421052631578948,0.18684210526315792,0.03421052631578936,0.13684210526315793,0.0,0.02894736842105261,0.1578947368421052,0.2446236297286234,0.2341070143819392,0.16052631578947363,0,2.4,56.4,82.8,16.98947368421019,15.71999999999999,13.96421052631575,2.589473684210478,49.26315789473612,101.0526315789474,150.3157894736835,180,0,13.74315789473686,7.541052631578916,5.178947368420955,33.97894736842039,17.69684210526312,20.38736842105257,0,1.333333333333333,36.9473684210521,0.6157894736842017
314,45.0,416.6666666666667,500.0,416.6666666666667,916.6666666666667,916.6666666666667,1333.333333333333,0.2777777777777778,0.3333333333333333,0.2777777777777778,0.6111111111111112,0.6111111111111112,0.888888888888889,0.17222222222222222,0.016666666666666663,0.12222222222222223,0.011111111111111183,0.061111111111111116,0.11111111111111105,0.2049540749521857,0.21184084405486242,0.12729376930432884,0,1.2,44.4,37.2,17.26666666666663,14.87999999999989,1.17688888888887,17.34311111111104,50.6666666666664,106.6666666666667,157.3333333333331,180,0,16.10666666666649,1.073777777777771,34.68622222222209,34.53333333333325,13.65333333333328,1.279999999999968,0,1.333333333333333,37.99999999999981,0.6333333333333301
314,42.5,416.6666666666667,500.0,416.6666666666667,916.6666666666667,916.6666666666667,1333.333333333333,0.2941176470588235,0.3529411764705882,0.2941176470588235,0.6470588235294118,0.6470588235294118,0.9411764705882353,0.15588235294117653,0.0,0.10588235294117654,0.04705882352941182,0.09705882352941175,0.05882352941176472,0.16661187103845354,0.1884419821134277,0.12286234455414956,0,4.8,61.2,70.8,19.14992387543199,11.0971349480969,9.141176470588228,12.84705882352937,52.23529411764642,112.9411764705882,165.1764705882347,180,0,14.7952941176471,5.745882352941246,25.69411764705874,38.29984775086398,7.398975778546689,12.53647058823521,0,1.333333333333333,39.17647058823482,0.6529411764705804
314,40.0,416.6666666666667,500.0,416.6666666666667,916.6666666666667,916.6666666666667,1333.333333333333,0.3125000000000001,0.375,0.3125000000000001,0.6875000000000001,0.6875000000000001,1.0,0.1374999999999999,0.0,0.08749999999999991,0.08750000000000013,0.13750000000000007,0.0,0.1374999999999999,0.16298006013006608,0.16298006013006636,0,61.2,3.6,34.8,9.196499999999771,16.54350000000001,22.10999999999986,3.149999999999919,50.99999999999967,120.0,170.9999999999997,180,0,23.7,17.39999999999992,6.299999999999838,18.39299999999954,9.38700000000002,26.81999999999979,0,1.333333333333333,38.249999999999766,0.6374999999999961
314,37.5,416.6666666666667,500.0,416.6666666666667,916.6666666666667,916.6666666666667,1333.333333333333,0.3333333333333334,0.4,0.3333333333333334,0.7333333333333334,0.7333333333333334,1.066666666666667,0.11666666666666659,0.0,0.0666666666666666,0.13333333333333341,0.18333333333333335,0.0666666666666671,0.13437096247164265,0.13437096247164237,0.2362907813126306,0,28.8,88.8,75.6,19.87999999999989,0.2800000000000081,1.239999999999984,26.59999999999976,47.99999999999967,128.0,175.9999999999997,180,0,0.0,0.8,53.19999999999951,39.75999999999977,0.5600000000000162,1.679999999999968,0,1.333333333333333,35.999999999999766,0.5999999999999961
314,35.0,416.6666666666667,500.0,416.6666666666667,916.6666666666667,916.6666666666667,1333.333333333333,0.3571428571428572,0.4285714285714285,0.3571428571428572,0.7857142857142857,0.7857142857142857,1.142857142857143,0.0928571428571428,0.0,0.042857142857142816,0.11428571428571432,0.16428571428571426,0.14285714285714302,0.17038372059823673,0.10227015045197388,0.24588449254369302,0,56.4,0.0,93.6,4.628571428571579,6.771428571428583,6.085714285714292,25.3714285714285,42.8571428571428,137.1428571428572,180.0,180,0,13.54285714285717,12.17142857142858,50.74285714285701,9.257142857143158,0.0,0.0,0,1.333333333333333,32.1428571428571,0.535714285714285
314,32.5,416.6666666666667,500.0,416.6666666666667,916.6666666666667,916.6666666666667,1333.333333333333,0.3846153846153846,0.4615384615384616,0.3846153846153846,0.8461538461538463,0.8461538461538463,1.230769230769231,0.06538461538461543,0.0,0.015384615384615441,0.053846153846153766,0.1038461538461537,0.23076923076923106,0.2398532588872136,0.06717018921758845,0.2587235393668023,0,34.8,78.0,28.8,19.52307692307715,10.70769230769228,1.523076923076911,0.5538461538460575,32.30769230769229,147.6923076923077,180.0,180,0,0.0,0.0,1.107692307692115,39.0461538461543,21.41538461538455,3.046153846153821,0,1.333333333333333,24.230769230769226,0.4038461538461538
314,30.0,416.6666666666667,500.0,416.6666666666667,916.6666666666667,916.6666666666667,1333.333333333333,0.4166666666666667,0.5,0.4166666666666667,0.9166666666666667,0.9166666666666667,1.333333333333333,0.033333333333333326,0.0,0.0,0.0,0.033333333333333215,0.16666666666666696,0.1699673171197598,0.033333333333333326,0.16996731711975976,0,38.4,86.39999999999999,40.8,15.80000000000024,3.799999999999798,0.0,0.4,20.0,160.0,180.0,180,0,0.0,0.0,0.8,31.60000000000048,7.599999999999596,0.0,0,1.333333333333333,15.000000000000004,0.25000000000000006
314,27.5,416.6666666666667,500.0,416.6666666666667,916.6666666666667,916.6666666666667,1333.333333333333,0.4545454545454546,0.5454545454545455,0.4545454545454546,1.0000000000000002,1.0000000000000002,1.454545454545455,0.0,0.0,0.0,0.0,0.0,0.04545454545454497,0.04545454545454497,0.0,0.04545454545454497,0,55.2,0.0,55.2,0.0,0.3272727272727126,5.127272727272713,-1.212659602363904e-13,5.454545454545283,174.5454545454546,179.9999999999998,180,0,0.6545454545454251,0.0,-2.425319204727809e-13,0.0,0.0,10.25454545454543,0,1.333333333333333,4.090909090908963,0.06818181818181605
314,25.0,416.6666666666667,500.0,416.6666666666667,916.6666666666667,916.6666666666667,1333.333333333333,0.5,0.6,0.5,1.1,1.1,1.6,0.0,0.0,0.0,0.0,0.050000000000000086,0.10000000000000009,0.10000000000000009,0.0,0.1118033988749896,0,48.0,0.0,70.8,2.279999999999968,9.119999999999871,0.0,0.6,11.99999999999983,192.0,203.9999999999998,180,0,0.0,0.0,1.2,4.559999999999936,18.23999999999974,0.0,0,1.333333333333333,8.999999999999874,0.14999999999999789
314,22.5,416.6666666666667,500.0,416.6666666666667,916.6666666666667,916.6666666666667,1333.333333333333,0.5555555555555556,0.6666666666666666,0.5555555555555556,1.2222222222222223,1.2222222222222223,1.777777777777778,0.005555555555555536,0.016666666666666607,0.0,0.12222222222222232,0.17222222222222233,0.2222222222222221,0.2222916558193616,0.0175682092231576,0.3065639924738088,0,55.2,3.6,93.6,5.306666666666893,17.42666666666652,3.799999999999959,0.1333333333332525,26.6666666666666,213.3333333333334,240.0,180,0,0.0,0.0,0.266666666666505,10.61333333333379,34.85333333333304,7.599999999999919,0,1.333333333333333,19.999999999999954,0.33333333333333254
314,20.0,416.6666666666667,500.0,416.6666666666667,916.6666666666667,916.6666666666667,1333.333333333333,0.6250000000000001,0.75,0.6250000000000001,1.3750000000000002,1.3750000000000002,2.0,0.07500000000000007,0.09999999999999998,0.025000000000000133,0.0249999999999998,0.07499999999999979,0.0,0.07500000000000007,0.12747548783981968,0.07905694150420922,0,62.4,43.2,118.8,8.579999999999886,13.08000000000001,2.034000000000014,0.3059999999992821,23.99999999999923,240.0,263.9999999999992,180,0,0.4799999999998868,0.1080000000000129,0.6119999999985642,17.15999999999977,25.68000000000013,3.960000000000016,0,1.333333333333333,17.999999999999424,0.2999999999999904
321,50.0,416.6666666666667,833.3333333333334,416.6666666666667,1250.0,1250.0,1666.666666666667,0.25,0.5,0.25,0.75,0.75,1.0,0.2,0.0,0.15,0.15000000000000002,0.19999999999999996,0.0,0.2,0.25,0.24999999999999997,0,16.8,87.6,118.8,23.39999999999992,13.32000000000011,11.26799999999999,0.01199999999961518,47.99999999999952,120.0,167.9999999999995,180,0,0.960000000000097,0.2160000000000259,0.02399999999923037,46.79999999999984,25.68000000000013,22.31999999999995,0,1.666666666666667,28.799999999999706,0.4799999999999951
321,47.5,416.6666666666667,833.3333333333334,416.6666666666667,1250.0,1250.0,1666.666666666667,0.2631578947368421,0.5263157894736843,0.2631578947368421,0.7894736842105263,0.7894736842105263,1.052631578947369,0.18684210526315792,0.0,0.13684210526315793,0.1105263157894737,0.16052631578947363,0.05263157894736903,0.19411351164115836,0.2315938990388611,0.20187829909484925,0,8.4,86.39999999999999,118.8,19.6107257617724,10.28822160664826,14.53263157894746,0.4105263157894418,44.84210526315721,126.3157894736842,171.1578947368414,180,0,8.94315789473686,5.077894736842265,0.8210526315788835,39.2214515235448,11.63328531855966,23.98736842105265,0,1.666666666666667,26.90526315789432,0.448421052631572
321,45.0,416.6666666666667,833.3333333333334,416.6666666666667,1250.0,1250.0,1666.666666666667,0.2777777777777778,0.5555555555555556,0.2777777777777778,0.8333333333333334,0.8333333333333334,1.111111111111111,0.17222222222222222,0.0,0.12222222222222223,0.06666666666666665,0.11666666666666659,0.11111111111111094,0.20495407495218565,0.21118419787498013,0.17435949807194667,0,9.6,91.2,4.8,17.45955555555564,8.220444444444325,15.52000000000007,0.1333333333332929,41.33333333333316,133.3333333333333,174.6666666666665,180,0,9.386666666666537,5.280000000000129,0.2666666666665858,34.91911111111128,7.054222222222112,25.76000000000002,0,1.666666666666667,24.79999999999989,0.4133333333333315
321,42.5,416.6666666666667,833.3333333333334,416.6666666666667,1250.0,1250.0,1666.666666666667,0.2941176470588235,0.5882352941176471,0.2941176470588235,0.8823529411764706,0.8823529411764706,1.176470588235294,0.15588235294117653,0.0,0.10588235294117654,0.01764705882352946,0.0676470588235294,0.17647058823529393,0.2354595007014756,0.1884419821134277,0.18981415059132398,0,73.2,25.2,62.4,1.274366782006756,21.34210380622842,15.25411764705883,0.952941176470631,38.82352941176445,141.1764705882353,179.9999999999998,180,0,37.90588235294118,1.411764705882362,1.905882352941262,2.548733564013512,4.778325259515663,29.09647058823531,0,1.666666666666667,23.294117647058663,0.3882352941176444
321,40.0,416.6666666666667,833.3333333333334,416.6666666666667,1250.0,1250.0,1666.666666666667,0.3125000000000001,0.6250000000000001,0.3125000000000001,0.9375,0.9375,1.25,0.1374999999999999,0.0,0.08749999999999991,0.0,0.012499999999999956,0.25,0.2853178052628331,0.16298006013006608,0.25031230493125983,0,32.4,88.8,30.0,19.35,0.0,10.65,0.0,30.0,150.0,180.0,180,0,0.0,0.0,0.0,38.7,0.0,21.3,0,1.666666666666667,17.999999999999996,0.29999999999999993
321,37.5,416.6666666666667,833.3333333333334,416.6666666666667,1250.0,1250.0,1666.666666666667,0.3333333333333334,0.6666666666666667,0.3333333333333334,1.0,1.0,1.333333333333333,0.11666666666666659,0.01666666666666672,0.0666666666666666,0.0,0.0,0.16666666666666696,0.2034425935955619,0.1354006400772659,0.16666666666666696,0,52.8,105.6,52.8,7.680000000000008,6.720000000000113,7.359999999999855,2.239999999999539,23.99999999999953,160.0,183.9999999999995,180,0,12.8,1.919999999999871,4.479999999999078,15.36000000000002,0.6400000000002264,12.79999999999984,0,1.666666666666667,14.399999999999716,0.23999999999999527
321,35.0,416.6666666666667,833.3333333333334,416.6666666666667,1250.0,1250.0,1666.666666666667,0.3571428571428572,0.7142857142857143,0.3571428571428572,1.0714285714285714,1.0714285714285714,1.428571428571429,0.0928571428571428,0.06428571428571428,0.042857142857142816,0.0,0.021428571428571394,0.07142857142857095,0.11715156762040485,0.12079667518062683,0.07457361792078918,0,61.2,2.4,79.2,3.462857142857117,15.13714285714284,0.3257142857142349,5.074285714285685,23.99999999999962,171.4285714285714,195.428571428571,180,0,18.34285714285717,0.3085714285713847,10.14857142857137,6.925714285714235,11.93142857142852,0.3428571428570851,0,1.666666666666667,14.39999999999977,0.23999999999999616
321,32.5,416.6666666666667,833.3333333333334,416.6666666666667,1250.0,1250.0,1666.666666666667,0.3846153846153846,0.7692307692307693,0.3846153846153846,1.153846153846154,1.153846153846154,1.538461538461539,0.06538461538461543,0.0807692307692307,0.015384615384615441,0.05384615384615396,0.10384615384615396,0.03846153846153899,0.07585801124352347,0.10505000218267432,0.12313700456601663,0,55.2,2.4,73.2,6.073846153846292,15.52615384615355,1.855384615384618,0.5446153846153822,23.99999999999963,184.6153846153846,208.6153846153843,180,0,9.046153846153821,0.6646153846154145,1.089230769230764,12.14769230769258,22.00615384615327,3.046153846153821,0,1.666666666666667,14.399999999999777,0.23999999999999627
321,30.0,416.6666666666667,833.3333333333334,416.6666666666667,1250.0,1250.0,1666.666666666667,0.4166666666666667,0.8333333333333334,0.4166666666666667,1.25,1.25,1.666666666666667,0.033333333333333326,0.016666666666666607,0.0,0.15,0.2,0.16666666666666696,0.1699673171197598,0.03726779962499646,0.30046260628866595,0,55.2,9.6,82.8,5.959999999999814,20.83999999999982,0.4799999999999677,0.7199999999999515,27.99999999999967,200.0,227.9999999999997,180,0,5.2,0.9599999999999353,1.439999999999903,11.91999999999963,36.47999999999964,0.0,0,1.666666666666667,16.799999999999798,0.27999999999999664
321,27.5,416.6666666666667,833.3333333333334,416.6666666666667,1250.0,1250.0,1666.666666666667,0.4545454545454546,0.9090909090909092,0.4545454545454546,1.3636363636363638,1.3636363636363638,1.818181818181818,0.0,0.0,0.0,0.036363636363636265,0.08636363636363625,0.1818181818181821,0.1818181818181821,0.0,0.20454545454545475,0,43.2,34.8,3.6,9.10909090909093,0.0,0.0,12.70909090909093,21.81818181818171,218.1818181818182,239.9999999999999,180,0,0.0,0.0,25.41818181818186,18.21818181818186,0.0,0.0,0,1.666666666666667,13.090909090909024,0.21818181818181706
321,25.0,416.6666666666667,833.3333333333334,416.6666666666667,1250.0,1250.0,1666.666666666667,0.5,1.0,0.5,1.5,1.5,2.0,0.0,0.0,0.0,0.0,0.0,0.0,0.0,0.0,0.0,0,48.0,36.0,0.0,0.0,0.0,0.0,0.0,0.0,240.0,240.0,180,0,0.0,0.0,0.0,0.0,0.0,0.0,0,1.666666666666667,0.0,0.0
321,22.5,416.6666666666667,833.3333333333334,416.6666666666667,1250.0,1250.0,1666.666666666667,0.5555555555555556,1.111111111111111,0.5555555555555556,1.6666666666666667,1.6666666666666667,2.222222222222222,0.005555555555555536,0.0,0.0,0.06666666666666676,0.1166666666666667,0.22222222222222188,0.2222916558193614,0.005555555555555536,0.2596887976115607,0,42.0,32.4,2.4,3.173333333333277,12.62666666666664,7.079999999999927,3.786666666666578,26.66666666666632,266.6666666666667,293.333333333333,180,0,10.13333333333325,6.560000000000097,7.573333333333156,6.346666666666554,15.12000000000003,7.599999999999757,0,1.666666666666667,15.999999999999789,0.26666666666666317
321,20.0,416.6666666666667,833.3333333333334,416.6666666666667,1250.0,1250.0,1666.666666666667,0.6250000000000001,1.25,0.6250000000000001,1.875,1.875,2.5,0.07500000000000007,0.09999999999999998,0.025000000000000133,0.025000000000000022,0.07499999999999996,0.0,0.07500000000000007,0.12747548783981968,0.07905694150420946,0,62.4,103.2,58.8,8.579999999999968,13.07999999999985,2.034000000000014,0.3059999999994842,23.99999999999918,300.0,323.9999999999992,180,0,0.4799999999998868,0.1080000000000938,0.6119999999989685,17.15999999999994,25.6799999999998,3.959999999999935,0,1.666666666666667,14.399999999999505,0.23999999999999175
322,50.0,583.3333333333334,833.3333333333334,583.3333333333334,1416.6666666666667,1416.6666666666667,2000.0,0.35,0.5,0.35,0.85,0.85,1.2,0.10000000000000003,0.0,0.050000000000000044,0.050000000000000044,0.09999999999999998,0.19999999999999996,0.22360679774997894,0.11180339887498954,0.22912878474779194,0,78.0,1.2,64.8,0.0,26.40000000000004,7.199999999999959,2.4,35.9999999999998,144.0,179.9999999999998,180,0,36.0,0.0,4.8,0.0,16.80000000000008,14.39999999999992,0,2.0,17.9999999999999,0.2999999999999983
322,47.5,583.3333333333334,833.3333333333334,583.3333333333334,1416.6666666666667,1416.6666666666667,2000.0,0.368421052631579,0.5263157894736843,0.368421052631579,0.8947368421052633,0.8947368421052633,1.263157894736842,0.08157894736842103,0.0,0.03157894736842104,0.0052631578947367474,0.05526315789473668,0.23684210526315796,0.25049811871394245,0.08747773757155082,0.24326097154498155,0,32.4,84.0,32.4,21.69473684210526,2.621052631578964,3.694736842105259,0.4105263157894822,28.42105263157893,151.5789473684211,180.0,180,0,0.0,0.0,0.8210526315789644,43.38947368421051,5.242105263157929,7.389473684210518,0,2.0,14.210526315789465,0.23684210526315777
322,45.0,583.3333333333334,833.3333333333334,583.3333333333334,1416.6666666666667,1416.6666666666667,2000.0,0.3888888888888889,0.5555555555555556,0.3888888888888889,0.9444444444444445,0.9444444444444445,1.333333333333333,0.061111111111111116,0.0,0.011111111111111127,0.0,0.005555555555555425,0.16666666666666696,0.1775171700963387,0.06211299937499417,0.166759233553374,0,34.8,90.0,40.8,18.33333333333333,0.0,1.266666666666667,0.4,20.0,160.0,180.0,180,0,0.0,0.0,0.8,36.66666666666666,0.0,2.533333333333333,0,2.0,10.0,0.16666666666666666
322,42.5,583.3333333333334,833.3333333333334,583.3333333333334,1416.6666666666667,1416.6666666666667,2000.0,0.4117647058823529,0.5882352941176471,0.4117647058823529,1.0,1.0,1.411764705882353,0.03823529411764709,0.0,0.0,0.0,0.0,0.08823529411764697,0.09616342778983414,0.03823529411764709,0.08823529411764697,0,61.2,0.0,61.2,-8.084397349092696e-14,5.894117647058819,4.694117647058899,-1.616879469818539e-13,10.58823529411733,169.4117647058823,179.9999999999997,180,0,11.78823529411764,0.0,-3.233758939637078e-13,-1.616879469818539e-13,0.0,9.388235294117798,0,2.0,5.294117647058665,0.08823529411764443
322,40.0,583.3333333333334,833.3333333333334,583.3333333333334,1416.6666666666667,1416.6666666666667,2000.0,0.4375000000000001,0.6250000000000001,0.4375000000000001,1.0625000000000002,1.0625000000000002,1.5,0.0124999999999999,0.0,0.0,0.0,0.01250000000000022,0.0,0.0124999999999999,0.0124999999999999,0.01250000000000022,0,52.8,102.0,57.59999999999999,1.380000000000089,0.2699999999999919,0.5399999999999838,0.8099999999998949,2.999999999999716,180.0,182.9999999999997,180,0,0.3,1.079999999999968,1.61999999999979,2.760000000000178,0.2399999999999838,0.0,0,2.0,1.499999999999858,0.024999999999997632
322,37.5,583.3333333333334,833.3333333333334,583.3333333333334,1416.6666666666667,1416.6666666666667,2000.0,0.4666666666666667,0.6666666666666667,0.4666666666666667,1.1333333333333333,1.1333333333333333,1.6,0.0,0.01666666666666672,0.0,0.0333333333333333,0.0833333333333333,0.10000000000000009,0.10000000000000009,0.01666666666666672,0.13437096247164254,0,52.8,0.0,67.2,2.240000000000065,7.360000000000056,0.0,2.399999999999798,11.9999999999998,192.0,203.9999999999998,180,0,0.0,0.0,4.799999999999596,4.480000000000129,14.72000000000011,0.0,0,2.0,5.9999999999999,0.09999999999999833
322,35.0,583.3333333333334,833.3333333333334,583.3333333333334,1416.6666666666667,1416.6666666666667,2000.0,0.5,0.7142857142857143,0.5,1.2142857142857142,1.2142857142857142,1.714285714285714,0.0,0.06428571428571428,0.0,0.11428571428571419,0.1642857142857142,0.21428571428571397,0.21428571428571397,0.06428571428571428,0.2932053678824824,0,48.0,0.0,62.4,2.811428571428446,11.24571428571431,0.514285714285749,11.14285714285709,25.71428571428541,205.7142857142857,231.4285714285711,180,0,0.0,1.028571428571498,22.28571428571417,5.622857142856891,22.49142857142861,0.0,0,2.0,12.857142857142705,0.21428571428571175
322,32.5,583.3333333333334,833.3333333333334,583.3333333333334,1416.6666666666667,1416.6666666666667,2000.0,0.5384615384615385,0.7692307692307693,0.5384615384615385,1.307692307692308,1.307692307692308,1.846153846153846,0.0,0.0807692307692307,0.0,0.09230769230769209,0.14230769230769208,0.15384615384615397,0.15384615384615397,0.0807692307692307,0.22899962533237211,0,52.8,44.4,3.6,1.292307692307723,6.138461538461545,3.738461538461545,7.292307692307602,18.46153846153832,221.5384615384616,239.9999999999999,180,0,0.0,7.476923076923089,14.5846153846152,2.584615384615447,12.27692307692309,0.0,0,2.0,9.23076923076916,0.1538461538461527
322,30.0,583.3333333333334,833.3333333333334,583.3333333333334,1416.6666666666667,1416.6666666666667,2000.0,0.5833333333333334,0.8333333333333334,0.5833333333333334,1.4166666666666667,1.4166666666666667,2.0,0.033333333333333326,0.016666666666666607,0.0,0.0,0.03333333333333327,0.0,0.033333333333333326,0.03726779962499646,0.03333333333333327,0,52.8,42.0,115.2,1.399999999999919,5.879999999999967,0.398666666666678,0.3213333333332331,7.999999999999758,240.0,247.9999999999998,180,0,4.159999999999935,0.797333333333356,0.6426666666664662,2.799999999999838,7.6,0.0,0,2.0,3.999999999999879,0.06666666666666465
322,27.5,583.3333333333334,833.3333333333334,583.3333333333334,1416.6666666666667,1416.6666666666667,2000.0,0.6363636363636365,0.9090909090909092,0.6363636363636365,1.5454545454545456,1.5454545454545456,2.181818181818182,0.08636363636363642,0.0,0.03636363636363649,0.0,0.0,0.1818181818181821,0.20128718023167783,0.09370694603676512,0.1818181818181821,0,32.4,31.2,99.6,0.4029421487606467,12.86251239669396,2.815239669421418,5.737487603305878,21.81818181818181,261.8181818181819,283.6363636363637,180,0,25.57090909090896,5.172297520661151,11.47497520661176,0.8058842975212934,0.1541157024789653,0.4581818181816844,0,2.0,10.909090909090905,0.18181818181818174
322,25.0,583.3333333333334,833.3333333333334,583.3333333333334,1416.6666666666667,1416.6666666666667,2000.0,0.7000000000000001,1.0,0.7000000000000001,1.7,1.7,2.4,0.15000000000000002,0.0,0.10000000000000009,0.09999999999999998,0.1499999999999999,0.10000000000000009,0.18027756377319953,0.18027756377319953,0.206155281280883,0,31.2,14.4,79.2,1.487999999999415,16.99200000000003,2.879999999999967,14.63999999999978,35.99999999999918,288.0,323.9999999999992,180,0,32.63999999999999,2.879999999999967,29.27999999999956,2.975999999998829,1.344000000000071,2.879999999999967,0,2.0,17.99999999999959,0.2999999999999932
322,22.5,583.3333333333334,833.3333333333334,583.3333333333334,1416.6666666666667,1416.6666666666667,2000.0,0.7777777777777778,1.111111111111111,0.7777777777777778,1.888888888888889,1.888888888888889,2.666666666666667,0.17222222222222217,0.0,0.12222222222222223,0.01111111111111096,0.061111111111110894,0.16666666666666696,0.23966282900136673,0.2111841978749801,0.17786456215091268,0,13.2,24.0,1.2,2.597037037036514,22.7762962962962,13.96000000000002,0.6666666666668284,39.99999999999937,320.0,359.9999999999994,180,0,39.86666666666643,0.0,1.333333333333657,5.194074074073028,5.685925925925969,27.92000000000003,0,2.0,19.999999999999684,0.33333333333332804
322,20.0,583.3333333333334,833.3333333333334,583.3333333333334,1416.6666666666667,1416.6666666666667,2000.0,0.8750000000000001,1.25,0.8750000000000001,2.1250000000000004,2.1250000000000004,3.0,0.07499999999999984,0.09999999999999998,0.02499999999999991,0.02500000000000044,0.07500000000000044,0.0,0.07499999999999984,0.1274754878398195,0.07905694150421004,0,105.6,88.8,103.2,8.820000000000114,0.7799999999999676,7.139999999999984,7.259999999999935,23.99999999999926,360.0,383.9999999999993,180,0,0.6,13.68000000000013,14.51999999999987,17.64000000000023,0.9599999999999353,0.5999999999998383,0,2.0,11.99999999999963,0.19999999999999385
323,50.0,750.0,833.3333333333334,750.0,1583.3333333333335,1583.3333333333335,2333.333333333333,0.45,0.5,0.45,0.9500000000000001,0.9500000000000001,1.4,0.0,0.0,0.0,0.0,0.0,0.10000000000000009,0.10000000000000009,0.0,0.10000000000000009,0,66.0,1.2,64.8,0.0,8.4,1.19999999999996,2.4,11.9999999999998,168.0,179.9999999999998,180,0,12.0,0.0,4.8,0.0,4.8,2.399999999999919,0,2.333333333333333,5.142857142857057,0.08571428571428429
323,47.5,750.0,833.3333333333334,750.0,1583.3333333333335,1583.3333333333335,2333.333333333333,0.4736842105263158,0.5263157894736843,0.4736842105263158,1.0000000000000002,1.0000000000000002,1.473684210526316,0.0,0.0,0.0,0.0,0.0,0.02631578947368407,0.02631578947368407,0.0,0.02631578947368407,0,58.8,0.0,58.8,0.0,0.9789473684210356,2.178947368421116,-2.425319204727809e-13,3.157894736841783,176.8421052631579,179.9999999999997,180,0,1.957894736842071,0.0,-4.850638409455617e-13,0.0,0.0,4.357894736842232,0,2.333333333333333,1.3533834586464786,0.02255639097744131
323,45.0,750.0,833.3333333333334,750.0,1583.3333333333335,1583.3333333333335,2333.333333333333,0.5,0.5555555555555556,0.5,1.0555555555555556,1.0555555555555556,1.555555555555556,0.0,0.0,0.0,0.0,0.0055555555555555775,0.055555555555556024,0.055555555555556024,0.0,0.055832642339560964,0,48.0,0.0,60.0,0.6666666666665858,2.666666666666586,0.0,3.333333333333374,6.666666666666401,186.6666666666667,193.3333333333331,180,0,0.0,0.0,6.666666666666748,1.333333333333172,5.333333333333171,0.0,0,2.333333333333333,2.857142857142744,0.047619047619045736
323,42.5,750.0,833.3333333333334,750.0,1583.3333333333335,1583.3333333333335,2333.333333333333,0.5294117647058824,0.5882352941176471,0.5294117647058824,1.1176470588235294,1.1176470588235294,1.647058823529412,0.0,0.0,0.0,0.017647058823529432,0.06764705882352944,0.1470588235294119,0.1470588235294119,0.0,0.16283071218431083,0,45.6,0.0,58.8,2.096470588235065,8.498823529411796,0.1883460207612289,6.863418685121238,17.64705882352916,197.6470588235294,215.2941176470586,180,0,4.743529411764757,0.3766920415224578,13.72683737024248,4.192941176470129,12.25411764705884,0.0,0,2.333333333333333,7.563025210083927,0.12605042016806545
323,40.0,750.0,833.3333333333334,750.0,1583.3333333333335,1583.3333333333335,2333.333333333333,0.5625,0.6250000000000001,0.5625,1.1875000000000002,1.1875000000000002,1.75,0.012499999999999956,0.0,0.0,0.08750000000000022,0.13750000000000023,0.25,0.25031230493125983,0.012499999999999956,0.2984334096578332,0,55.2,0.0,88.8,11.76000000000002,14.06999999999983,3.689999999999984,0.4800000000000485,29.9999999999998,210.0,239.9999999999998,180,0,0.2399999999998221,0.0,0.960000000000097,23.52000000000003,27.89999999999984,7.379999999999968,0,2.333333333333333,12.857142857142774,0.2142857142857129
323,37.5,750.0,833.3333333333334,750.0,1583.3333333333335,1583.3333333333335,2333.333333333333,0.6,0.6666666666666667,0.6,1.2666666666666668,1.2666666666666668,1.866666666666667,0.04999999999999993,0.01666666666666672,0.0,0.1333333333333332,0.18333333333333318,0.13333333333333308,0.1424000624219586,0.052704627669472946,0.26299556396765805,0,52.8,21.6,100.8,2.399999999999838,20.72000000000007,2.68799999999994,2.191999999999502,27.99999999999947,224.0,251.9999999999995,180,0,5.759999999999935,1.05600000000001,4.383999999999004,4.799999999999677,35.68000000000021,4.319999999999871,0,2.333333333333333,11.999999999999774,0.19999999999999624
323,35.0,750.0,833.3333333333334,750.0,1583.3333333333335,1583.3333333333335,2333.333333333333,0.6428571428571428,0.7142857142857143,0.6428571428571428,1.3571428571428572,1.3571428571428572,2.0,0.09285714285714275,0.06428571428571428,0.042857142857142816,0.042857142857142816,0.0928571428571428,0.0,0.09285714285714275,0.12079667518062677,0.10227015045197388,0,62.4,33.6,116.4,8.262857142856552,10.25142857142859,4.908244897958785,0.5774693877551423,23.99999999999929,240.0000000000001,263.9999999999993,180,0,2.194285714285555,0.2507755102035945,1.154938775510285,16.5257142857131,18.30857142857163,9.565714285713977,0,2.333333333333333,10.285714285713983,0.17142857142856638
323,32.5,750.0,833.3333333333334,750.0,1583.3333333333335,1583.3333333333335,2333.333333333333,0.6923076923076924,0.7692307692307693,0.6923076923076924,1.4615384615384617,1.4615384615384617,2.153846153846154,0.14230769230769236,0.0807692307692307,0.09230769230769242,0.0,0.0,0.1538461538461542,0.20957127270500456,0.18787191910492027,0.1538461538461542,0,40.8,25.2,86.39999999999999,1.938461538461221,21.81230769230768,3.156923076923016,10.93846153846154,37.84615384615319,258.4615384615385,296.3076923076917,180,0,24.22153846153847,6.14769230769226,21.87692307692309,3.876923076922443,19.40307692307688,0.1661538461537728,0,2.333333333333333,16.219780219779942,0.2703296703296657
323,30.0,750.0,833.3333333333334,750.0,1583.3333333333335,1583.3333333333335,2333.333333333333,0.75,0.8333333333333334,0.75,1.5833333333333335,1.5833333333333335,2.333333333333333,0.19999999999999996,0.016666666666666607,0.15000000000000002,0.0,0.03333333333333344,0.16666666666666696,0.2603416558635553,0.25055493963954845,0.16996731711975982,0,70.8,73.2,26.4,18.22399999999947,5.695999999999954,11.68000000000005,8.4,43.99999999999926,280.0,323.9999999999993,180,0,5.759999999999935,11.84000000000006,16.8,36.44799999999895,5.631999999999971,11.52000000000003,0,2.333333333333333,18.85714285714254,0.314285714285709
323,27.5,750.0,833.3333333333334,750.0,1583.3333333333335,1583.3333333333335,2333.333333333333,0.8181818181818182,0.9090909090909092,0.8181818181818182,1.7272727272727275,1.7272727272727275,2.545454545454546,0.13181818181818172,0.0,0.08181818181818179,0.12727272727272754,0.17727272727272747,0.04545454545454586,0.13943510591070885,0.15514589241705457,0.22291272427707728,0,4.8,2.4,92.39999999999999,7.099834710743663,18.20925619834715,17.50909090909085,4.090909090908826,46.90909090909005,305.4545454545455,352.3636363636356,180,0,26.61818181818186,8.509090909091013,8.181818181817652,14.19966942148733,9.800330578512432,26.50909090909069,0,2.333333333333333,20.103896103895735,0.3350649350649289
323,25.0,750.0,833.3333333333334,750.0,1583.3333333333335,1583.3333333333335,2333.333333333333,0.8999999999999999,1.0,0.8999999999999999,1.9000000000000001,1.9000000000000001,2.8,0.050000000000000044,0.0,0.0,0.0,0.04999999999999982,0.20000000000000018,0.2061552812808832,0.050000000000000044,0.20615528128088315,0,4.8,8.4,116.4,1.8,8.399999999999919,13.79999999999992,0.0,23.99999999999977,336.0,359.9999999999998,180,0,16.79999999999984,3.599999999999838,0.0,3.6,0.0,24.0,0,2.333333333333333,10.285714285714189,0.17142857142856982
323,22.5,750.0,833.3333333333334,750.0,1583.3333333333335,1583.3333333333335,2333.333333333333,1.0,1.111111111111111,1.0,2.111111111111111,2.111111111111111,3.111111111111111,0.0,0.0,0.0,0.011111111111111155,0.06111111111111116,0.11111111111111116,0.11111111111111116,0.0,0.12729376930432895,0,110.4,92.39999999999999,116.4,1.933333333332929,2.933333333333333,5.080000000000089,3.386666666666699,13.33333333333263,373.3333333333334,386.666666666666,180,0,0.0,10.16000000000018,6.773333333333398,3.866666666665858,5.866666666666666,0.0,0,2.333333333333333,5.714285714285414,0.09523809523809024
323,20.0,750.0,833.3333333333334,750.0,1583.3333333333335,1583.3333333333335,2333.333333333333,1.125,1.25,1.125,2.3750000000000004,2.3750000000000004,3.5,0.075,0.09999999999999998,0.024999999999999994,0.024999999999999578,0.07499999999999957,0.0,0.075,0.1274754878398196,0.07905694150420893,0,110.4,57.59999999999999,68.39999999999999,3.318000000000029,5.382000000000052,13.4399999999999,1.859999999999693,23.99999999999861,420.0,443.9999999999986,180,0,10.07999999999997,25.79999999999992,3.719999999999386,6.636000000000058,0.6840000000001358,1.079999999999887,0,2.333333333333333,10.285714285713691,0.17142857142856152
324,50.0,416.6666666666667,833.3333333333334,416.6666666666667,1250.0,1250.0,1666.666666666667,0.25,0.5,0.25,0.75,0.75,1.0,0.2,0.0,0.15,0.15000000000000002,0.19999999999999996,0.0,0.2,0.25,0.24999999999999997,0,16.8,87.6,118.8,23.39999999999992,13.32000000000011,11.26799999999999,0.01199999999961518,47.99999999999952,120.0,167.9999999999995,180,0,0.960000000000097,0.2160000000000259,0.02399999999923037,46.79999999999984,25.68000000000013,22.31999999999995,0,1.666666666666667,28.799999999999706,0.4799999999999951
324,47.5,416.6666666666667,833.3333333333334,416.6666666666667,1250.0,1250.0,1666.666666666667,0.2631578947368421,0.5263157894736843,0.2631578947368421,0.7894736842105263,0.7894736842105263,1.052631578947369,0.18684210526315792,0.0,0.13684210526315793,0.1105263157894737,0.16052631578947363,0.05263157894736903,0.19411351164115836,0.2315938990388611,0.20187829909484925,0,8.4,86.39999999999999,118.8,19.6107257617724,10.28822160664826,14.53263157894746,0.4105263157894418,44.84210526315721,126.3157894736842,171.1578947368414,180,0,8.94315789473686,5.077894736842265,0.8210526315788835,39.2214515235448,11.63328531855966,23.98736842105265,0,1.666666666666667,26.90526315789432,0.448421052631572
324,45.0,416.6666666666667,833.3333333333334,416.6666666666667,1250.0,1250.0,1666.666666666667,0.2777777777777778,0.5555555555555556,0.2777777777777778,0.8333333333333334,0.8333333333333334,1.111111111111111,0.17222222222222222,0.0,0.12222222222222223,0.06666666666666665,0.11666666666666659,0.11111111111111094,0.20495407495218565,0.21118419787498013,0.17435949807194667,0,9.6,91.2,4.8,17.45955555555564,8.220444444444325,15.52000000000007,0.1333333333332929,41.33333333333316,133.3333333333333,174.6666666666665,180,0,9.386666666666537,5.280000000000129,0.2666666666665858,34.91911111111128,7.054222222222112,25.76000000000002,0,1.666666666666667,24.79999999999989,0.4133333333333315
324,42.5,416.6666666666667,833.3333333333334,416.6666666666667,1250.0,1250.0,1666.666666666667,0.2941176470588235,0.5882352941176471,0.2941176470588235,0.8823529411764706,0.8823529411764706,1.176470588235294,0.15588235294117653,0.0,0.10588235294117654,0.01764705882352946,0.0676470588235294,0.17647058823529393,0.2354595007014756,0.1884419821134277,0.18981415059132398,0,73.2,25.2,62.4,1.274366782006756,21.34210380622842,15.25411764705883,0.952941176470631,38.82352941176445,141.1764705882353,179.9999999999998,180,0,37.90588235294118,1.411764705882362,1.905882352941262,2.548733564013512,4.778325259515663,29.09647058823531,0,1.666666666666667,23.294117647058663,0.3882352941176444
324,40.0,416.6666666666667,833.3333333333334,416.6666666666667,1250.0,1250.0,1666.666666666667,0.3125000000000001,0.6250000000000001,0.3125000000000001,0.9375,0.9375,1.25,0.1374999999999999,0.0,0.08749999999999991,0.0,0.012499999999999956,0.25,0.2853178052628331,0.16298006013006608,0.25031230493125983,0,32.4,88.8,30.0,19.35,0.0,10.65,0.0,30.0,150.0,180.0,180,0,0.0,0.0,0.0,38.7,0.0,21.3,0,1.666666666666667,17.999999999999996,0.29999999999999993
324,37.5,416.6666666666667,833.3333333333334,416.6666666666667,1250.0,1250.0,1666.666666666667,0.3333333333333334,0.6666666666666667,0.3333333333333334,1.0,1.0,1.333333333333333,0.11666666666666659,0.01666666666666672,0.0666666666666666,0.0,0.0,0.16666666666666696,0.2034425935955619,0.1354006400772659,0.16666666666666696,0,52.8,105.6,52.8,7.680000000000008,6.720000000000113,7.359999999999855,2.239999999999539,23.99999999999953,160.0,183.9999999999995,180,0,12.8,1.919999999999871,4.479999999999078,15.36000000000002,0.6400000000002264,12.79999999999984,0,1.666666666666667,14.399999999999716,0.23999999999999527
324,35.0,416.6666666666667,833.3333333333334,416.6666666666667,1250.0,1250.0,1666.666666666667,0.3571428571428572,0.7142857142857143,0.3571428571428572,1.0714285714285714,1.0714285714285714,1.428571428571429,0.0928571428571428,0.06428571428571428,0.042857142857142816,0.0,0.021428571428571394,0.07142857142857095,0.11715156762040485,0.12079667518062683,0.07457361792078918,0,61.2,2.4,79.2,3.462857142857117,15.13714285714284,0.3257142857142349,5.074285714285685,23.99999999999962,171.4285714285714,195.428571428571,180,0,18.34285714285717,0.3085714285713847,10.14857142857137,6.925714285714235,11.93142857142852,0.3428571428570851,0,1.666666666666667,14.39999999999977,0.23999999999999616
324,32.5,416.6666666666667,833.3333333333334,416.6666666666667,1250.0,1250.0,1666.666666666667,0.3846153846153846,0.7692307692307693,0.3846153846153846,1.153846153846154,1.153846153846154,1.538461538461539,0.06538461538461543,0.0807692307692307,0.015384615384615441,0.05384615384615396,0.10384615384615396,0.03846153846153899,0.07585801124352347,0.10505000218267432,0.12313700456601663,0,55.2,2.4,73.2,6.073846153846292,15.52615384615355,1.855384615384618,0.5446153846153822,23.99999999999963,184.6153846153846,208.6153846153843,180,0,9.046153846153821,0.6646153846154145,1.089230769230764,12.14769230769258,22.00615384615327,3.046153846153821,0,1.666666666666667,14.399999999999777,0.23999999999999627
324,30.0,416.6666666666667,833.3333333333334,416.6666666666667,1250.0,1250.0,1666.666666666667,0.4166666666666667,0.8333333333333334,0.4166666666666667,1.25,1.25,1.666666666666667,0.033333333333333326,0.016666666666666607,0.0,0.15,0.2,0.16666666666666696,0.1699673171197598,0.03726779962499646,0.30046260628866595,0,55.2,9.6,82.8,5.959999999999814,20.83999999999982,0.4799999999999677,0.7199999999999515,27.99999999999967,200.0,227.9999999999997,180,0,5.2,0.9599999999999353,1.439999999999903,11.91999999999963,36.47999999999964,0.0,0,1.666666666666667,16.799999999999798,0.27999999999999664
324,27.5,416.6666666666667,833.3333333333334,416.6666666666667,1250.0,1250.0,1666.666666666667,0.4545454545454546,0.9090909090909092,0.4545454545454546,1.3636363636363638,1.3636363636363638,1.818181818181818,0.0,0.0,0.0,0.036363636363636265,0.08636363636363625,0.1818181818181821,0.1818181818181821,0.0,0.20454545454545475,0,43.2,34.8,3.6,9.10909090909093,0.0,0.0,12.70909090909093,21.81818181818171,218.1818181818182,239.9999999999999,180,0,0.0,0.0,25.41818181818186,18.21818181818186,0.0,0.0,0,1.666666666666667,13.090909090909024,0.21818181818181706
324,25.0,416.6666666666667,833.3333333333334,416.6666666666667,1250.0,1250.0,1666.666666666667,0.5,1.0,0.5,1.5,1.5,2.0,0.0,0.0,0.0,0.0,0.0,0.0,0.0,0.0,0.0,0,48.0,36.0,0.0,0.0,0.0,0.0,0.0,0.0,240.0,240.0,180,0,0.0,0.0,0.0,0.0,0.0,0.0,0,1.666666666666667,0.0,0.0
324,22.5,416.6666666666667,833.3333333333334,416.6666666666667,1250.0,1250.0,1666.666666666667,0.5555555555555556,1.111111111111111,0.5555555555555556,1.6666666666666667,1.6666666666666667,2.222222222222222,0.005555555555555536,0.0,0.0,0.06666666666666676,0.1166666666666667,0.22222222222222188,0.2222916558193614,0.005555555555555536,0.2596887976115607,0,42.0,32.4,2.4,3.173333333333277,12.62666666666664,7.079999999999927,3.786666666666578,26.66666666666632,266.6666666666667,293.333333333333,180,0,10.13333333333325,6.560000000000097,7.573333333333156,6.346666666666554,15.12000000000003,7.599999999999757,0,1.666666666666667,15.999999999999789,0.26666666666666317
324,20.0,416.6666666666667,833.3333333333334,416.6666666666667,1250.0,1250.0,1666.666666666667,0.6250000000000001,1.25,0.6250000000000001,1.875,1.875,2.5,0.07500000000000007,0.09999999999999998,0.025000000000000133,0.025000000000000022,0.07499999999999996,0.0,0.07500000000000007,0.12747548783981968,0.07905694150420946,0,62.4,103.2,58.8,8.579999999999968,13.07999999999985,2.034000000000014,0.3059999999994842,23.99999999999918,300.0,323.9999999999992,180,0,0.4799999999998868,0.1080000000000938,0.6119999999989685,17.15999999999994,25.6799999999998,3.959999999999935,0,1.666666666666667,14.399999999999505,0.23999999999999175
331,50.0,416.6666666666667,416.6666666666667,416.6666666666667,833.3333333333334,833.3333333333334,1250.0,0.25,0.25,0.25,0.5,0.5,0.75,0.2,0.09999999999999998,0.15,0.0,0.0,0.25,0.32015621187164245,0.26925824035672524,0.25,0,6.0,84.0,102.0,14.4,7.199999999999999,16.8,3.6,42.0,90.0,132.0,180,0,9.6,19.2,7.2,28.8,4.8,14.4,0,1.25,33.6,0.56
331,47.5,416.6666666666667,416.6666666666667,416.6666666666667,833.3333333333334,833.3333333333334,1250.0,0.2631578947368421,0.2631578947368421,0.2631578947368421,0.5263157894736843,0.5263157894736843,0.7894736842105264,0.18684210526315792,0.08684210526315789,0.13684210526315793,0.0,0.0,0.21052631578947356,0.28148055339411665,0.24734042394756175,0.21052631578947356,0,1.2,85.2,98.39999999999999,13.22526315789481,12.46105263157895,15.14526315789476,5.905263157894661,46.73684210526288,94.73684210526316,141.473684210526,180,0,14.70315789473688,17.82315789473691,11.81052631578932,26.45052631578963,10.21894736842102,12.46736842105262,0,1.25,37.3894736842103,0.6231578947368384
331,45.0,416.6666666666667,416.6666666666667,416.6666666666667,833.3333333333334,833.3333333333334,1250.0,0.2777777777777778,0.2777777777777778,0.2777777777777778,0.5555555555555556,0.5555555555555556,0.8333333333333334,0.17222222222222222,0.07222222222222219,0.12222222222222223,0.0,0.005555555555555536,0.16666666666666663,0.23966282900136654,0.22319232696222963,0.1667592335533737,0,43.2,46.8,109.2,18.22666666666644,14.90666666666661,13.85333333333332,3.679999999999927,50.66666666666638,100.0,150.6666666666664,180,0,9.866666666666667,3.439999999999984,7.359999999999855,36.45333333333288,19.94666666666655,24.26666666666667,0,1.25,40.533333333333104,0.6755555555555517
331,42.5,416.6666666666667,416.6666666666667,416.6666666666667,833.3333333333334,833.3333333333334,1250.0,0.2941176470588235,0.2941176470588235,0.2941176470588235,0.5882352941176471,0.5882352941176471,0.8823529411764706,0.15588235294117653,0.055882352941176494,0.10588235294117654,0.0,0.038235294117647034,0.11764705882352944,0.19529500354157686,0.19655334643063094,0.12370435791066525,0,61.2,54.0,16.8,7.362352941176344,19.39058823529409,6.501176470588204,15.45176470588227,48.70588235294066,105.8823529411765,154.5882352941171,180,0,25.90588235294118,11.09647058823523,30.90352941176453,14.72470588235269,12.87529411764699,1.905882352941181,0,1.25,38.96470588235253,0.6494117647058756
331,40.0,416.6666666666667,416.6666666666667,416.6666666666667,833.3333333333334,833.3333333333334,1250.0,0.3125000000000001,0.3125000000000001,0.3125000000000001,0.6250000000000001,0.6250000000000001,0.9375000000000002,0.1374999999999999,0.03749999999999987,0.08749999999999991,0.025000000000000133,0.07500000000000007,0.06249999999999978,0.15103807466993197,0.16723860200324547,0.10077822185373181,0,43.2,22.8,97.2,14.1599999999999,4.889999999999985,14.22000000000003,13.22999999999993,46.49999999999967,112.5,158.9999999999997,180,0,5.7,20.34000000000006,26.45999999999986,28.31999999999979,4.079999999999968,8.1,0,1.25,37.19999999999974,0.6199999999999957
331,37.5,416.6666666666667,416.6666666666667,416.6666666666667,833.3333333333334,833.3333333333334,1250.0,0.3333333333333334,0.3333333333333334,0.3333333333333334,0.6666666666666667,0.6666666666666667,1.0,0.11666666666666659,0.016666666666666552,0.0666666666666666,0.06666666666666676,0.1166666666666667,0.0,0.11666666666666659,0.1354006400772659,0.13437096247164257,0,48.0,63.59999999999999,22.8,14.35999999999994,21.43999999999998,0.5199999999999111,7.679999999999725,43.99999999999956,120.0,163.9999999999996,180,0,8.0,0.239999999999903,15.35999999999945,28.71999999999987,34.87999999999997,0.7999999999999191,0,1.25,35.19999999999965,0.5866666666666608
331,35.0,416.6666666666667,416.6666666666667,416.6666666666667,833.3333333333334,833.3333333333334,1250.0,0.3571428571428572,0.3571428571428572,0.3571428571428572,0.7142857142857143,0.7142857142857143,1.071428571428571,0.0928571428571428,0.0,0.042857142857142816,0.11428571428571432,0.16428571428571426,0.07142857142857095,0.11715156762040485,0.10227015045197388,0.21249249686633578,0,49.2,38.4,109.2,9.977142857142745,11.19428571428564,12.06857142857144,7.902857142857101,41.14285714285684,128.5714285714286,169.7142857142854,180,0,6.342857142857166,17.79428571428572,15.8057142857142,19.95428571428549,16.04571428571411,6.342857142857166,0,1.25,32.91428571428547,0.5485714285714245
331,32.5,416.6666666666667,416.6666666666667,416.6666666666667,833.3333333333334,833.3333333333334,1250.0,0.3846153846153846,0.3846153846153846,0.3846153846153846,0.7692307692307693,0.7692307692307693,1.153846153846154,0.06538461538461543,0.0,0.015384615384615441,0.13076923076923075,0.18076923076923068,0.15384615384615397,0.16716395240077497,0.06717018921758845,0.27101060046081255,0,61.2,58.8,9.6,3.498461538461318,20.22461538461543,8.889230769230602,5.233846153846308,37.84615384615354,138.4615384615385,176.307692307692,180,0,15.04615384615382,14.73230769230747,10.46769230769262,6.996923076922637,25.40307692307704,3.04615384615374,0,1.25,30.276923076922834,0.5046153846153806
331,30.0,416.6666666666667,416.6666666666667,416.6666666666667,833.3333333333334,833.3333333333334,1250.0,0.4166666666666667,0.4166666666666667,0.4166666666666667,0.8333333333333334,0.8333333333333334,1.25,0.033333333333333326,0.0,0.0,0.06666666666666665,0.11666666666666659,0.25,0.2522124325070259,0.033333333333333326,0.2838231060987733,0,38.4,0.0,50.4,10.0,0.0,19.8,0.2,30.0,150.0,180.0,180,0,0.0,20.0,0.4,20.0,0.0,19.6,0,1.25,24.0,0.4
331,27.5,416.6666666666667,416.6666666666667,416.6666666666667,833.3333333333334,833.3333333333334,1250.0,0.4545454545454546,0.4545454545454546,0.4545454545454546,0.9090909090909092,0.9090909090909092,1.363636363636364,0.0,0.0,0.0,0.0,0.040909090909090784,0.13636363636363602,0.13636363636363602,0.0,0.14236781603059803,0,43.2,0.0,55.2,5.454545454545466,0.0,10.58181818181818,0.3272727272727126,16.36363636363635,163.6363636363637,180.0,180,0,0.0,10.90909090909093,0.6545454545454251,10.90909090909093,0.0,10.25454545454543,0,1.25,13.09090909090908,0.21818181818181798
331,25.0,416.6666666666667,416.6666666666667,416.6666666666667,833.3333333333334,833.3333333333334,1250.0,0.5,0.5,0.5,1.0,1.0,1.5,0.0,0.0,0.0,0.0,0.0,0.0,0.0,0.0,0.0,0,48.0,0.0,60.0,0.0,0.0,0.0,0.0,0.0,180.0,180.0,180,0,0.0,0.0,0.0,0.0,0.0,0.0,0,1.25,0.0,0.0
331,22.5,416.6666666666667,416.6666666666667,416.6666666666667,833.3333333333334,833.3333333333334,1250.0,0.5555555555555556,0.5555555555555556,0.5555555555555556,1.1111111111111112,1.1111111111111112,1.666666666666667,0.005555555555555536,0.0,0.0,0.011111111111111155,0.06111111111111116,0.16666666666666696,0.16675923355337402,0.005555555555555536,0.17786456215091276,0,42.0,0.0,62.4,2.50666666666661,13.75999999999998,1.19629629629631,2.537037037036943,19.9999999999993,200.0,219.9999999999993,180,0,10.13333333333325,2.392592592592619,5.074074074073885,5.01333333333322,17.3866666666667,0.0,0,1.25,15.99999999999944,0.26666666666665734
331,20.0,416.6666666666667,416.6666666666667,416.6666666666667,833.3333333333334,833.3333333333334,1250.0,0.6250000000000001,0.6250000000000001,0.6250000000000001,1.2500000000000002,1.2500000000000002,1.875,0.07500000000000007,0.0,0.025000000000000133,0.1499999999999998,0.1999999999999998,0.125,0.14577379737113255,0.0790569415042096,0.27950849718747345,0,52.8,19.2,104.4,3.9,18.41999999999987,5.829000000000007,4.850999999999718,32.99999999999945,225.0,257.9999999999994,180,0,8.159999999999936,1.937999999999981,9.701999999999437,7.8,28.6799999999998,9.720000000000033,0,1.25,26.39999999999956,0.4399999999999927
332,50.0,583.3333333333334,416.6666666666667,583.3333333333334,1000.0,1000.0,1583.333333333333,0.35,0.25,0.35,0.6,0.6,0.9500000000000002,0.10000000000000003,0.09999999999999998,0.050000000000000044,0.0,0.04999999999999993,0.04999999999999982,0.11180339887498944,0.15000000000000002,0.07071067811865459,0,43.2,34.8,103.2,12.35999999999981,4.439999999999944,9.120000000000033,4.079999999999968,29.99999999999967,114.0,143.9999999999997,180,0,1.2,8.640000000000065,8.159999999999936,24.71999999999963,7.679999999999887,9.6,0,1.583333333333333,18.947368421052428,0.3157894736842071
332,47.5,583.3333333333334,416.6666666666667,583.3333333333334,1000.0,1000.0,1583.333333333333,0.368421052631579,0.2631578947368421,0.368421052631579,0.6315789473684211,0.6315789473684211,1.0,0.08157894736842103,0.08684210526315789,0.03157894736842104,0.03157894736842115,0.08157894736842108,0.0,0.08157894736842103,0.12326356240663544,0.08747773757155092,0,49.2,38.4,109.2,8.17263157894716,6.006315789473632,8.008421052631537,4.970526315789377,27.15789473684178,120.0,147.1578947368418,180,0,4.989473684210518,11.02736842105256,9.941052631578755,16.34526315789432,7.023157894736747,4.989473684210518,0,1.583333333333333,17.152354570636916,0.28587257617728196
332,45.0,583.3333333333334,416.6666666666667,583.3333333333334,1000.0,1000.0,1583.333333333333,0.3888888888888889,0.2777777777777778,0.3888888888888889,0.6666666666666666,0.6666666666666666,1.055555555555556,0.061111111111111116,0.07222222222222219,0.011111111111111127,0.06666666666666665,0.11666666666666659,0.055555555555556024,0.08258927081843646,0.095257934441568,0.14540280364780456,0,58.8,61.2,14.4,3.640000000000065,15.55999999999998,2.146666666666675,2.653333333333083,23.99999999999966,126.6666666666667,150.6666666666663,180,0,12.13333333333333,4.160000000000016,5.306666666666166,7.280000000000129,18.98666666666662,0.1333333333333333,0,1.583333333333333,15.157894736841893,0.2526315789473649
332,42.5,583.3333333333334,416.6666666666667,583.3333333333334,1000.0,1000.0,1583.333333333333,0.4117647058823529,0.2941176470588235,0.4117647058823529,0.7058823529411764,0.7058823529411764,1.117647058823529,0.03823529411764709,0.055882352941176494,0.0,0.10588235294117643,0.15588235294117636,0.117647058823529,0.12370435791066485,0.0677109672542432,0.22215132471507842,0,54.0,43.2,116.4,3.804705882352735,8.336470588235292,6.628235294117621,4.524705882352808,23.2941176470583,134.1176470588235,157.4117647058818,180,0,4.588235294117638,13.25647058823524,9.049411764705615,7.609411764705469,12.08470588235295,0.0,0,1.583333333333333,14.712074303405245,0.24520123839008742
332,40.0,583.3333333333334,416.6666666666667,583.3333333333334,1000.0,1000.0,1583.333333333333,0.4375000000000001,0.3125000000000001,0.4375000000000001,0.75,0.75,1.1875,0.0124999999999999,0.03749999999999987,0.0,0.15000000000000002,0.19999999999999996,0.1875,0.18791620472966133,0.03952847075210458,0.3125,0,55.2,22.8,98.39999999999999,0.2699999999998707,1.829999999999927,13.77000000000003,9.630000000000008,25.49999999999976,142.5,167.9999999999998,180,0,2.7,27.54000000000006,19.26000000000002,0.5399999999997414,0.9599999999998545,0.0,0,1.583333333333333,16.105263157894587,0.26842105263157645
332,37.5,583.3333333333334,416.6666666666667,583.3333333333334,1000.0,1000.0,1583.333333333333,0.4666666666666667,0.3333333333333334,0.4666666666666667,0.8,0.8,1.266666666666667,0.0,0.016666666666666552,0.0,0.09999999999999998,0.1499999999999999,0.23333333333333295,0.23333333333333295,0.016666666666666552,0.2948634335492352,0,58.8,20.4,70.8,1.800000000000081,1.4,23.11999999999995,1.679999999999806,27.9999999999998,152.0,179.9999999999998,180,0,2.8,32.64000000000006,3.359999999999612,3.600000000000162,0.0,13.59999999999984,0,1.583333333333333,17.684210526315667,0.29473684210526113
332,35.0,583.3333333333334,416.6666666666667,583.3333333333334,1000.0,1000.0,1583.333333333333,0.5,0.3571428571428572,0.5,0.8571428571428571,0.8571428571428571,1.357142857142857,0.0,0.0,0.0,0.04285714285714293,0.09285714285714286,0.14285714285714302,0.14285714285714302,0.0,0.17569105537498364,0,48.0,4.8,64.8,6.000000000000041,0.1714285714285426,10.9714285714285,0.0,17.14285714285697,162.8571428571429,179.9999999999998,180,0,0.0,21.942857142857,0.0,12.00000000000008,0.3428571428570851,0.0,0,1.583333333333333,10.827067669172823,0.18045112781954706
332,32.5,583.3333333333334,416.6666666666667,583.3333333333334,1000.0,1000.0,1583.333333333333,0.5384615384615385,0.3846153846153846,0.5384615384615385,0.9230769230769231,0.9230769230769231,1.461538461538462,0.0,0.0,0.0,0.0,0.026923076923076827,0.0384615384615381,0.0384615384615381,0.0,0.04694829082974466,0,52.8,97.2,56.4,1.292307692307764,2.815384615384634,0.0,0.5076923076923574,4.615384615384585,175.3846153846154,180.0,180,0,0.0,0.0,1.015384615384715,2.584615384615528,5.630769230769268,0.0,0,1.583333333333333,2.9149797570850016,0.04858299595141669
332,30.0,583.3333333333334,416.6666666666667,583.3333333333334,1000.0,1000.0,1583.333333333333,0.5833333333333334,0.4166666666666667,0.5833333333333334,1.0,1.0,1.583333333333333,0.033333333333333326,0.0,0.0,0.0,0.0,0.08333333333333304,0.0897527467855748,0.033333333333333326,0.08333333333333304,0,40.8,96.0,52.8,0.2146666666665422,7.225333333333199,1.585333333333296,0.9746666666666796,9.99999999999983,190.0,199.9999999999998,180,0,13.75999999999994,1.490666666666625,1.949333333333359,0.4293333333330843,0.6906666666664629,1.679999999999968,0,1.583333333333333,6.315789473684104,0.10526315789473507
332,27.5,583.3333333333334,416.6666666666667,583.3333333333334,1000.0,1000.0,1583.333333333333,0.6363636363636365,0.4545454545454546,0.6363636363636365,1.090909090909091,1.090909090909091,1.727272727272728,0.08636363636363642,0.0,0.03636363636363649,0.0,0.04090909090909105,0.22727272727272796,0.24312871127847943,0.09370694603676512,0.23092519628873776,0,32.4,85.2,40.8,0.8074710743799692,13.62525619834709,2.389090909090899,10.45090909090909,27.27272727272698,207.2727272727273,234.5454545454543,180,0,25.57090909090896,0.0,20.90181818181817,1.614942148759938,1.679603305785228,4.778181818181798,0,1.583333333333333,17.224880382774938,0.2870813397129156
332,25.0,583.3333333333334,416.6666666666667,583.3333333333334,1000.0,1000.0,1583.333333333333,0.7000000000000001,0.5,0.7000000000000001,1.2,1.2,1.9,0.15000000000000002,0.0,0.10000000000000009,0.09999999999999995,0.14999999999999997,0.10000000000000009,0.18027756377319953,0.18027756377319953,0.206155281280883,0,70.8,21.6,106.8,16.2,12.11999999999999,7.667999999999908,0.01199999999969603,35.99999999999943,228.0,263.9999999999994,180,0,0.9599999999999353,0.215999999999945,0.02399999999939205,32.4,23.28000000000005,15.11999999999987,0,1.583333333333333,22.736842105262802,0.3789473684210467
332,22.5,583.3333333333334,416.6666666666667,583.3333333333334,1000.0,1000.0,1583.333333333333,0.7777777777777778,0.5555555555555556,0.7777777777777778,1.3333333333333333,1.3333333333333333,2.111111111111111,0.17222222222222217,0.0,0.12222222222222223,0.06666666666666676,0.11666666666666675,0.11111111111111116,0.20495407495218573,0.2111841978749801,0.17435949807194698,0,32.4,64.8,109.2,2.866666666666828,21.1733333333332,2.287111111111113,15.00622222222228,41.33333333333292,253.3333333333333,294.6666666666663,180,0,39.14666666666655,4.574222222222225,30.01244444444455,5.733333333333657,3.199999999999839,0.0,0,1.583333333333333,26.105263157894477,0.4350877192982413
332,20.0,583.3333333333334,416.6666666666667,583.3333333333334,1000.0,1000.0,1583.333333333333,0.8750000000000001,0.6250000000000001,0.8750000000000001,1.5,1.5,2.375,0.07499999999999984,0.0,0.02499999999999991,0.0,0.0,0.125,0.14577379737113244,0.0790569415042093,0.125,0,4.8,56.4,64.8,1.800000000000081,9.899999999999919,3.3,-1.616879469818539e-13,14.99999999999974,285.0,299.9999999999998,180,0,19.79999999999984,0.0,-3.233758939637078e-13,3.600000000000162,0.0,6.6,0,1.583333333333333,9.473684210526153,0.15789473684210256
333,50.0,750.0,416.6666666666667,750.0,1166.6666666666667,1166.6666666666667,1916.666666666667,0.45,0.25,0.45,0.7000000000000001,0.7000000000000001,1.15,0.0,0.09999999999999998,0.0,0.10000000000000009,0.15000000000000002,0.1499999999999999,0.1499999999999999,0.09999999999999998,0.23452078799117146,0,54.0,25.2,103.2,0.1199999999999515,0.4799999999999677,10.43999999999998,6.959999999999976,17.99999999999993,138.0,155.9999999999999,180,0,0.0,20.87999999999997,13.91999999999995,0.239999999999903,0.9599999999999353,0.0,0,1.916666666666667,9.391304347826049,0.15652173913043416
333,47.5,750.0,416.6666666666667,750.0,1166.6666666666667,1166.6666666666667,1916.666666666667,0.4736842105263158,0.2631578947368421,0.4736842105263158,0.736842105263158,0.736842105263158,1.210526315789474,0.0,0.08684210526315789,0.0,0.136842105263158,0.18684210526315792,0.2105263157894739,0.2105263157894739,0.08684210526315789,0.3129809318663223,0,51.6,16.8,97.2,0.4231578947369902,0.8084210526314564,14.28631578947372,9.745263157894644,25.26315789473678,145.2631578947368,170.5263157894736,180,0,0.0,28.57263157894744,19.49052631578929,0.8463157894739803,1.616842105262913,0.0,0,1.916666666666667,13.180778032036578,0.2196796338672763
333,45.0,750.0,416.6666666666667,750.0,1166.6666666666667,1166.6666666666667,1916.666666666667,0.5,0.2777777777777778,0.5,0.7777777777777778,0.7777777777777778,1.277777777777778,0.0,0.07222222222222219,0.0,0.12222222222222223,0.17222222222222217,0.2222222222222221,0.2222222222222221,0.07222222222222219,0.30656399247380867,0,60.0,14.4,70.8,0.0,6.133333333333334,18.27999999999997,2.253333333333325,26.66666666666637,153.3333333333333,179.9999999999997,180,0,0.0,32.9600000000001,4.506666666666651,0.0,12.26666666666667,3.599999999999838,0,1.916666666666667,13.913043478260713,0.2318840579710119
333,42.5,750.0,416.6666666666667,750.0,1166.6666666666667,1166.6666666666667,1916.666666666667,0.5294117647058824,0.2941176470588235,0.5294117647058824,0.8235294117647058,0.8235294117647058,1.352941176470588,0.0,0.055882352941176494,0.0,0.07647058823529418,0.1264705882352941,0.1470588235294119,0.1470588235294119,0.055882352941176494,0.2084918658640858,0,51.6,0.0,63.59999999999999,2.435294117647087,4.588235294117638,10.58823529411772,0.03529411764708736,17.64705882352939,162.3529411764706,180.0,180,0,0.0,21.17647058823544,0.07058823529417471,4.870588235294175,9.176470588235276,0.0,0,1.916666666666667,9.207161125319681,0.1534526854219947
333,40.0,750.0,416.6666666666667,750.0,1166.6666666666667,1166.6666666666667,1916.666666666667,0.5625,0.3125000000000001,0.5625,0.8750000000000001,0.8750000000000001,1.4375,0.012499999999999956,0.03749999999999987,0.0,0.02499999999999991,0.07499999999999984,0.0625,0.0637377439199098,0.0395284707521046,0.10077822185373173,0,52.8,94.8,50.4,0.1499999999999191,9.779999999999967,0.1012499999999515,0.4687499999999596,10.4999999999998,172.5,182.9999999999998,180,0,2.159999999999935,0.202499999999903,0.9374999999999192,0.2999999999998383,17.4,0.0,0,1.916666666666667,5.478260869565112,0.0913043478260852
333,37.5,750.0,416.6666666666667,750.0,1166.6666666666667,1166.6666666666667,1916.666666666667,0.6,0.3333333333333334,0.6,0.9333333333333333,0.9333333333333333,1.533333333333333,0.04999999999999993,0.016666666666666552,0.0,0.0,0.016666666666666607,0.03333333333333299,0.060092521257732914,0.05270462766947289,0.03726779962499616,0,48.0,100.8,52.8,0.0,6.4,1.599999999999919,0.0,7.999999999999801,184.0,191.9999999999998,180,0,9.6,3.199999999999839,0.0,0.0,3.2,0.0,0,1.916666666666667,4.173913043478157,0.06956521739130261
333,35.0,750.0,416.6666666666667,750.0,1166.6666666666667,1166.6666666666667,1916.666666666667,0.6428571428571428,0.3571428571428572,0.6428571428571428,1.0,1.0,1.642857142857143,0.09285714285714275,0.0,0.042857142857142816,0.0,0.0,0.14285714285714302,0.1703837205982367,0.10227015045197384,0.14285714285714302,0,43.2,97.2,55.2,0.6795918367347945,10.92612244897945,5.380408163265344,0.1567346938772163,17.14285714285671,197.1428571428572,214.2857142857139,180,0,17.55428571428557,4.075102040816435,0.3134693877544325,1.359183673469589,4.297959183673326,6.685714285714251,0,1.916666666666667,8.94409937888176,0.14906832298136266
333,32.5,750.0,416.6666666666667,750.0,1166.6666666666667,1166.6666666666667,1916.666666666667,0.6923076923076924,0.3846153846153846,0.6923076923076924,1.076923076923077,1.076923076923077,1.76923076923077,0.14230769230769236,0.0,0.09230769230769242,0.0,0.02692307692307709,0.23076923076922995,0.2711197469011856,0.16962366977846122,0.23233443554675237,0,72.0,8.4,93.6,16.23358579881678,3.529491124260312,7.283076923076927,0.6461538461538213,27.69230769230765,212.3076923076923,240.0,180,0,0.0,0.0,1.292307692307643,32.46717159763357,7.058982248520624,14.56615384615385,0,1.916666666666667,14.448160535117033,0.24080267558528387
333,30.0,750.0,416.6666666666667,750.0,1166.6666666666667,1166.6666666666667,1916.666666666667,0.75,0.4166666666666667,0.75,1.1666666666666667,1.1666666666666667,1.916666666666667,0.19999999999999996,0.0,0.15000000000000002,0.06666666666666674,0.11666666666666674,0.08333333333333304,0.2166666666666665,0.24999999999999997,0.1581138830084189,0,27.6,76.8,13.2,0.4639999999996184,20.576,0.7199999999999919,16.23999999999982,37.99999999999949,230.0,267.9999999999995,180,0,40.32000000000004,0.0,32.47999999999964,0.9279999999992369,0.8319999999999709,1.439999999999984,0,1.916666666666667,19.82608695652147,0.33043478260869114
333,27.5,750.0,416.6666666666667,750.0,1166.6666666666667,1166.6666666666667,1916.666666666667,0.8181818181818182,0.4545454545454546,0.8181818181818182,1.272727272727273,1.272727272727273,2.090909090909091,0.13181818181818172,0.0,0.08181818181818179,0.1272727272727271,0.17727272727272708,0.09090909090909083,0.1601264995800775,0.15514589241705457,0.23640733861719687,0,99.6,33.6,2.4,19.46181818181811,5.225454545454381,12.89454545454549,4.963636363636438,42.54545454545402,250.9090909090909,293.4545454545449,180,0,1.418181818181701,0.0,9.927272727272875,38.92363636363621,9.032727272727062,25.78909090909098,0,1.916666666666667,22.197628458497746,0.36996047430829576
333,25.0,750.0,416.6666666666667,750.0,1166.6666666666667,1166.6666666666667,1916.666666666667,0.8999999999999999,0.5,0.8999999999999999,1.4000000000000001,1.4000000000000001,2.3,0.050000000000000044,0.0,0.0,0.0,0.04999999999999988,0.20000000000000018,0.2061552812808832,0.050000000000000044,0.20615528128088317,0,0.0,36.0,48.0,6.0,18.0,0.0,0.0,24.0,276.0,300.0,180,0,12.0,0.0,0.0,12.0,24.0,0.0,0,1.916666666666667,12.521739130434781,0.20869565217391303
333,22.5,750.0,416.6666666666667,750.0,1166.6666666666667,1166.6666666666667,1916.666666666667,1.0,0.5555555555555556,1.0,1.5555555555555556,1.5555555555555556,2.555555555555555,0.0,0.0,0.0,0.0,0.005555555555555536,0.055555555555554914,0.055555555555554914,0.0,0.05583264233955986,0,0.0,34.8,58.8,2.73333333333301,0.0,2.360000000000016,1.573333333333519,6.666666666666345,306.6666666666667,313.333333333333,180,0,0.0,4.720000000000033,3.146666666667039,5.46666666666602,0.0,0.0,0,1.916666666666667,3.4782608695650494,0.05797101449275082
333,20.0,750.0,416.6666666666667,750.0,1166.6666666666667,1166.6666666666667,1916.666666666667,1.125,0.6250000000000001,1.125,1.7500000000000002,1.7500000000000002,2.875,0.075,0.0,0.024999999999999994,0.1499999999999998,0.19999999999999973,0.125,0.1457737973711325,0.07905694150420949,0.2795084971874734,0,2.4,98.39999999999999,117.6,8.597999999999836,14.68200000000001,7.619999999999951,2.1,32.99999999999892,345.0,377.9999999999989,180,0,0.4800000000000485,9.119999999999871,4.2,17.19599999999967,28.88399999999998,6.120000000000032,0,1.916666666666667,17.21739130434726,0.286956521739121
334,50.0,416.6666666666667,416.6666666666667,750.0,833.3333333333334,1166.6666666666667,1583.333333333333,0.25,0.25,0.45,0.5,0.7000000000000001,0.95,0.2,0.09999999999999998,0.0,0.0,0.15000000000000002,0.050000000000000044,0.20615528128088306,0.22360679774997896,0.158113883008419,0,33.6,4.8,82.8,22.31999999999979,2.279999999999968,10.43999999999998,6.960000000000016,41.99999999999972,114.0,155.9999999999997,180,0,3.6,20.87999999999997,13.92000000000003,44.63999999999958,0.9599999999999353,0.0,0,1.583333333333333,26.526315789473514,0.4421052631578919
334,47.5,416.6666666666667,416.6666666666667,750.0,833.3333333333334,1166.6666666666667,1583.333333333333,0.2631578947368421,0.2631578947368421,0.4736842105263158,0.5263157894736843,0.736842105263158,1.0,0.18684210526315792,0.08684210526315789,0.0,0.0,0.18684210526315792,0.0,0.18684210526315792,0.20603767506382512,0.18684210526315792,0,34.8,0.0,79.2,20.89263157894756,1.938947368421052,12.7136842105262,9.29684210526296,44.84210526315765,120.0,164.8421052631576,180,0,3.221052631578964,25.4273684210524,18.59368421052592,41.78526315789512,0.6568421052631391,0.0,0,1.583333333333333,28.321329639889047,0.47202216066481745
334,45.0,416.6666666666667,416.6666666666667,750.0,833.3333333333334,1166.6666666666667,1583.333333333333,0.2777777777777778,0.2777777777777778,0.5,0.5555555555555556,0.7777777777777778,1.055555555555556,0.17222222222222222,0.07222222222222219,0.0,0.0,0.17222222222222217,0.055555555555556024,0.18096108305447048,0.18675262571079565,0.18096108305447045,0,116.4,56.4,116.4,14.86666666666667,23.30666666666665,9.826666666666602,0.0,47.9999999999997,126.6666666666667,174.6666666666664,180,0,19.94666666666663,19.6533333333332,0.0,29.73333333333333,26.66666666666667,0.0,0,1.583333333333333,30.315789473684028,0.5052631578947337
334,42.5,416.6666666666667,416.6666666666667,750.0,833.3333333333334,1166.6666666666667,1583.333333333333,0.2941176470588235,0.2941176470588235,0.5294117647058824,0.5882352941176471,0.8235294117647058,1.117647058823529,0.15588235294117653,0.055882352941176494,0.0,0.0,0.1264705882352941,0.117647058823529,0.19529500354157658,0.16559633247363828,0.17272996305912938,0,16.8,79.2,22.8,26.04705882352933,10.18588235294111,8.202352941176489,0.03529411764684483,44.47058823529355,134.1176470588235,178.5882352941171,180,0,5.195294117647022,16.40470588235298,0.07058823529368966,52.09411764705866,15.17647058823519,0.0,0,1.583333333333333,28.086687306501194,0.4681114551083532
334,40.0,416.6666666666667,416.6666666666667,750.0,833.3333333333334,1166.6666666666667,1583.333333333333,0.3125000000000001,0.3125000000000001,0.5625,0.6250000000000001,0.8750000000000001,1.1875,0.1374999999999999,0.03749999999999987,0.0,0.025000000000000133,0.07499999999999984,0.1875,0.23251344047172837,0.14252192813739212,0.2034852574512463,0,37.2,55.2,26.4,21.40049999999957,9.739500000000003,4.410000000000016,1.95,37.4999999999996,142.5,179.9999999999996,180,0,0.0,0.0,3.9,42.80099999999915,19.47900000000001,8.820000000000032,0,1.583333333333333,23.684210526315542,0.39473684210525906
334,37.5,416.6666666666667,416.6666666666667,750.0,833.3333333333334,1166.6666666666667,1583.333333333333,0.3333333333333334,0.3333333333333334,0.6,0.6666666666666667,0.9333333333333333,1.266666666666667,0.11666666666666659,0.016666666666666552,0.0,0.06666666666666676,0.016666666666666607,0.23333333333333295,0.2608745973749751,0.11785113019775782,0.2432419919887734,0,40.8,82.8,34.8,19.6,7.400000000000081,0.9999999999999596,0.0,27.99999999999991,152.0,179.9999999999999,180,0,0.8,1.999999999999919,0.0,39.2,14.00000000000016,0.0,0,1.583333333333333,17.684210526315738,0.2947368421052623
334,35.0,416.6666666666667,416.6666666666667,750.0,833.3333333333334,1166.6666666666667,1583.333333333333,0.3571428571428572,0.3571428571428572,0.6428571428571428,0.7142857142857143,1.0,1.357142857142857,0.0928571428571428,0.0,0.042857142857142816,0.11428571428571432,0.0,0.14285714285714302,0.17038372059823673,0.10227015045197388,0.1829464067837958,0,69.6,4.8,79.2,2.872163265305345,14.75069387755106,8.43428571428558,1.371428571428583,27.42857142857035,162.8571428571429,190.2857142857133,180,0,26.74285714285717,12.34285714285692,2.742857142857166,5.74432653061069,2.758530612244956,4.525714285714235,0,1.583333333333333,17.323308270676016,0.28872180451126694
334,32.5,416.6666666666667,416.6666666666667,750.0,833.3333333333334,1166.6666666666667,1583.333333333333,0.3846153846153846,0.3846153846153846,0.6923076923076924,0.7692307692307693,1.076923076923077,1.461538461538462,0.06538461538461543,0.0,0.09230769230769242,0.13076923076923075,0.02692307692307709,0.0384615384615381,0.07585801124352301,0.1131187782296366,0.13894147590914177,0,54.0,115.2,76.8,6.202508875739416,6.102106508875739,13.72615384615375,0.738461538461666,26.76923076923045,175.3846153846154,202.1538461538458,180,0,7.846153846153821,15.04615384615366,1.476923076923332,12.40501775147883,4.358059171597658,12.40615384615384,0,1.583333333333333,16.90688259109292,0.28178137651821533
334,30.0,416.6666666666667,416.6666666666667,750.0,833.3333333333334,1166.6666666666667,1583.333333333333,0.4166666666666667,0.4166666666666667,0.75,0.8333333333333334,1.1666666666666667,1.583333333333333,0.033333333333333326,0.0,0.15000000000000002,0.06666666666666665,0.11666666666666674,0.08333333333333304,0.0897527467855748,0.15365907428821482,0.15811388300841886,0,45.6,103.2,56.4,8.255999999999768,1.983999999999934,7.359999999999976,8.399999999999919,25.99999999999963,190.0,215.9999999999996,180,0,0.0,3.2,16.79999999999984,16.51199999999954,3.967999999999868,11.51999999999995,0,1.583333333333333,16.421052631578718,0.273684210526312
334,27.5,416.6666666666667,416.6666666666667,750.0,833.3333333333334,1166.6666666666667,1583.333333333333,0.4545454545454546,0.4545454545454546,0.8181818181818182,0.9090909090909092,1.272727272727273,1.727272727272728,0.0,0.0,0.08181818181818179,0.0,0.17727272727272708,0.22727272727272796,0.22727272727272796,0.08181818181818179,0.288233433863413,0,54.0,108.0,33.6,0.3054545454545506,0.1309090909089718,0.0,26.8363636363634,27.27272727272674,207.2727272727273,234.545454545454,180,0,0.0,0.0,53.6727272727268,0.6109090909091012,0.2618181818179437,0.0,0,1.583333333333333,17.224880382774785,0.2870813397129131
334,25.0,416.6666666666667,416.6666666666667,750.0,833.3333333333334,1166.6666666666667,1583.333333333333,0.5,0.5,0.8999999999999999,1.0,1.4000000000000001,1.9,0.0,0.0,0.0,0.0,0.04999999999999988,0.10000000000000009,0.10000000000000009,0.0,0.11180339887498951,0,60.0,115.2,4.8,0.0,2.4,1.19999999999996,8.39999999999992,11.9999999999998,228.0,239.9999999999998,180,0,0.0,0.0,16.79999999999984,0.0,4.8,2.399999999999919,0,1.583333333333333,7.578947368420927,0.1263157894736821
334,22.5,416.6666666666667,416.6666666666667,750.0,833.3333333333334,1166.6666666666667,1583.333333333333,0.5555555555555556,0.5555555555555556,1.0,1.1111111111111112,1.5555555555555556,2.111111111111111,0.005555555555555536,0.0,0.0,0.011111111111111155,0.005555555555555536,0.11111111111111116,0.1112499133027822,0.005555555555555536,0.11180339887498954,0,42.0,88.8,112.8,0.8800000000000485,7.253333333333285,2.360000000000016,2.839999999999822,13.33333333333275,253.3333333333333,266.6666666666661,180,0,10.13333333333325,4.720000000000033,5.679999999999644,1.760000000000097,4.373333333333317,0.0,0,1.583333333333333,8.421052631578581,0.14035087719297634
334,20.0,416.6666666666667,416.6666666666667,750.0,833.3333333333334,1166.6666666666667,1583.333333333333,0.6250000000000001,0.6250000000000001,1.125,1.2500000000000002,1.7500000000000002,2.375,0.07500000000000007,0.0,0.024999999999999994,0.1499999999999998,0.19999999999999973,0.125,0.14577379737113255,0.07905694150420954,0.2795084971874734,0,37.2,68.39999999999999,85.2,1.862999999999334,11.21699999999983,11.88000000000005,8.039999999999903,32.99999999999918,285.0,317.9999999999992,180,0,20.63999999999982,19.08000000000013,16.07999999999981,3.725999999998668,1.793999999999829,4.679999999999968,0,1.583333333333333,20.842105263157382,0.34736842105262306
