Link,Length[m],LaneNum,Ave.SPD,SPD_0630,SPD_0645,SPD_0700,SPD_0715,SPD_0730,SPD_0745,SPD_0800,SPD_0815,SPD_0830,SPD_0845,SPD_0900,SPD_0915,SPD_0930,SPD_0945,SPD_1000,SPD_1015,SPD_1030,SPD_1045,SPD_1100,SPD_1115,SPD_1130,SPD_1145,SPD_1200,SPD_1215,SPD_1230,SPD_1245,SPD_1300,SPD_1315,SPD_1330,SPD_1345,SPD_1400,SPD_1415,SPD_1430,SPD_1445,SPD_1500,SPD_1515,SPD_1530,SPD_1545,SPD_1600,SPD_1615,SPD_1630,SPD_1645,SPD_1700,SPD_1715,SPD_1730,SPD_1745,SPD_1800,SPD_1815,SPD_1830,SPD_1845
533967_00280_11490_0,117.2,1,52.40,52.34,52.53,52.55,52.42,52.65,52.59,52.32,52.35,52.41,52.03,52.37,52.71,52.05,52.41,52.06,52.40,52.47,51.28,52.33,52.45,52.29,52.37,52.47,52.49,52.52,52.39,52.37,52.58,52.59,52.58,52.40,52.16,52.02,52.59,52.52,52.47,52.09,52.43,52.35,52.17,52.49,52.40,52.40,52.48,52.70,52.70,52.41,52.76,52.76,52.68
533967_00280_11490_1,117.3,1,49.59,49.43,49.51,49.89,49.77,49.66,49.56,50.03,49.79,49.69,49.62,49.44,49.64,49.66,49.50,49.49,49.24,49.76,49.58,49.35,49.48,49.59,49.95,49.76,49.56,49.28,49.42,49.55,49.43,49.16,49.10,49.82,49.49,49.57,49.49,49.66,49.52,50.15,49.54,49.54,49.81,49.68,49.53,49.46,49.75,49.37,49.79,49.77,49.38,49.47,49.60
533967_00280_13214_0,138.9,1,45.44,45.45,45.45,45.45,45.42,45.42,45.43,45.45,45.45,45.45,45.39,45.42,45.42,45.42,45.45,45.45,45.45,45.45,45.45,45.45,45.45,45.45,45.45,45.45,45.43,45.45,45.45,45.45,45.45,45.45,45.45,45.45,45.45,45.45,45.45,45.41,45.45,45.34,45.41,45.37,45.45,45.45,45.42,45.43,45.45,45.45,45.45,45.42,45.45,45.41,45.45
533967_00280_13214_1,158.9,1,50.72,50.45,50.77,50.73,50.35,50.88,50.32,50.20,50.75,50.64,50.45,50.88,50.72,50.59,50.26,50.80,50.32,50.25,49.89,50.50,50.76,50.28,50.60,51.02,50.64,51.02,50.73,50.50,50.75,50.79,50.62,50.53,50.78,50.63,50.55,51.14,51.17,50.86,50.81,51.26,50.45,51.32,50.78,51.15,50.75,51.30,51.29,51.47,51.54,51.39,51.17
533967_00285_11494_0,61.6,1,49.61,49.86,53.41,50.00,48.96,50.42,50.28,49.95,49.81,49.30,-1,52.20,48.53,48.50,50.42,50.71,50.23,-1,46.71,55.47,49.02,49.30,47.97,51.77,47.54,49.97,49.30,48.23,49.30,50.04,50.03,49.92,51.20,-1,47.06,49.30,49.30,49.30,49.30,50.89,47.97,50.23,49.30,52.65,49.30,48.75,50.32,47.54,47.54,49.51,48.70
533967_00285_11494_1,61.5,1,44.34,44.31,44.31,44.31,44.31,44.31,44.31,44.31,44.48,44.31,44.62,44.31,44.31,44.31,44.31,44.31,44.31,44.31,44.31,44.31,44.31,44.31,44.31,44.31,44.31,44.81,44.31,44.31,44.31,44.31,44.31,44.31,44.78,44.31,44.31,44.31,44.31,44.31,44.31,44.31,44.31,44.31,44.31,44.31,44.31,44.31,44.31,44.31,44.31,44.31,44.31
533967_00285_11497_0,145.2,1,52.08,51.90,52.28,52.16,52.28,52.11,51.26,52.15,50.59,51.85,51.76,52.28,52.28,51.99,52.28,52.03,52.28,52.28,52.01,52.05,52.28,51.80,51.79,52.28,52.28,51.98,52.28,52.28,52.28,52.28,52.28,52.28,52.01,52.28,52.28,52.28,52.28,52.28,52.28,52.28,52.28,52.28,52.28,52.28,52.28,52.28,52.28,52.28,52.28,52.28,52.28
533967_00285_11497_1,145.1,1,49.60,49.52,48.17,49.46,49.90,49.29,49.34,49.43,49.48,49.75,-1,48.60,50.10,50.05,49.42,49.12,49.12,-1,50.97,47.49,49.84,49.60,50.35,48.76,50.56,49.47,49.75,50.23,49.75,49.44,49.45,49.49,48.98,-1,50.79,49.75,49.75,49.75,49.75,49.10,49.75,49.36,49.75,48.44,49.75,49.90,49.33,50.56,50.56,49.67,50.02
533967_00319_00539_0,145.8,1,18.19,28.63,32.23,29.12,30.85,27.43,4.47,8.91,12.96,4.81,9.50,23.59,6.23,7.97,20.76,21.99,19.38,24.99,28.08,30.50,31.95,33.87,24.54,31.49,23.83,27.36,27.10,26.50,22.15,23.48,23.98,28.60,28.57,23.85,24.47,29.53,26.47,26.77,32.05,25.39,27.26,29.79,26.79,24.75,31.34,24.47,28.17,20.22,21.43,27.18,31.23
533967_00319_00539_1,145.6,1,24.15,26.21,26.07,27.83,29.18,27.95,23.28,25.79,27.14,22.48,28.08,25.00,27.62,27.10,26.01,24.08,25.10,26.07,23.51,21.54,23.36,26.68,23.65,23.24,25.45,23.48,21.00,19.55,24.51,23.91,22.76,22.65,20.78,21.81,24.13,22.14,22.58,22.99,21.50,23.06,23.73,21.06,20.25,22.19,25.25,27.03,27.08,25.31,22.21,23.57,27.65
533967_00319_01435_0,261.1,1,-1,-1,-1,-1,-1,-1,-1,-1,-1,-1,-1,-1,-1,-1,-1,-1,-1,-1,-1,-1,-1,-1,-1,-1,-1,-1,-1,-1,-1,-1,-1,-1,-1,-1,-1,-1,-1,-1,-1,-1,-1,-1,-1,-1,-1,-1,-1,-1,-1,-1,-1
533967_00319_01435_1,281.8,1,-1,-1,-1,-1,-1,-1,-1,-1,-1,-1,-1,-1,-1,-1,-1,-1,-1,-1,-1,-1,-1,-1,-1,-1,-1,-1,-1,-1,-1,-1,-1,-1,-1,-1,-1,-1,-1,-1,-1,-1,-1,-1,-1,-1,-1,-1,-1,-1,-1,-1,-1
533967_00319_11518_0,242.2,1,29.94,29.95,29.99,29.99,29.97,29.98,29.97,29.95,29.94,29.96,29.90,29.91,29.90,29.94,29.93,29.97,29.92,29.97,29.88,29.93,29.90,29.91,29.92,29.88,29.99,29.93,29.87,29.97,29.97,29.91,29.91,29.95,29.93,29.90,29.90,29.96,29.95,29.89,29.93,29.88,29.93,29.95,29.93,29.92,29.99,30.01,29.95,29.89,29.83,30.00,30.00
533967_00319_11518_1,242.9,1,21.70,35.14,33.13,33.34,29.27,29.49,11.49,6.57,23.41,5.57,10.60,34.96,12.68,6.92,27.71,29.54,34.47,36.03,29.87,29.92,35.09,28.71,31.87,30.31,31.52,34.91,31.17,31.72,33.60,32.02,35.14,31.62,30.91,33.93,33.50,30.10,31.46,31.53,31.34,33.90,28.75,34.98,39.01,32.46,30.13,32.29,27.21,35.45,31.17,30.02,28.72
533967_00319_87770_0,526.5,1,-1,-1,-1,-1,-1,-1,-1,-1,-1,-1,-1,-1,-1,-1,-1,-1,-1,-1,-1,-1,-1,-1,-1,-1,-1,-1,-1,-1,-1,-1,-1,-1,-1,-1,-1,-1,-1,-1,-1,-1,-1,-1,-1,-1,-1,-1,-1,-1,-1,-1,-1
533967_00319_87770_1,526.3,1,-1,-1,-1,-1,-1,-1,-1,-1,-1,-1,-1,-1,-1,-1,-1,-1,-1,-1,-1,-1,-1,-1,-1,-1,-1,-1,-1,-1,-1,-1,-1,-1,-1,-1,-1,-1,-1,-1,-1,-1,-1,-1,-1,-1,-1,-1,-1,-1,-1,-1,-1
533967_00532_00534_0,270.4,1,26.96,33.11,29.72,29.81,28.94,33.23,26.44,27.96,29.80,28.76,25.47,28.88,25.84,27.83,35.41,28.96,28.51,28.33,28.94,26.72,26.04,28.91,30.96,27.18,25.73,25.41,31.92,30.48,32.20,33.81,23.59,23.05,27.61,22.59,15.28,19.90,24.65,27.48,24.75,28.71,31.88,26.28,26.68,30.35,27.60,37.95,26.84,27.16,20.49,23.29,27.44
533967_00532_00534_1,270.7,1,25.41,24.60,27.20,23.67,21.53,22.91,23.35,22.21,21.94,26.85,21.50,23.36,26.96,23.45,24.82,23.64,24.42,27.40,24.47,26.27,26.22,32.58,26.81,29.30,24.56,27.19,23.10,30.42,28.24,22.08,30.45,29.09,28.95,32.64,27.91,30.24,29.02,30.22,27.45,21.11,27.57,23.04,24.92,23.79,24.57,28.73,29.91,22.12,25.02,27.24,26.71
533967_00532_01530_0,145.8,1,44.73,46.70,48.80,46.71,47.40,47.71,47.34,46.72,44.65,45.56,47.45,29.54,37.39,47.90,47.62,47.89,47.02,48.70,47.71,47.88,49.36,48.52,48.82,47.05,46.75,48.42,18.91,26.43,46.40,46.65,47.35,45.46,48.23,47.71,49.14,48.51,47.71,46.91,47.98,46.70,46.60,48.24,48.21,47.77,47.15,47.57,46.75,46.76,45.95,47.81,48.01
533967_00532_01530_1,145.6,1,9.59,16.35,12.50,11.46,21.72,11.31,11.20,12.05,8.83,6.16,12.04,16.35,12.90,17.52,21.81,11.04,9.92,11.83,12.16,12.77,8.58,7.67,7.81,8.99,7.90,8.33,8.63,7.18,6.63,7.13,7.03,6.92,7.73,13.08,10.08,10.14,7.80,8.48,9.63,9.55,7.62,8.20,8.29,9.64,9.67,10.50,11.09,14.02,18.99,13.49,10.54
533967_00532_11490_0,284.1,1,48.34,48.29,48.45,48.09,48.24,48.50,48.49,48.26,47.34,47.14,48.82,48.29,48.36,48.46,48.33,48.15,48.41,48.62,48.06,47.83,48.15,48.68,48.07,48.40,48.30,48.37,48.51,48.29,47.53,48.64,48.35,48.14,48.05,48.13,48.49,48.13,48.40,48.89,48.84,49.10,47.85,48.30,47.93,48.40,48.34,48.38,48.82,48.95,48.94,48.81,48.56
533967_00532_11490_1,283.1,1,26.05,25.38,28.54,27.39,25.71,24.47,24.96,28.57,27.39,23.46,22.17,22.83,24.13,22.90,24.94,28.97,24.04,24.86,27.68,28.35,28.13,28.21,27.31,28.37,29.01,26.87,26.54,28.01,24.65,26.22,24.49,27.28,23.16,32.22,22.30,25.68,27.20,27.58,26.05,27.67,25.14,25.90,25.44,27.97,27.41,25.88,25.94,27.36,29.78,27.50,25.80
533967_00532_11497_0,89.2,1,44.93,46.21,46.39,43.43,45.88,45.51,44.86,44.57,43.98,44.51,-1,45.88,44.08,44.48,44.96,44.16,45.88,-1,45.07,49.41,42.25,45.38,44.29,49.95,45.88,46.41,46.43,45.88,45.88,45.63,45.31,43.11,53.52,-1,47.83,47.00,45.88,44.29,46.35,45.36,42.82,48.78,44.60,45.41,44.51,44.70,45.58,44.19,45.88,44.24,44.98
533967_00532_11497_1,90.0,1,8.83,8.05,10.70,8.69,8.11,7.83,6.95,10.31,6.75,8.17,8.14,8.59,10.22,8.09,7.64,8.04,7.95,11.78,8.60,8.41,12.32,9.65,9.70,9.56,8.88,10.20,8.51,8.97,10.83,11.44,12.57,7.56,7.70,8.96,20.59,12.83,8.77,7.03,10.16,8.58,8.74,9.38,6.77,8.57,8.75,8.80,9.57,9.17,13.17,12.28,10.97
533967_00533_11502_0,55.6,1,32.76,30.77,33.33,33.33,32.62,32.97,32.00,32.88,32.97,32.74,32.31,33.13,32.65,33.00,32.69,32.56,32.51,32.54,32.40,32.70,32.97,32.81,32.89,32.27,32.78,33.09,33.19,32.54,32.48,32.54,32.88,32.76,32.95,32.87,32.60,32.61,32.77,32.95,32.45,32.92,32.88,32.88,32.81,32.70,33.33,32.49,32.94,32.48,33.02,32.75,33.02
533967_00533_11502_1,76.1,1,45.03,45.19,45.69,44.59,43.96,44.39,45.12,41.59,43.91,43.81,44.77,43.76,45.82,43.51,44.26,46.28,45.14,47.64,44.37,46.80,44.73,48.28,45.21,47.01,45.56,46.06,44.63,46.96,46.89,44.52,46.80,44.90,44.67,44.74,44.50,46.48,45.46,44.74,45.31,43.98,44.42,43.18,45.18,43.86,45.06,46.68,47.49,44.84,45.57,44.76,47.07
533967_00533_11503_0,186.6,1,30.38,30.43,30.53,30.48,30.47,30.40,30.07,30.11,30.39,30.18,30.43,30.21,30.36,30.45,30.02,30.40,30.43,30.34,30.48,30.47,30.46,30.42,30.35,30.48,30.44,30.53,30.35,30.53,30.53,30.47,30.53,30.39,30.46,30.44,30.42,30.49,30.53,30.47,30.53,30.45,30.46,30.38,30.25,30.29,30.48,30.44,30.45,30.33,30.46,30.47,30.27
533967_00533_11503_1,186.7,1,31.60,-1,32.00,31.85,31.93,31.86,31.18,30.76,31.54,31.54,31.70,31.75,31.57,31.83,31.91,32.00,31.96,31.73,31.08,31.79,31.86,31.89,31.04,31.71,31.72,31.74,31.46,31.64,31.82,31.86,31.55,31.80,31.85,31.61,31.82,31.86,31.77,31.87,31.68,31.48,31.23,31.26,31.38,31.33,31.13,31.92,31.85,31.72,31.61,30.71,31.40
533967_00533_11505_0,220.0,1,30.01,30.29,29.33,-1,-1,-1,30.23,30.07,30.17,30.12,29.88,30.46,30.06,30.07,-1,30.26,30.46,30.16,29.76,30.05,-1,30.23,29.84,30.12,29.88,30.21,30.04,30.09,30.30,29.60,30.19,29.88,-1,29.79,29.88,30.37,30.46,-1,29.96,29.76,29.94,29.81,30.07,29.86,30.01,29.85,29.45,29.70,30.12,30.11,29.86
533967_00533_11505_1,220.7,1,30.12,30.18,-1,-1,29.95,29.99,30.17,29.76,29.85,30.18,30.37,30.21,-1,-1,30.23,30.10,-1,30.56,-1,29.99,30.56,-1,30.27,29.99,30.33,-1,30.56,30.56,30.56,29.99,30.18,30.56,-1,30.56,30.18,29.75,29.80,-1,-1,30.56,-1,-1,30.56,30.35,-1,30.56,-1,29.80,29.43,29.99,29.99
533967_00534_00766_0,409.9,1,32.87,32.15,34.22,29.71,30.12,36.37,32.86,30.16,32.48,32.74,30.83,32.21,31.21,36.25,31.39,30.59,31.45,37.26,32.83,32.31,35.68,32.21,29.98,29.40,31.31,31.25,32.03,33.03,34.24,33.57,33.17,36.25,30.18,28.79,32.61,33.36,34.46,37.17,35.71,38.11,36.43,34.58,33.85,34.17,34.68,35.51,35.78,37.77,36.62,35.73,32.70
533967_00534_00766_1,409.7,1,29.55,35.47,33.28,32.76,33.56,34.11,30.08,28.00,28.10,30.90,29.68,29.17,31.11,29.91,33.10,31.84,33.68,25.71,29.32,30.64,30.68,28.79,32.23,26.55,31.88,32.18,27.60,30.09,31.27,36.47,28.95,30.33,28.69,29.06,24.85,31.19,26.98,31.47,32.50,23.71,30.79,28.78,27.79,28.51,28.56,32.39,33.17,29.20,30.38,27.36,29.68
533967_00534_11504_0,86.9,1,29.23,-1,29.96,30.24,29.80,29.17,29.04,29.14,29.51,29.29,29.47,29.80,29.53,29.29,29.37,28.69,29.28,28.87,28.91,28.88,29.25,29.23,29.31,29.35,29.24,29.62,29.67,29.49,29.22,29.40,29.09,29.49,29.38,28.83,29.00,29.01,29.88,28.99,29.04,29.06,29.00,28.45,29.36,29.04,28.35,29.32,29.55,29.35,29.21,29.23,29.34
533967_00534_11504_1,87.2,1,7.30,7.93,8.12,7.08,7.20,7.13,7.22,5.32,6.80,4.64,6.11,7.32,6.21,7.55,7.16,7.69,8.07,7.53,8.19,7.07,7.16,9.30,7.47,9.24,8.61,6.33,7.93,8.13,8.30,7.30,7.57,8.43,10.14,7.30,7.10,7.30,7.23,7.67,8.15,8.70,7.49,8.19,7.01,7.20,7.41,8.34,7.58,8.37,8.23,9.02,8.22
533967_00535_00538_0,162.0,1,14.43,15.40,15.56,13.19,13.00,13.77,12.16,12.60,11.98,13.84,14.75,12.79,13.57,15.58,21.87,15.65,15.22,13.78,14.63,14.18,12.99,13.12,15.92,17.23,12.65,13.36,12.45,14.24,15.22,14.18,12.31,15.96,12.53,12.44,15.15,13.47,16.71,15.15,15.03,13.29,14.81,12.69,14.12,14.31,15.12,15.88,13.83,19.33,25.87,24.73,25.57
533967_00535_00538_1,173.6,1,17.18,13.00,19.83,20.83,16.15,17.19,16.59,17.18,19.81,17.92,13.94,14.01,19.40,11.53,15.71,14.93,19.27,19.61,18.31,18.88,15.72,20.48,22.60,20.10,20.52,19.70,19.16,20.03,27.67,16.19,18.92,17.23,17.11,16.04,13.51,18.91,13.23,13.43,13.06,18.62,28.31,21.90,16.51,14.91,16.50,20.14,19.66,18.56,17.76,19.78,16.63
533967_00535_00609_0,512.4,1,29.92,29.99,29.98,30.02,29.96,29.96,29.93,29.80,29.84,29.93,29.90,29.84,29.82,29.88,29.94,29.91,30.05,29.99,30.01,29.84,29.92,29.95,29.92,30.03,29.95,30.05,30.02,29.87,29.97,29.84,29.97,29.98,29.96,29.97,29.87,29.94,29.87,29.83,29.99,29.84,29.82,29.73,29.81,29.99,29.95,29.97,30.00,29.91,29.98,29.99,30.01
533967_00535_00609_1,514.6,1,18.27,18.11,19.78,19.71,16.74,16.90,19.40,21.04,16.37,21.20,17.73,19.73,20.30,19.32,22.13,20.66,19.47,19.63,22.61,19.52,19.08,19.17,21.58,15.90,14.36,16.30,20.41,19.27,18.29,21.04,22.25,19.95,20.79,21.56,21.79,19.78,19.37,19.86,17.18,18.88,17.15,19.46,17.16,15.32,16.81,17.04,13.83,18.61,16.74,14.02,19.84
533967_00535_11512_0,144.9,1,44.65,44.47,44.97,44.63,44.18,44.80,45.55,45.74,43.57,45.97,44.44,43.92,43.90,45.02,45.41,45.61,44.81,42.25,44.78,44.59,45.17,43.47,44.73,44.93,43.92,44.40,45.18,44.73,44.19,44.60,43.89,45.14,45.52,44.93,44.35,44.69,44.84,46.04,44.12,44.08,43.25,43.67,44.04,43.78,44.86,44.96,45.64,44.98,45.44,45.05,45.21
533967_00535_11512_1,145.9,1,13.71,14.06,16.13,14.78,14.04,10.91,9.32,14.14,10.91,10.67,14.65,15.97,14.58,17.45,16.24,15.10,16.38,13.55,13.37,15.21,11.99,13.17,12.80,14.65,16.43,13.29,12.97,13.33,13.83,16.46,14.92,14.93,14.15,13.14,14.96,13.25,13.33,12.03,13.97,14.95,13.32,13.56,15.27,11.24,14.05,17.09,15.45,16.46,14.13,16.31,16.37
533967_00535_14018_0,131.1,1,42.82,42.90,42.61,43.46,43.72,42.82,42.29,42.18,43.40,42.66,43.25,44.15,43.40,43.98,40.41,43.58,43.31,42.63,41.59,42.90,43.39,42.90,41.56,41.92,41.10,42.90,43.35,42.66,42.47,44.34,43.34,43.79,42.65,42.20,43.05,42.63,42.17,39.66,41.26,42.48,43.83,42.39,43.86,41.35,42.61,44.29,43.87,42.72,44.41,42.80,43.79
533967_00535_14018_1,131.7,1,10.64,13.85,11.64,12.04,10.39,7.41,10.87,12.54,9.49,5.66,7.02,10.30,9.23,12.64,11.21,13.14,11.49,14.66,14.61,12.60,14.28,11.56,14.00,13.95,12.88,12.33,15.04,17.38,15.61,13.58,11.38,11.24,13.10,13.82,12.79,12.48,11.06,7.09,8.66,9.65,13.09,9.66,7.09,11.74,12.12,9.59,8.47,12.88,13.47,11.03,13.82
533967_00536_11512_0,117.7,1,29.00,30.22,30.16,30.20,30.13,23.04,28.15,29.83,28.33,17.32,30.21,30.14,30.13,30.11,30.02,30.22,30.17,30.16,30.18,30.07,29.58,30.25,29.94,30.20,30.20,29.92,30.21,30.15,30.05,30.19,30.16,30.19,30.16,29.98,30.23,30.16,30.18,30.20,30.10,30.22,30.17,30.19,30.13,30.15,30.10,30.08,30.25,30.23,30.06,30.13,30.25
533967_00536_11512_1,97.2,1,43.16,43.13,43.01,43.51,42.83,43.02,43.06,43.27,43.31,42.98,43.26,43.32,42.88,43.37,43.04,43.22,42.99,43.21,43.06,43.35,43.09,43.23,43.29,42.99,43.35,43.12,43.19,43.27,43.40,42.70,43.14,43.14,43.13,43.05,43.24,43.10,43.31,42.81,43.24,43.02,43.16,43.00,43.02,43.12,43.05,43.36,42.84,43.29,43.21,43.32,43.28
533967_00538_00539_0,270.7,1,23.42,22.70,21.21,24.65,24.74,24.30,19.78,22.52,22.95,19.09,25.17,24.01,21.90,23.66,27.04,24.62,23.35,25.27,24.95,24.99,25.83,24.17,22.70,22.00,21.71,23.51,23.96,24.78,24.97,25.52,25.86,26.34,22.94,25.33,24.74,26.47,25.40,25.61,24.93,22.83,24.48,25.39,21.13,24.10,25.44,22.79,24.62,22.02,17.97,19.79,20.01
533967_00538_00539_1,271.1,1,16.71,27.20,22.31,25.30,23.33,10.65,21.62,12.50,13.56,15.14,8.27,13.74,16.85,14.64,20.72,20.28,18.11,17.11,26.63,20.92,12.66,18.13,16.57,22.92,18.18,25.32,24.13,18.23,22.42,24.44,19.76,22.32,23.54,24.99,24.66,20.38,18.83,18.75,26.66,16.31,19.60,19.16,24.55,16.24,14.03,11.43,9.04,7.76,10.34,27.73,28.08
533967_00538_11513_0,256.6,1,40.40,44.33,44.20,43.95,42.44,43.74,40.86,42.81,41.87,41.59,40.89,20.46,21.50,44.43,45.04,42.04,39.55,43.27,42.17,42.52,42.78,42.30,40.64,43.55,43.50,43.17,45.13,40.83,42.03,46.08,34.60,30.32,42.01,42.50,41.54,42.42,42.83,42.01,43.95,41.63,41.78,41.39,43.90,39.58,41.80,40.83,41.35,40.82,40.54,44.16,42.86
533967_00538_11513_1,257.1,1,12.84,9.20,5.57,6.99,6.76,9.36,10.52,10.59,15.73,15.08,12.55,6.11,10.58,12.95,15.10,11.11,20.82,16.31,16.66,18.58,16.86,18.08,19.34,21.53,19.60,18.97,16.96,18.61,24.42,17.58,19.84,17.74,17.48,19.82,18.70,20.13,20.22,21.18,21.50,16.40,18.71,21.80,22.05,19.58,16.96,17.08,19.05,18.20,15.56,20.74,15.27
533967_00539_11517_0,283.3,1,19.48,-1,-1,-1,-1,-1,-1,-1,19.62,19.41,19.49,19.53,19.52,19.52,19.62,-1,-1,-1,19.62,19.52,-1,19.62,19.49,-1,19.43,19.41,19.41,-1,19.43,19.25,-1,-1,-1,19.54,19.52,19.62,19.52,19.47,19.49,19.34,19.52,19.51,19.55,19.45,19.62,-1,19.56,19.44,19.53,19.43,19.54
533967_00539_11517_1,303.8,1,12.93,-1,-1,-1,-1,11.64,15.26,12.91,12.61,14.11,15.49,13.00,11.51,10.78,15.06,14.32,11.75,13.39,11.92,18.13,13.27,10.37,12.23,12.06,12.60,-1,-1,15.16,11.80,17.93,14.05,11.99,10.81,12.22,13.64,13.62,13.02,14.80,8.68,12.94,-1,14.49,11.97,12.39,11.69,13.44,12.41,12.45,13.39,-1,14.50
533967_00605_01530_0,176.3,1,-1,-1,-1,-1,-1,-1,-1,-1,-1,-1,-1,-1,-1,-1,-1,-1,-1,-1,-1,-1,-1,-1,-1,-1,-1,-1,-1,-1,-1,-1,-1,-1,-1,-1,-1,-1,-1,-1,-1,-1,-1,-1,-1,-1,-1,-1,-1,-1,-1,-1,-1
533967_00605_01530_1,174.8,1,-1,-1,-1,-1,-1,-1,-1,-1,-1,-1,-1,-1,-1,-1,-1,-1,-1,-1,-1,-1,-1,-1,-1,-1,-1,-1,-1,-1,-1,-1,-1,-1,-1,-1,-1,-1,-1,-1,-1,-1,-1,-1,-1,-1,-1,-1,-1,-1,-1,-1,-1
533967_00605_72276_0,92.4,1,-1,-1,-1,-1,-1,-1,-1,-1,-1,-1,-1,-1,-1,-1,-1,-1,-1,-1,-1,-1,-1,-1,-1,-1,-1,-1,-1,-1,-1,-1,-1,-1,-1,-1,-1,-1,-1,-1,-1,-1,-1,-1,-1,-1,-1,-1,-1,-1,-1,-1,-1
533967_00605_72276_1,92.9,1,-1,-1,-1,-1,-1,-1,-1,-1,-1,-1,-1,-1,-1,-1,-1,-1,-1,-1,-1,-1,-1,-1,-1,-1,-1,-1,-1,-1,-1,-1,-1,-1,-1,-1,-1,-1,-1,-1,-1,-1,-1,-1,-1,-1,-1,-1,-1,-1,-1,-1,-1
533967_00608_00609_0,62.4,1,65.73,67.58,69.20,69.08,63.82,67.35,56.82,57.07,66.87,62.24,68.08,66.49,68.98,68.74,61.08,63.02,70.16,64.14,69.67,63.92,66.07,66.78,65.06,60.26,67.79,64.14,63.32,64.81,67.44,70.22,71.37,70.22,70.01,67.62,71.03,65.88,68.64,67.18,69.58,65.98,69.02,69.32,65.23,62.47,64.35,63.76,61.29,65.30,64.25,69.43,65.10
533967_00608_00609_1,41.7,1,29.88,30.00,30.00,30.00,30.00,30.00,30.00,30.00,29.92,29.63,30.00,30.00,29.82,30.00,30.00,30.00,30.00,29.92,29.63,30.00,30.00,30.00,29.38,30.00,30.00,30.00,30.00,29.59,30.00,30.00,29.91,30.00,30.00,29.75,30.00,30.00,30.00,30.00,30.00,29.64,29.79,29.46,29.66,29.34,30.00,30.00,30.00,30.00,29.94,29.35,29.93
533967_00609_11505_0,262.2,1,29.71,29.81,-1,-1,29.91,30.13,29.70,29.78,30.13,29.54,29.76,29.67,-1,-1,29.59,29.97,-1,29.50,-1,29.97,29.50,-1,29.50,29.97,29.68,-1,29.50,29.50,29.97,29.50,29.81,29.50,-1,29.50,29.50,30.09,30.45,-1,-1,29.50,-1,-1,29.50,29.67,-1,29.50,-1,29.50,30.45,29.50,29.59
533967_00609_11505_1,261.8,1,30.06,29.58,30.40,-1,-1,-1,29.63,29.76,29.33,29.28,30.40,29.45,29.96,30.40,-1,29.60,29.45,29.96,31.09,30.01,29.45,29.60,30.55,29.79,29.91,29.69,29.87,30.19,29.71,30.01,30.40,30.15,-1,30.73,30.40,29.52,29.45,-1,29.91,30.76,30.83,29.73,29.54,30.63,30.64,29.72,29.86,30.40,29.95,30.15,30.03
533967_00693_01661_0,200.4,2,25.73,23.84,25.08,22.33,26.96,24.86,21.97,27.19,23.48,26.57,26.10,25.45,27.00,28.29,22.98,26.78,25.99,25.74,32.08,28.60,28.37,24.95,23.72,23.61,23.72,24.31,25.09,28.94,26.37,25.61,27.62,27.03,28.76,24.69,28.73,26.25,27.79,28.04,24.30,24.97,28.23,26.60,21.77,26.18,25.41,24.66,27.09,23.50,28.26,24.81,29.29
533967_00695_11518_0,242.9,1,44.07,51.02,50.84,51.17,50.65,51.09,48.64,10.72,50.48,43.11,49.70,50.80,50.82,19.24,50.99,50.35,50.74,50.65,50.77,50.83,50.94,50.89,50.74,51.00,51.01,50.88,50.95,50.49,50.97,50.68,50.93,50.87,50.74,50.74,50.77,50.55,50.65,50.67,50.68,51.04,50.80,51.03,50.70,50.85,50.96,50.80,50.67,50.87,51.03,50.52,51.10
533967_00695_11518_1,222.2,1,28.88,28.87,28.83,28.82,28.79,28.88,28.84,28.84,28.91,28.81,28.89,28.96,28.94,28.88,28.81,28.85,28.80,28.84,28.92,28.88,28.89,28.93,28.89,28.93,28.82,28.85,28.93,28.85,28.87,28.89,28.89,28.95,28.88,28.90,28.94,28.82,28.90,28.86,28.83,29.01,28.93,28.88,28.87,28.92,28.89,28.92,28.95,28.85,28.96,28.72,28.87
533967_00766_11513_0,381.7,1,38.90,37.14,11.86,36.22,32.52,41.75,43.28,44.22,42.58,41.47,41.66,25.03,44.34,45.99,44.21,44.40,45.71,45.31,48.34,44.16,44.01,45.94,46.05,44.36,45.95,44.25,44.92,45.89,48.16,43.36,45.24,45.77,44.82,46.05,47.55,43.00,45.87,47.32,44.43,45.96,47.21,46.69,46.04,45.52,44.57,45.39,47.38,47.35,44.98,44.43,46.07
533967_00766_11513_1,381.4,1,22.00,30.46,30.43,30.16,24.47,23.13,24.29,25.95,22.11,24.47,21.59,22.50,18.98,28.21,22.21,24.34,24.02,19.61,27.46,14.33,27.02,24.18,20.58,18.73,25.33,28.49,28.65,22.88,23.65,28.28,19.62,23.44,29.53,21.57,24.84,27.92,17.73,20.48,24.23,24.64,17.96,19.94,24.58,20.71,16.02,21.48,20.43,21.24,18.12,21.38,22.10
533967_00766_14156_0,450.6,1,43.67,44.71,45.90,43.84,43.55,44.94,45.60,42.53,43.69,42.57,41.39,42.94,40.76,45.95,41.98,43.48,46.66,47.71,41.59,40.07,45.26,47.50,41.50,42.04,42.99,43.86,47.48,43.42,45.43,45.38,43.44,44.58,44.96,43.57,44.86,42.94,43.78,43.49,47.54,44.09,41.65,44.33,45.20,45.27,43.16,45.36,44.88,43.03,44.69,44.30,42.72
533967_00766_14156_1,453.2,1,28.18,29.31,26.84,32.66,28.48,30.52,25.50,26.30,26.19,25.54,27.08,31.22,27.76,26.82,28.08,27.94,31.65,31.92,26.18,26.75,27.04,25.29,35.93,27.10,32.45,37.95,26.06,31.74,32.02,30.32,32.20,31.35,29.74,28.12,29.21,25.72,28.82,29.43,31.60,21.57,27.63,27.19,28.04,31.76,26.80,27.85,35.65,28.46,29.73,26.85,34.46
533967_00818_01603_0,92.9,1,-1,-1,-1,-1,-1,-1,-1,-1,-1,-1,-1,-1,-1,-1,-1,-1,-1,-1,-1,-1,-1,-1,-1,-1,-1,-1,-1,-1,-1,-1,-1,-1,-1,-1,-1,-1,-1,-1,-1,-1,-1,-1,-1,-1,-1,-1,-1,-1,-1,-1,-1
533967_00818_01603_1,72.2,1,-1,-1,-1,-1,-1,-1,-1,-1,-1,-1,-1,-1,-1,-1,-1,-1,-1,-1,-1,-1,-1,-1,-1,-1,-1,-1,-1,-1,-1,-1,-1,-1,-1,-1,-1,-1,-1,-1,-1,-1,-1,-1,-1,-1,-1,-1,-1,-1,-1,-1,-1
533967_00933_00943_0,76.5,2,54.76,54.82,55.07,54.71,54.95,54.33,55.07,54.79,54.35,54.76,54.91,54.43,53.82,54.57,54.77,54.85,54.89,55.07,55.07,54.76,54.48,55.07,54.63,55.07,55.07,54.69,54.93,55.07,55.07,54.90,54.82,54.46,55.07,54.78,53.95,54.71,55.07,54.92,55.07,54.57,54.79,55.07,55.07,53.76,55.07,54.88,54.76,54.02,54.66,55.07,55.07
533967_00933_00944_1,88.8,2,50.16,48.84,49.93,50.17,49.47,50.28,50.63,50.35,49.60,50.02,51.37,49.89,50.42,50.93,47.65,50.48,51.02,49.70,50.10,50.34,50.35,50.40,49.47,50.53,49.76,49.63,49.47,50.17,50.55,50.45,50.91,50.03,50.03,49.91,50.30,50.51,50.22,51.07,49.70,50.01,50.51,49.28,51.42,50.56,49.93,50.14,50.19,50.45,50.02,50.33,50.21
533967_00933_14152_0,152.8,2,45.82,45.83,45.83,45.83,45.75,45.83,45.83,45.83,45.74,45.83,45.83,45.83,45.79,45.71,45.83,45.83,45.83,45.83,45.76,45.83,45.83,45.83,45.83,45.83,45.83,45.83,45.83,45.83,45.83,45.83,45.83,45.83,45.83,45.74,45.83,45.75,45.83,45.83,45.83,45.83,45.83,45.83,45.83,45.83,45.83,45.83,45.83,45.79,45.77,45.83,45.69
533967_00933_14152_1,171.5,2,51.39,51.44,51.33,51.39,51.39,51.44,51.44,51.38,51.44,51.19,51.32,51.39,51.38,51.29,51.38,51.44,51.44,51.44,51.44,51.38,51.44,51.44,51.44,51.44,51.44,51.36,51.33,51.44,51.44,51.44,51.44,51.39,51.44,51.38,51.38,51.44,51.44,51.44,51.35,51.31,51.33,51.44,51.39,51.35,51.33,51.44,51.44,51.39,51.44,51.37,51.44
533967_00938_00939_0,207.9,1,11.93,18.22,23.00,17.57,17.40,15.14,15.51,5.44,10.83,14.87,20.80,17.16,20.26,20.32,16.74,18.11,18.65,16.88,17.65,23.01,17.63,20.32,19.19,17.33,17.95,16.97,17.01,15.99,16.21,19.82,17.85,13.35,16.34,18.70,21.53,16.68,16.79,9.00,3.20,2.10,4.52,13.47,18.99,18.03,13.77,13.56,20.07,9.64,14.29,16.88,15.40
533967_00938_00939_1,214.1,1,45.29,45.90,46.14,45.11,46.24,45.45,46.17,45.76,46.73,45.52,44.39,45.24,46.16,44.56,44.91,44.47,45.26,43.59,46.84,45.78,45.33,45.71,45.33,44.48,45.45,45.63,44.03,46.16,45.41,44.69,44.57,45.95,46.08,45.05,45.03,44.29,45.39,45.23,45.18,43.56,45.41,45.74,45.05,45.63,44.86,46.13,45.10,45.05,45.49,45.47,45.64
533967_00938_01409_1,59.5,1,39.29,53.01,53.21,53.54,52.99,52.30,51.84,52.98,52.27,51.99,53.22,52.44,51.96,52.01,53.26,50.94,53.54,51.55,50.81,52.86,52.19,51.24,53.28,52.11,52.09,52.37,52.51,52.60,52.71,53.19,52.68,52.39,52.96,52.66,52.77,52.71,53.12,53.22,23.07,4.16,50.09,52.79,53.12,52.57,52.69,52.53,51.60,51.99,52.91,52.68,52.76
533967_00938_01417_0,56.9,1,49.86,50.08,49.54,51.01,49.77,48.99,50.06,50.81,50.53,49.31,49.99,49.63,49.77,50.59,50.28,50.28,49.18,49.29,49.97,49.70,50.13,50.17,48.37,50.27,49.56,49.64,50.13,49.60,49.20,50.32,49.50,49.64,49.17,50.55,50.65,50.38,50.37,49.45,50.25,49.52,49.98,49.58,50.44,48.90,49.55,50.20,49.62,50.11,50.14,49.92,49.99
533967_00939_00940_0,46.1,1,38.86,37.83,45.02,33.17,42.90,41.47,41.47,34.32,38.28,43.44,33.17,34.56,37.70,30.77,39.74,41.47,49.76,33.17,33.17,41.47,47.39,41.47,41.47,36.86,51.04,33.17,41.47,33.17,55.29,33.17,55.29,36.86,33.17,36.06,41.47,30.16,47.39,33.17,33.17,41.47,36.86,41.47,41.47,42.59,33.17,35.54,41.47,39.49,33.17,39.89,35.54
533967_00939_00940_1,48.5,1,22.17,44.75,28.63,33.83,29.09,29.09,29.09,52.36,58.18,24.68,13.84,28.30,32.73,24.00,18.82,16.92,28.84,14.51,58.18,30.62,28.19,29.09,11.64,6.12,-1,-1,29.09,58.18,29.09,24.93,20.78,34.00,44.88,29.58,29.80,12.04,11.48,33.57,58.18,14.09,20.14,31.74,21.82,46.83,16.96,47.60,9.19,45.93,16.08,17.99,21.37
533967_00939_01421_1,187.9,2,15.44,20.12,20.89,19.06,23.28,16.55,17.26,18.51,20.62,14.91,8.77,16.06,21.67,20.57,11.49,6.86,8.65,16.09,19.66,15.15,13.21,19.26,22.03,15.19,19.10,18.56,19.21,21.83,20.20,15.59,16.61,20.00,15.20,18.40,22.38,17.59,14.15,14.70,17.26,13.73,12.65,20.03,16.21,20.68,15.04,15.84,15.32,13.36,18.00,14.53,14.03
533967_00940_13718_0,271.4,2,34.36,37.19,38.54,38.79,37.03,13.92,26.95,33.66,31.37,36.90,36.30,37.19,36.21,37.36,37.41,36.55,36.06,38.43,38.76,36.63,36.42,36.06,38.17,36.91,38.17,36.45,36.24,35.09,36.54,37.60,37.49,38.06,35.58,36.56,37.52,36.38,36.28,37.66,38.10,37.55,36.90,37.19,35.51,35.96,35.79,37.21,36.33,36.95,37.91,38.95,37.76
533967_00943_01268_0,117.5,2,46.98,47.06,47.00,46.59,47.05,46.92,47.00,47.13,47.08,47.09,47.00,47.00,47.00,47.12,46.85,46.88,47.08,47.00,47.00,47.14,46.92,47.00,47.20,47.00,47.00,46.81,47.00,47.00,47.00,47.00,47.11,46.64,47.00,47.07,46.92,47.00,47.00,47.07,47.00,47.08,47.06,47.00,47.00,46.79,46.86,47.00,47.00,47.00,46.81,47.00,47.00
533967_00944_13715_1,48.1,2,49.89,51.99,50.31,50.31,50.37,50.72,49.89,50.15,52.85,49.58,48.79,49.97,49.84,49.39,53.56,49.59,47.72,49.96,50.16,49.37,48.71,49.01,50.34,49.40,49.76,50.23,50.60,49.75,50.08,49.51,49.27,49.51,49.74,50.76,49.93,50.13,49.41,47.76,49.78,49.93,49.66,50.69,50.97,49.80,52.51,50.50,50.22,48.97,49.83,49.68,48.52
533967_00949_14017_0,200.5,1,51.03,51.01,51.47,51.23,51.20,50.73,50.62,50.94,50.80,50.38,50.88,50.93,50.42,51.02,50.83,51.11,51.33,50.96,51.35,51.12,50.83,51.48,51.05,51.23,50.97,50.95,51.45,51.08,50.96,51.28,51.36,51.09,51.14,51.02,51.14,51.41,51.37,51.24,51.43,50.98,51.30,51.13,51.23,50.82,51.24,51.16,50.87,51.17,50.95,51.14,51.21
533967_00949_14017_1,180.6,1,46.43,46.43,46.43,46.43,46.43,46.43,46.43,46.43,46.43,46.43,46.38,46.43,46.43,46.43,46.43,46.43,46.43,46.43,46.43,46.43,46.43,46.43,46.43,46.43,46.43,46.43,46.43,46.43,46.43,46.43,46.43,46.43,46.43,46.43,46.43,46.43,46.43,46.43,46.43,46.43,46.43,46.43,46.43,46.43,46.43,46.43,46.43,46.43,46.43,46.43,46.43
533967_00976_12969_0,118.6,2,53.28,53.36,53.36,53.36,53.36,53.36,52.94,53.36,53.36,53.36,53.03,53.25,53.36,53.36,53.19,53.28,53.36,53.36,53.36,53.36,53.28,53.36,53.36,53.06,53.27,53.36,53.14,53.26,53.28,53.28,53.36,53.25,53.21,53.36,53.36,53.27,53.36,53.10,53.36,53.36,53.28,53.23,53.36,53.36,53.17,53.28,53.26,53.36,53.36,53.29,53.36
533967_00976_12969_1,97.2,2,35.54,35.52,35.20,35.67,35.51,35.80,35.77,35.95,35.76,35.36,35.62,35.55,35.40,35.33,35.37,35.56,35.84,35.53,36.17,35.21,35.22,35.65,35.00,35.52,35.30,35.20,35.38,35.54,35.58,35.33,35.35,35.77,35.81,35.56,35.59,35.53,35.90,35.16,35.38,35.16,36.42,35.69,35.37,35.17,35.30,35.63,35.38,35.75,35.07,35.38,35.34
533967_00978_01607_0,93.1,1,-1,-1,-1,-1,-1,-1,-1,-1,-1,-1,-1,-1,-1,-1,-1,-1,-1,-1,-1,-1,-1,-1,-1,-1,-1,-1,-1,-1,-1,-1,-1,-1,-1,-1,-1,-1,-1,-1,-1,-1,-1,-1,-1,-1,-1,-1,-1,-1,-1,-1,-1
533967_00978_01607_1,95.1,1,-1,-1,-1,-1,-1,-1,-1,-1,-1,-1,-1,-1,-1,-1,-1,-1,-1,-1,-1,-1,-1,-1,-1,-1,-1,-1,-1,-1,-1,-1,-1,-1,-1,-1,-1,-1,-1,-1,-1,-1,-1,-1,-1,-1,-1,-1,-1,-1,-1,-1,-1
533967_00978_12969_0,145.8,2,40.03,40.10,40.23,39.84,40.09,39.92,39.96,39.78,39.87,40.15,39.92,39.92,40.16,40.09,40.05,39.97,39.83,40.22,39.39,40.19,40.18,40.09,40.37,40.07,40.21,40.20,40.21,40.04,40.05,40.30,40.17,40.01,40.09,40.08,40.04,40.14,39.61,40.23,40.24,40.23,39.79,39.81,40.16,40.30,40.19,39.92,40.09,39.88,40.25,40.24,40.12
533967_00978_12969_1,146.0,2,52.33,52.39,52.57,52.57,52.33,52.49,52.08,52.07,52.46,52.48,52.40,52.48,52.57,52.30,52.57,52.51,52.38,52.57,52.50,52.44,51.80,52.17,51.90,52.33,52.09,52.57,51.78,51.91,52.31,52.40,52.08,52.41,52.46,52.57,52.49,52.50,52.57,51.97,52.48,52.32,52.38,52.27,52.38,51.76,52.27,52.57,52.50,52.57,52.57,52.18,52.57
533967_00978_87768_0,103.3,1,-1,-1,-1,-1,-1,-1,-1,-1,-1,-1,-1,-1,-1,-1,-1,-1,-1,-1,-1,-1,-1,-1,-1,-1,-1,-1,-1,-1,-1,-1,-1,-1,-1,-1,-1,-1,-1,-1,-1,-1,-1,-1,-1,-1,-1,-1,-1,-1,-1,-1,-1
533967_00978_87768_1,109.2,1,-1,-1,-1,-1,-1,-1,-1,-1,-1,-1,-1,-1,-1,-1,-1,-1,-1,-1,-1,-1,-1,-1,-1,-1,-1,-1,-1,-1,-1,-1,-1,-1,-1,-1,-1,-1,-1,-1,-1,-1,-1,-1,-1,-1,-1,-1,-1,-1,-1,-1,-1
533967_01268_13716_0,103.3,1,-1,-1,-1,-1,-1,-1,-1,-1,-1,-1,-1,-1,-1,-1,-1,-1,-1,-1,-1,-1,-1,-1,-1,-1,-1,-1,-1,-1,-1,-1,-1,-1,-1,-1,-1,-1,-1,-1,-1,-1,-1,-1,-1,-1,-1,-1,-1,-1,-1,-1,-1
533967_01268_13716_1,93.0,1,-1,-1,-1,-1,-1,-1,-1,-1,-1,-1,-1,-1,-1,-1,-1,-1,-1,-1,-1,-1,-1,-1,-1,-1,-1,-1,-1,-1,-1,-1,-1,-1,-1,-1,-1,-1,-1,-1,-1,-1,-1,-1,-1,-1,-1,-1,-1,-1,-1,-1,-1
533967_01269_13715_0,89.0,2,49.48,48.67,49.29,49.04,48.99,48.91,49.44,49.39,48.00,49.79,49.87,49.12,49.68,49.29,47.36,49.41,50.52,49.65,49.46,50.00,50.18,49.98,49.35,49.82,49.68,49.24,49.39,49.67,49.29,49.80,49.68,49.78,49.17,49.25,49.51,48.96,49.90,50.51,49.44,49.66,49.76,49.17,48.67,49.14,47.82,49.36,49.34,49.78,49.57,49.73,49.98
533967_01405_01406_0,31.5,1,48.60,-1,-1,-1,-1,-1,-1,-1,-1,-1,-1,-1,-1,-1,-1,-1,-1,-1,-1,-1,-1,-1,-1,-1,-1,-1,-1,-1,-1,-1,-1,-1,-1,-1,-1,-1,-1,-1,-1,-1,-1,-1,-1,-1,-1,-1,-1,-1,-1,48.60,-1
533967_01405_01406_1,31.5,1,-1,-1,-1,-1,-1,-1,-1,-1,-1,-1,-1,-1,-1,-1,-1,-1,-1,-1,-1,-1,-1,-1,-1,-1,-1,-1,-1,-1,-1,-1,-1,-1,-1,-1,-1,-1,-1,-1,-1,-1,-1,-1,-1,-1,-1,-1,-1,-1,-1,-1,-1
533967_01406_01408_0,143.1,1,-1,-1,-1,-1,-1,-1,-1,-1,-1,-1,-1,-1,-1,-1,-1,-1,-1,-1,-1,-1,-1,-1,-1,-1,-1,-1,-1,-1,-1,-1,-1,-1,-1,-1,-1,-1,-1,-1,-1,-1,-1,-1,-1,-1,-1,-1,-1,-1,-1,-1,-1
533967_01406_01408_1,134.3,1,-1,-1,-1,-1,-1,-1,-1,-1,-1,-1,-1,-1,-1,-1,-1,-1,-1,-1,-1,-1,-1,-1,-1,-1,-1,-1,-1,-1,-1,-1,-1,-1,-1,-1,-1,-1,-1,-1,-1,-1,-1,-1,-1,-1,-1,-1,-1,-1,-1,-1,-1
533967_01406_01644_0,145.7,2,48.74,49.87,50.60,50.63,50.30,49.89,49.83,49.92,50.24,50.29,49.61,50.01,50.54,50.30,50.00,50.46,49.11,32.56,49.36,50.32,50.41,49.28,51.14,44.49,48.54,50.44,50.02,50.97,50.21,50.02,50.70,50.73,49.85,49.74,48.96,49.76,50.64,50.17,50.93,49.69,50.77,50.88,45.74,49.70,48.97,49.65,50.95,49.92,45.31,50.28,50.44
533967_01407_01408_0,65.5,1,-1,-1,-1,-1,-1,-1,-1,-1,-1,-1,-1,-1,-1,-1,-1,-1,-1,-1,-1,-1,-1,-1,-1,-1,-1,-1,-1,-1,-1,-1,-1,-1,-1,-1,-1,-1,-1,-1,-1,-1,-1,-1,-1,-1,-1,-1,-1,-1,-1,-1,-1
533967_01407_01408_1,44.4,1,-1,-1,-1,-1,-1,-1,-1,-1,-1,-1,-1,-1,-1,-1,-1,-1,-1,-1,-1,-1,-1,-1,-1,-1,-1,-1,-1,-1,-1,-1,-1,-1,-1,-1,-1,-1,-1,-1,-1,-1,-1,-1,-1,-1,-1,-1,-1,-1,-1,-1,-1
533967_01408_01644_0,228.0,1,-1,-1,-1,-1,-1,-1,-1,-1,-1,-1,-1,-1,-1,-1,-1,-1,-1,-1,-1,-1,-1,-1,-1,-1,-1,-1,-1,-1,-1,-1,-1,-1,-1,-1,-1,-1,-1,-1,-1,-1,-1,-1,-1,-1,-1,-1,-1,-1,-1,-1,-1
533967_01408_01644_1,242.6,1,-1,-1,-1,-1,-1,-1,-1,-1,-1,-1,-1,-1,-1,-1,-1,-1,-1,-1,-1,-1,-1,-1,-1,-1,-1,-1,-1,-1,-1,-1,-1,-1,-1,-1,-1,-1,-1,-1,-1,-1,-1,-1,-1,-1,-1,-1,-1,-1,-1,-1,-1
533967_01408_13716_0,103.4,1,-1,-1,-1,-1,-1,-1,-1,-1,-1,-1,-1,-1,-1,-1,-1,-1,-1,-1,-1,-1,-1,-1,-1,-1,-1,-1,-1,-1,-1,-1,-1,-1,-1,-1,-1,-1,-1,-1,-1,-1,-1,-1,-1,-1,-1,-1,-1,-1,-1,-1,-1
533967_01408_13716_1,103.6,1,-1,-1,-1,-1,-1,-1,-1,-1,-1,-1,-1,-1,-1,-1,-1,-1,-1,-1,-1,-1,-1,-1,-1,-1,-1,-1,-1,-1,-1,-1,-1,-1,-1,-1,-1,-1,-1,-1,-1,-1,-1,-1,-1,-1,-1,-1,-1,-1,-1,-1,-1
533967_01409_01410_1,98.4,1,58.40,58.16,59.04,58.50,58.61,58.77,59.04,58.16,59.04,58.39,58.55,59.04,58.02,59.04,58.07,58.63,59.04,57.73,57.76,59.04,58.69,59.04,59.04,59.04,59.04,59.04,59.04,59.04,58.57,59.04,59.04,58.37,57.78,57.97,59.04,58.63,58.68,59.04,59.04,49.72,58.39,58.63,58.53,59.04,58.41,59.04,59.04,57.88,59.04,58.20,58.55
533967_01409_01417_0,27.8,1,-1,-1,-1,-1,-1,-1,-1,-1,-1,-1,-1,-1,-1,-1,-1,-1,-1,-1,-1,-1,-1,-1,-1,-1,-1,-1,-1,-1,-1,-1,-1,-1,-1,-1,-1,-1,-1,-1,-1,-1,-1,-1,-1,-1,-1,-1,-1,-1,-1,-1,-1
533967_01410_01417_1,84.9,1,50.77,50.96,50.96,50.96,50.96,50.52,50.77,50.55,50.96,50.96,50.96,50.86,50.96,50.96,50.75,50.75,50.45,50.86,50.54,50.67,50.75,50.79,50.59,50.86,50.96,50.96,50.61,50.41,50.96,50.96,50.69,50.96,50.96,50.52,50.96,50.68,50.68,50.96,50.47,50.96,50.88,50.80,50.63,50.74,50.96,50.96,50.84,50.52,50.74,50.60,50.96
533967_01412_01413_0,27.8,1,-1,-1,-1,-1,-1,-1,-1,-1,-1,-1,-1,-1,-1,-1,-1,-1,-1,-1,-1,-1,-1,-1,-1,-1,-1,-1,-1,-1,-1,-1,-1,-1,-1,-1,-1,-1,-1,-1,-1,-1,-1,-1,-1,-1,-1,-1,-1,-1,-1,-1,-1
533967_01412_01414_1,139.9,1,55.79,55.70,55.42,55.71,55.96,55.96,55.96,55.96,55.96,55.45,55.96,55.96,55.52,55.48,55.96,55.55,55.96,55.96,55.96,55.96,55.96,55.60,55.96,55.96,55.96,55.08,55.96,55.96,55.96,55.96,-1,55.96,55.96,55.48,55.96,55.96,55.96,55.96,55.96,55.96,55.34,55.96,55.48,55.96,55.96,55.96,55.96,55.96,55.96,55.66,55.96
533967_01413_01414_0,75.7,1,-1,-1,-1,-1,-1,-1,-1,-1,-1,-1,-1,-1,-1,-1,-1,-1,-1,-1,-1,-1,-1,-1,-1,-1,-1,-1,-1,-1,-1,-1,-1,-1,-1,-1,-1,-1,-1,-1,-1,-1,-1,-1,-1,-1,-1,-1,-1,-1,-1,-1,-1
533967_01418_01419_0,31.5,1,-1,-1,-1,-1,-1,-1,-1,-1,-1,-1,-1,-1,-1,-1,-1,-1,-1,-1,-1,-1,-1,-1,-1,-1,-1,-1,-1,-1,-1,-1,-1,-1,-1,-1,-1,-1,-1,-1,-1,-1,-1,-1,-1,-1,-1,-1,-1,-1,-1,-1,-1
533967_01418_01419_1,33.7,1,-1,-1,-1,-1,-1,-1,-1,-1,-1,-1,-1,-1,-1,-1,-1,-1,-1,-1,-1,-1,-1,-1,-1,-1,-1,-1,-1,-1,-1,-1,-1,-1,-1,-1,-1,-1,-1,-1,-1,-1,-1,-1,-1,-1,-1,-1,-1,-1,-1,-1,-1
533967_01418_01420_1,131.3,2,19.33,45.99,41.95,43.70,41.03,40.31,43.87,42.97,40.92,40.48,41.71,39.80,38.27,41.69,33.85,37.49,37.70,23.51,36.47,13.56,11.09,18.75,14.05,17.48,32.89,21.06,32.23,37.15,38.74,13.98,9.94,9.98,11.15,15.87,33.81,33.77,20.93,18.21,27.23,10.53,10.75,10.92,11.07,11.05,11.64,10.33,11.56,10.86,12.02,10.80,11.97
533967_01418_01421_0,125.5,1,13.82,20.09,19.35,20.00,18.53,17.33,19.53,19.65,18.89,18.75,11.32,17.88,19.86,19.95,11.25,4.18,1.75,20.09,18.53,17.28,18.58,18.71,19.96,18.67,18.10,19.79,18.88,20.10,18.89,18.79,20.01,19.46,18.56,19.34,18.87,18.93,19.53,18.40,18.61,19.98,17.96,20.21,18.17,20.19,17.68,18.79,17.43,14.81,19.82,19.31,17.09
533967_01418_01421_1,129.3,1,-1,-1,-1,-1,-1,-1,-1,-1,-1,-1,-1,-1,-1,-1,-1,-1,-1,-1,-1,-1,-1,-1,-1,-1,-1,-1,-1,-1,-1,-1,-1,-1,-1,-1,-1,-1,-1,-1,-1,-1,-1,-1,-1,-1,-1,-1,-1,-1,-1,-1,-1
533967_01419_01420_0,133.5,2,14.30,15.02,12.66,9.66,9.80,9.59,11.92,11.23,9.31,10.23,10.33,9.92,10.19,10.82,9.93,9.63,11.82,12.02,11.11,14.40,20.48,12.33,21.99,14.13,10.46,17.47,12.19,10.48,10.07,10.42,26.85,21.33,20.80,13.47,10.55,9.82,12.08,16.34,12.61,24.57,21.62,24.47,24.11,20.98,26.22,22.55,24.54,25.63,35.54,16.34,21.38
533967_01419_01425_1,174.0,2,23.29,27.47,25.88,18.72,22.24,20.82,26.68,26.16,22.44,20.45,18.45,19.82,25.14,25.95,19.46,23.16,25.07,24.58,26.29,24.02,28.29,22.81,18.94,23.22,22.33,24.41,19.30,22.79,26.90,24.63,25.96,25.90,23.59,27.37,22.49,21.73,23.14,26.83,20.30,20.90,21.43,23.69,25.14,21.53,22.13,26.83,26.61,26.79,24.28,22.52,32.22
533967_01419_01608_0,181.2,1,-1,-1,-1,-1,-1,-1,-1,-1,-1,-1,-1,-1,-1,-1,-1,-1,-1,-1,-1,-1,-1,-1,-1,-1,-1,-1,-1,-1,-1,-1,-1,-1,-1,-1,-1,-1,-1,-1,-1,-1,-1,-1,-1,-1,-1,-1,-1,-1,-1,-1,-1
533967_01419_01608_1,173.6,1,-1,-1,-1,-1,-1,-1,-1,-1,-1,-1,-1,-1,-1,-1,-1,-1,-1,-1,-1,-1,-1,-1,-1,-1,-1,-1,-1,-1,-1,-1,-1,-1,-1,-1,-1,-1,-1,-1,-1,-1,-1,-1,-1,-1,-1,-1,-1,-1,-1,-1,-1
533967_01420_01654_0,223.6,2,14.21,10.79,20.37,14.28,12.49,14.27,13.52,17.41,14.19,13.88,14.06,14.96,14.38,16.22,9.71,13.62,16.06,20.94,16.43,16.29,15.62,15.23,16.66,13.51,16.15,15.88,15.49,16.81,18.75,17.53,17.72,14.15,17.71,16.08,14.23,13.30,12.85,12.85,16.47,15.77,8.87,9.85,16.35,13.75,14.74,10.94,16.87,12.59,15.26,14.94,17.04
533967_01420_01654_1,227.3,2,22.06,22.49,22.77,21.97,22.04,23.77,24.52,20.95,19.70,23.60,20.03,23.97,22.14,18.24,23.40,25.58,21.40,19.18,24.46,21.23,20.20,20.07,19.22,24.72,21.80,22.44,19.81,21.85,22.23,21.32,23.94,22.28,20.02,26.97,21.93,23.14,21.81,23.74,21.65,24.55,24.92,20.29,21.56,21.36,20.20,21.94,19.42,21.75,27.30,22.63,22.66
533967_01424_01425_0,75.7,1,-1,-1,-1,-1,-1,-1,-1,-1,-1,-1,-1,-1,-1,-1,-1,-1,-1,-1,-1,-1,-1,-1,-1,-1,-1,-1,-1,-1,-1,-1,-1,-1,-1,-1,-1,-1,-1,-1,-1,-1,-1,-1,-1,-1,-1,-1,-1,-1,-1,-1,-1
533967_01424_01425_1,86.8,1,-1,-1,-1,-1,-1,-1,-1,-1,-1,-1,-1,-1,-1,-1,-1,-1,-1,-1,-1,-1,-1,-1,-1,-1,-1,-1,-1,-1,-1,-1,-1,-1,-1,-1,-1,-1,-1,-1,-1,-1,-1,-1,-1,-1,-1,-1,-1,-1,-1,-1,-1
533967_01424_01604_0,148.3,1,-1,-1,-1,-1,-1,-1,-1,-1,-1,-1,-1,-1,-1,-1,-1,-1,-1,-1,-1,-1,-1,-1,-1,-1,-1,-1,-1,-1,-1,-1,-1,-1,-1,-1,-1,-1,-1,-1,-1,-1,-1,-1,-1,-1,-1,-1,-1,-1,-1,-1,-1
533967_01424_01604_1,148.7,1,-1,-1,-1,-1,-1,-1,-1,-1,-1,-1,-1,-1,-1,-1,-1,-1,-1,-1,-1,-1,-1,-1,-1,-1,-1,-1,-1,-1,-1,-1,-1,-1,-1,-1,-1,-1,-1,-1,-1,-1,-1,-1,-1,-1,-1,-1,-1,-1,-1,-1,-1
533967_01424_01605_0,270.7,1,-1,-1,-1,-1,-1,-1,-1,-1,-1,-1,-1,-1,-1,-1,-1,-1,-1,-1,-1,-1,-1,-1,-1,-1,-1,-1,-1,-1,-1,-1,-1,-1,-1,-1,-1,-1,-1,-1,-1,-1,-1,-1,-1,-1,-1,-1,-1,-1,-1,-1,-1
533967_01424_01605_1,270.6,1,-1,-1,-1,-1,-1,-1,-1,-1,-1,-1,-1,-1,-1,-1,-1,-1,-1,-1,-1,-1,-1,-1,-1,-1,-1,-1,-1,-1,-1,-1,-1,-1,-1,-1,-1,-1,-1,-1,-1,-1,-1,-1,-1,-1,-1,-1,-1,-1,-1,-1,-1
533967_01530_13891_0,118.0,1,49.02,48.80,48.86,48.81,48.90,48.96,48.93,48.49,49.90,49.60,49.46,49.22,48.77,49.24,49.48,49.08,50.04,48.38,48.39,48.68,45.76,49.11,48.57,49.11,48.79,48.08,46.99,47.03,50.92,49.09,49.99,50.13,49.34,49.49,48.92,48.15,48.79,49.07,48.77,49.09,49.36,48.99,49.62,49.22,49.20,49.03,49.25,49.26,50.15,49.72,49.10
533967_01530_13891_1,117.5,1,48.65,48.69,49.17,49.92,49.06,49.31,49.00,49.93,49.74,47.08,40.05,49.59,48.74,48.71,49.05,49.48,49.88,50.25,49.53,48.61,49.22,48.74,49.19,48.85,49.54,48.93,49.29,49.31,49.29,50.49,49.95,49.61,49.52,49.25,48.90,49.51,49.46,49.53,48.91,49.10,37.31,49.01,49.74,48.85,49.25,48.82,49.66,48.82,49.35,48.67,49.51
533967_01555_01556_0,188.1,1,-1,-1,-1,-1,-1,-1,-1,-1,-1,-1,-1,-1,-1,-1,-1,-1,-1,-1,-1,-1,-1,-1,-1,-1,-1,-1,-1,-1,-1,-1,-1,-1,-1,-1,-1,-1,-1,-1,-1,-1,-1,-1,-1,-1,-1,-1,-1,-1,-1,-1,-1
533967_01555_01556_1,187.7,1,-1,-1,-1,-1,-1,-1,-1,-1,-1,-1,-1,-1,-1,-1,-1,-1,-1,-1,-1,-1,-1,-1,-1,-1,-1,-1,-1,-1,-1,-1,-1,-1,-1,-1,-1,-1,-1,-1,-1,-1,-1,-1,-1,-1,-1,-1,-1,-1,-1,-1,-1
533967_01555_13718_0,313.6,1,-1,-1,-1,-1,-1,-1,-1,-1,-1,-1,-1,-1,-1,-1,-1,-1,-1,-1,-1,-1,-1,-1,-1,-1,-1,-1,-1,-1,-1,-1,-1,-1,-1,-1,-1,-1,-1,-1,-1,-1,-1,-1,-1,-1,-1,-1,-1,-1,-1,-1,-1
533967_01555_13718_1,330.8,1,-1,-1,-1,-1,-1,-1,-1,-1,-1,-1,-1,-1,-1,-1,-1,-1,-1,-1,-1,-1,-1,-1,-1,-1,-1,-1,-1,-1,-1,-1,-1,-1,-1,-1,-1,-1,-1,-1,-1,-1,-1,-1,-1,-1,-1,-1,-1,-1,-1,-1,-1
533967_01555_14156_0,146.2,1,45.94,49.33,44.44,45.89,46.78,46.86,43.18,45.86,41.93,42.22,43.65,47.58,44.88,47.31,49.69,42.71,48.37,49.33,49.59,44.24,44.63,46.31,46.16,46.31,45.52,47.84,45.49,48.89,46.74,48.62,46.82,48.91,46.78,45.86,44.56,46.78,47.09,45.24,45.34,43.68,48.88,45.01,45.88,47.54,44.69,47.84,48.52,48.06,43.74,50.12,46.35
533967_01555_14156_1,146.3,1,43.52,46.07,46.38,43.88,45.02,44.33,45.30,43.19,44.05,42.52,41.28,44.00,40.56,46.34,41.95,43.59,47.54,48.83,40.89,39.57,44.86,48.67,41.30,42.07,43.00,44.75,48.32,42.30,45.71,44.27,43.11,44.61,45.62,42.38,44.98,42.64,43.11,42.03,48.51,42.00,40.77,45.11,45.01,45.32,41.53,45.75,44.05,43.09,43.73,44.90,42.87
533967_01556_01656_0,181.9,1,-1,-1,-1,-1,-1,-1,-1,-1,-1,-1,-1,-1,-1,-1,-1,-1,-1,-1,-1,-1,-1,-1,-1,-1,-1,-1,-1,-1,-1,-1,-1,-1,-1,-1,-1,-1,-1,-1,-1,-1,-1,-1,-1,-1,-1,-1,-1,-1,-1,-1,-1
533967_01556_01656_1,181.2,1,-1,-1,-1,-1,-1,-1,-1,-1,-1,-1,-1,-1,-1,-1,-1,-1,-1,-1,-1,-1,-1,-1,-1,-1,-1,-1,-1,-1,-1,-1,-1,-1,-1,-1,-1,-1,-1,-1,-1,-1,-1,-1,-1,-1,-1,-1,-1,-1,-1,-1,-1
533967_01556_88302_0,61.7,1,-1,-1,-1,-1,-1,-1,-1,-1,-1,-1,-1,-1,-1,-1,-1,-1,-1,-1,-1,-1,-1,-1,-1,-1,-1,-1,-1,-1,-1,-1,-1,-1,-1,-1,-1,-1,-1,-1,-1,-1,-1,-1,-1,-1,-1,-1,-1,-1,-1,-1,-1
533967_01556_88302_1,61.2,1,-1,-1,-1,-1,-1,-1,-1,-1,-1,-1,-1,-1,-1,-1,-1,-1,-1,-1,-1,-1,-1,-1,-1,-1,-1,-1,-1,-1,-1,-1,-1,-1,-1,-1,-1,-1,-1,-1,-1,-1,-1,-1,-1,-1,-1,-1,-1,-1,-1,-1,-1
533967_01602_01603_0,165.2,1,-1,-1,-1,-1,-1,-1,-1,-1,-1,-1,-1,-1,-1,-1,-1,-1,-1,-1,-1,-1,-1,-1,-1,-1,-1,-1,-1,-1,-1,-1,-1,-1,-1,-1,-1,-1,-1,-1,-1,-1,-1,-1,-1,-1,-1,-1,-1,-1,-1,-1,-1
533967_01602_01603_1,164.3,1,-1,-1,-1,-1,-1,-1,-1,-1,-1,-1,-1,-1,-1,-1,-1,-1,-1,-1,-1,-1,-1,-1,-1,-1,-1,-1,-1,-1,-1,-1,-1,-1,-1,-1,-1,-1,-1,-1,-1,-1,-1,-1,-1,-1,-1,-1,-1,-1,-1,-1,-1
533967_01602_01608_0,187.6,1,-1,-1,-1,-1,-1,-1,-1,-1,-1,-1,-1,-1,-1,-1,-1,-1,-1,-1,-1,-1,-1,-1,-1,-1,-1,-1,-1,-1,-1,-1,-1,-1,-1,-1,-1,-1,-1,-1,-1,-1,-1,-1,-1,-1,-1,-1,-1,-1,-1,-1,-1
533967_01602_01608_1,186.8,1,-1,-1,-1,-1,-1,-1,-1,-1,-1,-1,-1,-1,-1,-1,-1,-1,-1,-1,-1,-1,-1,-1,-1,-1,-1,-1,-1,-1,-1,-1,-1,-1,-1,-1,-1,-1,-1,-1,-1,-1,-1,-1,-1,-1,-1,-1,-1,-1,-1,-1,-1
533967_01603_01606_0,292.9,1,-1,-1,-1,-1,-1,-1,-1,-1,-1,-1,-1,-1,-1,-1,-1,-1,-1,-1,-1,-1,-1,-1,-1,-1,-1,-1,-1,-1,-1,-1,-1,-1,-1,-1,-1,-1,-1,-1,-1,-1,-1,-1,-1,-1,-1,-1,-1,-1,-1,-1,-1
533967_01603_01606_1,292.8,1,-1,-1,-1,-1,-1,-1,-1,-1,-1,-1,-1,-1,-1,-1,-1,-1,-1,-1,-1,-1,-1,-1,-1,-1,-1,-1,-1,-1,-1,-1,-1,-1,-1,-1,-1,-1,-1,-1,-1,-1,-1,-1,-1,-1,-1,-1,-1,-1,-1,-1,-1
533967_01603_01608_0,153.8,1,-1,-1,-1,-1,-1,-1,-1,-1,-1,-1,-1,-1,-1,-1,-1,-1,-1,-1,-1,-1,-1,-1,-1,-1,-1,-1,-1,-1,-1,-1,-1,-1,-1,-1,-1,-1,-1,-1,-1,-1,-1,-1,-1,-1,-1,-1,-1,-1,-1,-1,-1
533967_01603_01608_1,154.0,1,-1,-1,-1,-1,-1,-1,-1,-1,-1,-1,-1,-1,-1,-1,-1,-1,-1,-1,-1,-1,-1,-1,-1,-1,-1,-1,-1,-1,-1,-1,-1,-1,-1,-1,-1,-1,-1,-1,-1,-1,-1,-1,-1,-1,-1,-1,-1,-1,-1,-1,-1
533967_01604_01605_0,198.4,1,-1,-1,-1,-1,-1,-1,-1,-1,-1,-1,-1,-1,-1,-1,-1,-1,-1,-1,-1,-1,-1,-1,-1,-1,-1,-1,-1,-1,-1,-1,-1,-1,-1,-1,-1,-1,-1,-1,-1,-1,-1,-1,-1,-1,-1,-1,-1,-1,-1,-1,-1
533967_01604_01605_1,198.6,1,-1,-1,-1,-1,-1,-1,-1,-1,-1,-1,-1,-1,-1,-1,-1,-1,-1,-1,-1,-1,-1,-1,-1,-1,-1,-1,-1,-1,-1,-1,-1,-1,-1,-1,-1,-1,-1,-1,-1,-1,-1,-1,-1,-1,-1,-1,-1,-1,-1,-1,-1
533967_01604_01606_0,71.5,1,-1,-1,-1,-1,-1,-1,-1,-1,-1,-1,-1,-1,-1,-1,-1,-1,-1,-1,-1,-1,-1,-1,-1,-1,-1,-1,-1,-1,-1,-1,-1,-1,-1,-1,-1,-1,-1,-1,-1,-1,-1,-1,-1,-1,-1,-1,-1,-1,-1,-1,-1
533967_01604_01606_1,76.4,1,-1,-1,-1,-1,-1,-1,-1,-1,-1,-1,-1,-1,-1,-1,-1,-1,-1,-1,-1,-1,-1,-1,-1,-1,-1,-1,-1,-1,-1,-1,-1,-1,-1,-1,-1,-1,-1,-1,-1,-1,-1,-1,-1,-1,-1,-1,-1,-1,-1,-1,-1
533967_01605_01607_0,115.0,1,-1,-1,-1,-1,-1,-1,-1,-1,-1,-1,-1,-1,-1,-1,-1,-1,-1,-1,-1,-1,-1,-1,-1,-1,-1,-1,-1,-1,-1,-1,-1,-1,-1,-1,-1,-1,-1,-1,-1,-1,-1,-1,-1,-1,-1,-1,-1,-1,-1,-1,-1
533967_01605_01607_1,114.4,1,-1,-1,-1,-1,-1,-1,-1,-1,-1,-1,-1,-1,-1,-1,-1,-1,-1,-1,-1,-1,-1,-1,-1,-1,-1,-1,-1,-1,-1,-1,-1,-1,-1,-1,-1,-1,-1,-1,-1,-1,-1,-1,-1,-1,-1,-1,-1,-1,-1,-1,-1
533967_01606_01607_0,359.7,1,-1,-1,-1,-1,-1,-1,-1,-1,-1,-1,-1,-1,-1,-1,-1,-1,-1,-1,-1,-1,-1,-1,-1,-1,-1,-1,-1,-1,-1,-1,-1,-1,-1,-1,-1,-1,-1,-1,-1,-1,-1,-1,-1,-1,-1,-1,-1,-1,-1,-1,-1
533967_01606_01607_1,358.8,1,-1,-1,-1,-1,-1,-1,-1,-1,-1,-1,-1,-1,-1,-1,-1,-1,-1,-1,-1,-1,-1,-1,-1,-1,-1,-1,-1,-1,-1,-1,-1,-1,-1,-1,-1,-1,-1,-1,-1,-1,-1,-1,-1,-1,-1,-1,-1,-1,-1,-1,-1
533967_01606_01609_0,72.2,1,-1,-1,-1,-1,-1,-1,-1,-1,-1,-1,-1,-1,-1,-1,-1,-1,-1,-1,-1,-1,-1,-1,-1,-1,-1,-1,-1,-1,-1,-1,-1,-1,-1,-1,-1,-1,-1,-1,-1,-1,-1,-1,-1,-1,-1,-1,-1,-1,-1,-1,-1
533967_01606_01609_1,92.9,1,-1,-1,-1,-1,-1,-1,-1,-1,-1,-1,-1,-1,-1,-1,-1,-1,-1,-1,-1,-1,-1,-1,-1,-1,-1,-1,-1,-1,-1,-1,-1,-1,-1,-1,-1,-1,-1,-1,-1,-1,-1,-1,-1,-1,-1,-1,-1,-1,-1,-1,-1
533967_01654_01655_0,194.4,2,44.79,45.01,45.45,45.59,45.70,45.14,45.18,45.18,45.11,43.96,43.26,45.22,44.74,43.71,42.24,45.38,45.07,45.27,44.74,45.70,45.16,45.31,44.78,44.40,44.58,45.06,45.64,45.14,45.67,45.16,45.73,44.31,44.75,45.14,43.57,44.94,44.32,44.32,44.81,43.89,45.33,45.60,45.21,43.97,45.19,44.70,44.80,44.44,45.73,45.03,45.58
533967_01654_01658_1,105.6,2,23.55,19.93,15.09,14.11,19.92,18.73,13.00,18.45,17.67,25.17,16.93,32.69,22.63,17.48,28.26,29.08,26.03,29.26,25.61,31.14,27.56,21.53,33.93,34.46,20.08,26.15,35.52,29.27,34.27,25.61,35.27,23.24,38.33,25.67,24.99,33.57,24.15,29.61,24.19,26.04,26.97,33.53,19.67,21.34,22.80,27.32,24.71,32.28,26.56,19.27,23.78
533967_01654_01661_0,46.1,1,30.61,31.21,32.37,30.69,27.64,31.24,29.11,27.25,30.00,29.81,31.35,31.84,31.25,33.66,31.10,31.74,30.00,30.01,30.98,31.35,33.48,28.58,33.17,33.82,32.95,32.47,30.01,32.40,32.77,32.73,34.12,36.58,33.76,30.01,31.44,33.92,29.96,32.08,32.81,29.72,31.55,27.55,33.17,28.87,25.30,29.29,27.55,30.54,29.56,35.76,28.70
533967_01654_01661_1,46.0,1,28.18,33.14,29.64,30.47,26.60,31.15,9.93,25.62,25.83,25.72,23.72,31.34,33.52,25.71,28.32,40.27,36.17,33.14,33.68,34.22,39.96,23.06,29.96,33.14,28.90,36.15,35.34,26.09,36.82,29.01,29.83,31.22,25.46,38.63,31.22,37.10,29.83,34.33,24.48,28.02,38.28,33.83,25.87,36.87,31.69,31.39,28.38,36.99,30.85,25.20,27.75
533967_01656_87767_0,64.7,1,-1,-1,-1,-1,-1,-1,-1,-1,-1,-1,-1,-1,-1,-1,-1,-1,-1,-1,-1,-1,-1,-1,-1,-1,-1,-1,-1,-1,-1,-1,-1,-1,-1,-1,-1,-1,-1,-1,-1,-1,-1,-1,-1,-1,-1,-1,-1,-1,-1,-1,-1
533967_01656_87767_1,53.8,1,-1,-1,-1,-1,-1,-1,-1,-1,-1,-1,-1,-1,-1,-1,-1,-1,-1,-1,-1,-1,-1,-1,-1,-1,-1,-1,-1,-1,-1,-1,-1,-1,-1,-1,-1,-1,-1,-1,-1,-1,-1,-1,-1,-1,-1,-1,-1,-1,-1,-1,-1
533967_01658_01659_0,48.4,1,-1,-1,-1,-1,-1,-1,-1,-1,-1,-1,-1,-1,-1,-1,-1,-1,-1,-1,-1,-1,-1,-1,-1,-1,-1,-1,-1,-1,-1,-1,-1,-1,-1,-1,-1,-1,-1,-1,-1,-1,-1,-1,-1,-1,-1,-1,-1,-1,-1,-1,-1
533967_01658_01659_1,48.2,1,-1,-1,-1,-1,-1,-1,-1,-1,-1,-1,-1,-1,-1,-1,-1,-1,-1,-1,-1,-1,-1,-1,-1,-1,-1,-1,-1,-1,-1,-1,-1,-1,-1,-1,-1,-1,-1,-1,-1,-1,-1,-1,-1,-1,-1,-1,-1,-1,-1,-1,-1
533967_01659_01661_1,97.8,2,44.10,44.52,45.89,44.66,44.60,41.24,41.03,42.21,44.09,44.31,45.17,43.06,42.47,45.25,44.02,41.83,45.05,45.77,40.99,46.49,46.90,45.37,44.68,46.52,45.35,41.11,42.88,47.74,45.18,46.34,44.76,46.53,43.47,43.23,43.85,46.89,46.40,43.02,46.50,45.77,45.88,44.02,40.91,42.97,44.96,44.02,43.21,44.64,45.57,44.66,43.39
533967_01661_13315_0,66.7,1,17.93,18.54,17.97,18.16,17.89,17.97,17.61,17.18,17.89,17.74,17.79,18.10,17.91,18.17,18.21,17.96,17.75,17.65,17.56,17.70,17.57,18.14,17.92,17.96,18.11,18.64,17.99,18.39,17.80,17.83,18.00,18.16,18.23,18.65,17.81,17.95,17.69,17.94,18.23,17.79,17.63,18.58,18.02,17.45,17.53,18.05,17.82,17.87,17.58,18.11,19.38
533967_01661_13315_1,82.2,1,5.48,5.53,6.37,5.31,5.13,5.30,4.07,4.12,4.40,5.61,4.81,5.29,4.63,4.95,6.51,5.53,5.68,8.84,5.72,5.81,5.56,6.21,5.57,5.61,5.08,6.45,4.91,6.06,6.65,5.46,8.83,5.34,5.17,6.32,7.01,5.22,6.18,7.65,5.69,5.46,6.36,6.65,8.42,5.77,5.34,5.73,5.12,5.51,6.44,5.91,6.27
533967_10598_11494_0,47.8,1,57.32,57.38,57.38,57.38,57.38,57.38,57.38,57.38,57.02,57.38,56.72,57.38,57.38,57.38,57.38,57.38,57.38,57.38,57.38,57.38,57.38,57.38,57.38,57.38,57.38,56.33,57.38,57.38,57.38,57.38,57.38,57.38,56.39,57.38,57.38,57.38,57.38,57.38,57.38,57.38,57.38,57.38,57.38,57.38,57.38,57.38,57.38,57.38,57.38,57.38,57.38
533967_10598_11494_1,42.4,1,48.69,46.96,46.14,47.79,48.43,48.12,49.31,48.97,49.02,50.87,-1,50.87,48.56,48.84,49.77,47.88,48.20,-1,50.87,43.61,48.60,48.84,48.84,41.09,50.87,49.55,49.50,49.23,50.87,48.73,48.75,48.20,41.62,-1,50.87,49.06,50.87,46.96,48.56,50.20,48.84,46.96,49.23,47.48,49.69,48.25,49.38,50.87,49.44,46.96,49.50
533967_10598_13108_0,42.6,1,49.63,49.51,47.51,48.99,49.70,48.84,50.89,49.21,48.94,50.05,-1,51.16,46.71,49.12,48.99,48.15,47.23,-1,51.16,51.16,49.99,50.12,49.12,51.16,46.05,50.49,51.16,49.51,48.47,49.91,51.16,50.23,51.16,-1,48.84,49.34,49.12,51.16,51.16,48.57,49.12,47.23,46.51,49.97,48.84,50.82,50.40,50.05,51.16,49.97,49.78
533967_10598_13108_1,42.6,1,51.09,51.09,51.09,51.09,51.09,51.09,51.09,51.09,51.09,51.09,51.09,51.09,51.09,51.09,51.09,51.09,51.09,51.09,51.09,51.09,51.09,51.09,51.09,51.09,51.09,51.09,51.09,51.09,51.09,51.09,51.09,51.09,51.09,51.09,51.09,51.09,51.09,51.09,51.09,51.09,51.09,51.09,51.09,51.09,51.09,51.09,51.09,51.09,51.09,51.09,51.09
533967_11501_11503_0,136.8,1,29.70,-1,29.94,30.09,29.88,29.92,29.35,29.71,29.86,29.76,29.94,29.84,29.76,29.67,29.63,29.63,29.70,29.68,29.58,29.65,29.67,29.60,29.62,29.63,29.68,29.74,29.73,29.66,29.64,29.68,29.66,29.74,29.79,29.55,29.74,29.70,29.91,29.68,29.66,29.53,29.74,29.53,29.79,29.70,29.78,29.56,29.72,29.55,29.70,29.82,29.57
533967_11501_11503_1,136.0,1,30.05,30.16,30.43,30.33,30.22,30.21,30.25,28.22,30.20,28.17,28.98,30.29,30.25,30.15,30.31,30.07,30.30,30.41,30.39,30.36,30.30,30.29,30.34,30.21,30.28,30.38,30.39,30.30,30.29,30.17,30.21,30.40,30.46,30.24,30.26,30.31,30.53,30.21,30.25,30.21,30.22,30.09,30.26,30.13,30.34,30.32,30.39,30.26,30.19,30.35,30.12
533967_11501_11504_0,178.1,1,22.39,29.27,29.28,27.77,28.58,28.74,28.89,9.33,21.01,6.75,10.09,22.92,29.16,25.87,22.22,25.56,28.87,28.96,27.66,29.30,28.74,29.35,29.42,29.44,29.41,28.40,29.34,29.34,29.37,27.08,29.36,29.37,29.29,29.41,29.39,29.33,29.18,29.43,29.34,28.73,26.48,27.12,27.21,24.81,25.93,29.38,29.31,29.26,29.31,29.30,28.70
533967_11501_11504_1,178.9,1,30.07,-1,29.88,29.75,29.96,29.90,30.35,30.06,29.94,30.03,29.87,29.96,30.02,30.09,30.12,30.13,30.07,30.07,30.18,30.11,30.08,30.14,30.13,30.12,30.09,30.02,30.10,30.09,30.12,30.08,30.10,30.03,30.00,30.19,30.03,30.05,29.89,30.08,30.11,30.19,30.04,30.17,30.02,30.08,29.96,30.18,30.02,30.18,30.07,29.98,30.17
533967_11505_85937_0,41.7,1,-1,-1,-1,-1,-1,-1,-1,-1,-1,-1,-1,-1,-1,-1,-1,-1,-1,-1,-1,-1,-1,-1,-1,-1,-1,-1,-1,-1,-1,-1,-1,-1,-1,-1,-1,-1,-1,-1,-1,-1,-1,-1,-1,-1,-1,-1,-1,-1,-1,-1,-1
533967_11505_85937_1,62.4,1,-1,-1,-1,-1,-1,-1,-1,-1,-1,-1,-1,-1,-1,-1,-1,-1,-1,-1,-1,-1,-1,-1,-1,-1,-1,-1,-1,-1,-1,-1,-1,-1,-1,-1,-1,-1,-1,-1,-1,-1,-1,-1,-1,-1,-1,-1,-1,-1,-1,-1,-1
533967_11513_88894_0,353.5,1,-1,-1,-1,-1,-1,-1,-1,-1,-1,-1,-1,-1,-1,-1,-1,-1,-1,-1,-1,-1,-1,-1,-1,-1,-1,-1,-1,-1,-1,-1,-1,-1,-1,-1,-1,-1,-1,-1,-1,-1,-1,-1,-1,-1,-1,-1,-1,-1,-1,-1,-1
533967_11513_88894_1,356.5,1,-1,-1,-1,-1,-1,-1,-1,-1,-1,-1,-1,-1,-1,-1,-1,-1,-1,-1,-1,-1,-1,-1,-1,-1,-1,-1,-1,-1,-1,-1,-1,-1,-1,-1,-1,-1,-1,-1,-1,-1,-1,-1,-1,-1,-1,-1,-1,-1,-1,-1,-1
533967_11518_13596_0,255.6,1,-1,-1,-1,-1,-1,-1,-1,-1,-1,-1,-1,-1,-1,-1,-1,-1,-1,-1,-1,-1,-1,-1,-1,-1,-1,-1,-1,-1,-1,-1,-1,-1,-1,-1,-1,-1,-1,-1,-1,-1,-1,-1,-1,-1,-1,-1,-1,-1,-1,-1,-1
533967_11518_13596_1,276.1,1,-1,-1,-1,-1,-1,-1,-1,-1,-1,-1,-1,-1,-1,-1,-1,-1,-1,-1,-1,-1,-1,-1,-1,-1,-1,-1,-1,-1,-1,-1,-1,-1,-1,-1,-1,-1,-1,-1,-1,-1,-1,-1,-1,-1,-1,-1,-1,-1,-1,-1,-1
533967_12969_87770_0,436.6,1,-1,-1,-1,-1,-1,-1,-1,-1,-1,-1,-1,-1,-1,-1,-1,-1,-1,-1,-1,-1,-1,-1,-1,-1,-1,-1,-1,-1,-1,-1,-1,-1,-1,-1,-1,-1,-1,-1,-1,-1,-1,-1,-1,-1,-1,-1,-1,-1,-1,-1,-1
533967_12969_87770_1,439.1,1,-1,-1,-1,-1,-1,-1,-1,-1,-1,-1,-1,-1,-1,-1,-1,-1,-1,-1,-1,-1,-1,-1,-1,-1,-1,-1,-1,-1,-1,-1,-1,-1,-1,-1,-1,-1,-1,-1,-1,-1,-1,-1,-1,-1,-1,-1,-1,-1,-1,-1,-1
533967_13107_13108_0,153.4,1,49.97,49.56,50.22,50.11,49.76,49.94,50.05,49.88,49.71,49.66,49.91,49.65,50.22,49.96,49.88,49.54,50.22,50.07,49.98,50.22,49.82,49.94,50.22,49.76,50.22,50.22,50.22,49.98,49.80,50.22,50.22,49.95,49.76,50.22,49.87,50.22,49.89,50.22,50.22,50.22,49.98,49.96,50.22,49.86,49.71,50.22,50.22,49.88,50.22,50.22,50.22
533967_13107_13108_1,138.9,1,45.45,45.45,45.45,45.45,45.45,45.45,45.45,45.45,45.45,45.45,-1,45.45,45.45,45.45,45.45,45.45,45.45,-1,45.45,45.45,45.45,45.45,45.45,45.45,45.45,45.45,45.45,45.45,45.45,45.45,45.45,45.45,45.45,-1,45.45,45.45,45.45,45.45,45.45,45.45,45.45,45.45,45.45,45.45,45.45,45.45,45.45,45.45,45.45,45.45,45.45
533967_13308_88665_0,50.0,1,-1,-1,-1,-1,-1,-1,-1,-1,-1,-1,-1,-1,-1,-1,-1,-1,-1,-1,-1,-1,-1,-1,-1,-1,-1,-1,-1,-1,-1,-1,-1,-1,-1,-1,-1,-1,-1,-1,-1,-1,-1,-1,-1,-1,-1,-1,-1,-1,-1,-1,-1
533967_13308_88665_1,57.7,1,-1,-1,-1,-1,-1,-1,-1,-1,-1,-1,-1,-1,-1,-1,-1,-1,-1,-1,-1,-1,-1,-1,-1,-1,-1,-1,-1,-1,-1,-1,-1,-1,-1,-1,-1,-1,-1,-1,-1,-1,-1,-1,-1,-1,-1,-1,-1,-1,-1,-1,-1
533967_13715_72472_0,105.6,1,-1,-1,-1,-1,-1,-1,-1,-1,-1,-1,-1,-1,-1,-1,-1,-1,-1,-1,-1,-1,-1,-1,-1,-1,-1,-1,-1,-1,-1,-1,-1,-1,-1,-1,-1,-1,-1,-1,-1,-1,-1,-1,-1,-1,-1,-1,-1,-1,-1,-1,-1
533967_13715_72472_1,113.1,1,-1,-1,-1,-1,-1,-1,-1,-1,-1,-1,-1,-1,-1,-1,-1,-1,-1,-1,-1,-1,-1,-1,-1,-1,-1,-1,-1,-1,-1,-1,-1,-1,-1,-1,-1,-1,-1,-1,-1,-1,-1,-1,-1,-1,-1,-1,-1,-1,-1,-1,-1
533967_13844_14155_1,333.3,2,47.99,48.00,48.00,47.95,47.95,48.00,48.00,47.92,47.98,48.00,47.98,48.00,48.00,48.00,47.95,48.00,47.99,48.00,48.00,47.99,48.00,47.98,48.00,48.00,48.00,48.00,47.98,48.00,47.98,48.00,47.98,48.00,48.00,48.00,48.00,47.95,48.00,47.98,48.00,47.99,48.00,48.00,48.00,48.00,48.00,47.98,48.00,48.00,48.00,48.00,48.00
533967_13891_14021_0,238.7,1,47.03,50.55,50.27,50.55,50.35,50.19,50.47,14.39,49.75,49.99,48.09,36.88,50.24,50.30,50.27,49.77,48.66,50.17,50.37,50.22,49.52,47.59,50.30,50.33,50.46,50.55,49.95,50.05,50.28,50.36,50.32,49.89,50.27,49.65,50.50,50.42,50.36,50.00,50.31,50.19,50.43,49.61,50.10,50.03,50.10,50.50,50.36,50.33,50.17,50.33,50.55
533967_13891_14021_1,242.1,1,49.97,50.34,50.10,49.73,50.15,49.97,50.13,49.73,49.75,49.79,49.71,49.89,50.24,50.37,50.12,49.94,49.75,49.57,49.95,50.36,50.08,50.15,50.09,50.21,49.93,50.12,50.02,49.92,50.00,48.86,49.52,49.90,49.81,50.06,50.19,49.97,49.91,49.95,50.26,50.13,49.79,50.05,49.70,50.28,50.07,50.23,49.88,50.06,50.03,50.35,49.96
533967_13891_72276_0,143.0,1,-1,-1,-1,-1,-1,-1,-1,-1,-1,-1,-1,-1,-1,-1,-1,-1,-1,-1,-1,-1,-1,-1,-1,-1,-1,-1,-1,-1,-1,-1,-1,-1,-1,-1,-1,-1,-1,-1,-1,-1,-1,-1,-1,-1,-1,-1,-1,-1,-1,-1,-1
533967_13891_72276_1,142.7,1,-1,-1,-1,-1,-1,-1,-1,-1,-1,-1,-1,-1,-1,-1,-1,-1,-1,-1,-1,-1,-1,-1,-1,-1,-1,-1,-1,-1,-1,-1,-1,-1,-1,-1,-1,-1,-1,-1,-1,-1,-1,-1,-1,-1,-1,-1,-1,-1,-1,-1,-1
533967_14017_14018_0,200.9,1,46.49,51.58,51.66,51.40,51.04,49.73,50.72,51.08,47.26,18.03,25.61,50.57,49.13,51.39,50.49,51.34,51.37,51.52,51.36,51.10,51.42,51.39,51.40,51.30,51.57,51.29,51.66,51.15,51.28,51.56,51.46,51.56,51.45,51.50,51.48,51.58,51.57,50.69,49.60,51.02,51.32,50.25,48.26,51.54,51.66,48.74,50.32,51.48,51.49,51.66,51.66
533967_14017_14018_1,200.6,1,49.85,50.02,49.74,50.02,49.78,49.98,49.88,49.88,50.14,49.96,49.90,49.53,49.55,49.60,49.67,50.09,50.04,49.83,49.83,50.02,49.62,49.62,49.91,49.91,50.08,50.13,49.83,50.09,49.37,49.34,50.12,49.89,49.95,49.57,49.92,50.04,49.76,50.38,49.91,49.53,49.99,49.98,49.48,49.95,49.73,49.68,49.66,50.16,49.65,50.14,49.46
533967_14021_88656_0,220.4,1,-1,-1,-1,-1,-1,-1,-1,-1,-1,-1,-1,-1,-1,-1,-1,-1,-1,-1,-1,-1,-1,-1,-1,-1,-1,-1,-1,-1,-1,-1,-1,-1,-1,-1,-1,-1,-1,-1,-1,-1,-1,-1,-1,-1,-1,-1,-1,-1,-1,-1,-1
533967_14021_88656_1,228.5,1,-1,-1,-1,-1,-1,-1,-1,-1,-1,-1,-1,-1,-1,-1,-1,-1,-1,-1,-1,-1,-1,-1,-1,-1,-1,-1,-1,-1,-1,-1,-1,-1,-1,-1,-1,-1,-1,-1,-1,-1,-1,-1,-1,-1,-1,-1,-1,-1,-1,-1,-1
533967_14156_88894_0,321.0,1,-1,-1,-1,-1,-1,-1,-1,-1,-1,-1,-1,-1,-1,-1,-1,-1,-1,-1,-1,-1,-1,-1,-1,-1,-1,-1,-1,-1,-1,-1,-1,-1,-1,-1,-1,-1,-1,-1,-1,-1,-1,-1,-1,-1,-1,-1,-1,-1,-1,-1,-1
533967_14156_88894_1,322.5,1,-1,-1,-1,-1,-1,-1,-1,-1,-1,-1,-1,-1,-1,-1,-1,-1,-1,-1,-1,-1,-1,-1,-1,-1,-1,-1,-1,-1,-1,-1,-1,-1,-1,-1,-1,-1,-1,-1,-1,-1,-1,-1,-1,-1,-1,-1,-1,-1,-1,-1,-1
533967_72276_88656_0,311.9,1,-1,-1,-1,-1,-1,-1,-1,-1,-1,-1,-1,-1,-1,-1,-1,-1,-1,-1,-1,-1,-1,-1,-1,-1,-1,-1,-1,-1,-1,-1,-1,-1,-1,-1,-1,-1,-1,-1,-1,-1,-1,-1,-1,-1,-1,-1,-1,-1,-1,-1,-1
533967_72276_88656_1,326.1,1,-1,-1,-1,-1,-1,-1,-1,-1,-1,-1,-1,-1,-1,-1,-1,-1,-1,-1,-1,-1,-1,-1,-1,-1,-1,-1,-1,-1,-1,-1,-1,-1,-1,-1,-1,-1,-1,-1,-1,-1,-1,-1,-1,-1,-1,-1,-1,-1,-1,-1,-1
533967_74224_88894_0,308.9,1,-1,-1,-1,-1,-1,-1,-1,-1,-1,-1,-1,-1,-1,-1,-1,-1,-1,-1,-1,-1,-1,-1,-1,-1,-1,-1,-1,-1,-1,-1,-1,-1,-1,-1,-1,-1,-1,-1,-1,-1,-1,-1,-1,-1,-1,-1,-1,-1,-1,-1,-1
533967_74224_88894_1,288.9,1,-1,-1,-1,-1,-1,-1,-1,-1,-1,-1,-1,-1,-1,-1,-1,-1,-1,-1,-1,-1,-1,-1,-1,-1,-1,-1,-1,-1,-1,-1,-1,-1,-1,-1,-1,-1,-1,-1,-1,-1,-1,-1,-1,-1,-1,-1,-1,-1,-1,-1,-1
533967_87767_87768_0,126.3,1,-1,-1,-1,-1,-1,-1,-1,-1,-1,-1,-1,-1,-1,-1,-1,-1,-1,-1,-1,-1,-1,-1,-1,-1,-1,-1,-1,-1,-1,-1,-1,-1,-1,-1,-1,-1,-1,-1,-1,-1,-1,-1,-1,-1,-1,-1,-1,-1,-1,-1,-1
533967_87767_87768_1,125.3,1,-1,-1,-1,-1,-1,-1,-1,-1,-1,-1,-1,-1,-1,-1,-1,-1,-1,-1,-1,-1,-1,-1,-1,-1,-1,-1,-1,-1,-1,-1,-1,-1,-1,-1,-1,-1,-1,-1,-1,-1,-1,-1,-1,-1,-1,-1,-1,-1,-1,-1,-1
533967_87767_88200_0,38.5,1,-1,-1,-1,-1,-1,-1,-1,-1,-1,-1,-1,-1,-1,-1,-1,-1,-1,-1,-1,-1,-1,-1,-1,-1,-1,-1,-1,-1,-1,-1,-1,-1,-1,-1,-1,-1,-1,-1,-1,-1,-1,-1,-1,-1,-1,-1,-1,-1,-1,-1,-1
533967_87767_88200_1,43.3,1,-1,-1,-1,-1,-1,-1,-1,-1,-1,-1,-1,-1,-1,-1,-1,-1,-1,-1,-1,-1,-1,-1,-1,-1,-1,-1,-1,-1,-1,-1,-1,-1,-1,-1,-1,-1,-1,-1,-1,-1,-1,-1,-1,-1,-1,-1,-1,-1,-1,-1,-1
533967_87768_88199_0,62.3,1,-1,-1,-1,-1,-1,-1,-1,-1,-1,-1,-1,-1,-1,-1,-1,-1,-1,-1,-1,-1,-1,-1,-1,-1,-1,-1,-1,-1,-1,-1,-1,-1,-1,-1,-1,-1,-1,-1,-1,-1,-1,-1,-1,-1,-1,-1,-1,-1,-1,-1,-1
533967_87768_88199_1,62.2,1,-1,-1,-1,-1,-1,-1,-1,-1,-1,-1,-1,-1,-1,-1,-1,-1,-1,-1,-1,-1,-1,-1,-1,-1,-1,-1,-1,-1,-1,-1,-1,-1,-1,-1,-1,-1,-1,-1,-1,-1,-1,-1,-1,-1,-1,-1,-1,-1,-1,-1,-1
533967_87769_87770_0,117.5,1,-1,-1,-1,-1,-1,-1,-1,-1,-1,-1,-1,-1,-1,-1,-1,-1,-1,-1,-1,-1,-1,-1,-1,-1,-1,-1,-1,-1,-1,-1,-1,-1,-1,-1,-1,-1,-1,-1,-1,-1,-1,-1,-1,-1,-1,-1,-1,-1,-1,-1,-1
533967_87769_87770_1,97.2,1,-1,-1,-1,-1,-1,-1,-1,-1,-1,-1,-1,-1,-1,-1,-1,-1,-1,-1,-1,-1,-1,-1,-1,-1,-1,-1,-1,-1,-1,-1,-1,-1,-1,-1,-1,-1,-1,-1,-1,-1,-1,-1,-1,-1,-1,-1,-1,-1,-1,-1,-1
533967_88199_88200_0,120.4,1,-1,-1,-1,-1,-1,-1,-1,-1,-1,-1,-1,-1,-1,-1,-1,-1,-1,-1,-1,-1,-1,-1,-1,-1,-1,-1,-1,-1,-1,-1,-1,-1,-1,-1,-1,-1,-1,-1,-1,-1,-1,-1,-1,-1,-1,-1,-1,-1,-1,-1,-1
533967_88199_88200_1,120.8,1,-1,-1,-1,-1,-1,-1,-1,-1,-1,-1,-1,-1,-1,-1,-1,-1,-1,-1,-1,-1,-1,-1,-1,-1,-1,-1,-1,-1,-1,-1,-1,-1,-1,-1,-1,-1,-1,-1,-1,-1,-1,-1,-1,-1,-1,-1,-1,-1,-1,-1,-1
533967_88199_88201_0,56.6,1,-1,-1,-1,-1,-1,-1,-1,-1,-1,-1,-1,-1,-1,-1,-1,-1,-1,-1,-1,-1,-1,-1,-1,-1,-1,-1,-1,-1,-1,-1,-1,-1,-1,-1,-1,-1,-1,-1,-1,-1,-1,-1,-1,-1,-1,-1,-1,-1,-1,-1,-1
533967_88199_88201_1,56.3,1,-1,-1,-1,-1,-1,-1,-1,-1,-1,-1,-1,-1,-1,-1,-1,-1,-1,-1,-1,-1,-1,-1,-1,-1,-1,-1,-1,-1,-1,-1,-1,-1,-1,-1,-1,-1,-1,-1,-1,-1,-1,-1,-1,-1,-1,-1,-1,-1,-1,-1,-1
533967_88200_88202_0,56.0,1,-1,-1,-1,-1,-1,-1,-1,-1,-1,-1,-1,-1,-1,-1,-1,-1,-1,-1,-1,-1,-1,-1,-1,-1,-1,-1,-1,-1,-1,-1,-1,-1,-1,-1,-1,-1,-1,-1,-1,-1,-1,-1,-1,-1,-1,-1,-1,-1,-1,-1,-1
533967_88200_88202_1,56.8,1,-1,-1,-1,-1,-1,-1,-1,-1,-1,-1,-1,-1,-1,-1,-1,-1,-1,-1,-1,-1,-1,-1,-1,-1,-1,-1,-1,-1,-1,-1,-1,-1,-1,-1,-1,-1,-1,-1,-1,-1,-1,-1,-1,-1,-1,-1,-1,-1,-1,-1,-1
533967_88201_88203_0,128.4,1,-1,-1,-1,-1,-1,-1,-1,-1,-1,-1,-1,-1,-1,-1,-1,-1,-1,-1,-1,-1,-1,-1,-1,-1,-1,-1,-1,-1,-1,-1,-1,-1,-1,-1,-1,-1,-1,-1,-1,-1,-1,-1,-1,-1,-1,-1,-1,-1,-1,-1,-1
533967_88201_88203_1,128.3,1,-1,-1,-1,-1,-1,-1,-1,-1,-1,-1,-1,-1,-1,-1,-1,-1,-1,-1,-1,-1,-1,-1,-1,-1,-1,-1,-1,-1,-1,-1,-1,-1,-1,-1,-1,-1,-1,-1,-1,-1,-1,-1,-1,-1,-1,-1,-1,-1,-1,-1,-1
533967_88201_88204_0,86.7,1,-1,-1,-1,-1,-1,-1,-1,-1,-1,-1,-1,-1,-1,-1,-1,-1,-1,-1,-1,-1,-1,-1,-1,-1,-1,-1,-1,-1,-1,-1,-1,-1,-1,-1,-1,-1,-1,-1,-1,-1,-1,-1,-1,-1,-1,-1,-1,-1,-1,-1,-1
533967_88201_88204_1,87.4,1,-1,-1,-1,-1,-1,-1,-1,-1,-1,-1,-1,-1,-1,-1,-1,-1,-1,-1,-1,-1,-1,-1,-1,-1,-1,-1,-1,-1,-1,-1,-1,-1,-1,-1,-1,-1,-1,-1,-1,-1,-1,-1,-1,-1,-1,-1,-1,-1,-1,-1,-1
533967_88202_88204_0,56.8,1,-1,-1,-1,-1,-1,-1,-1,-1,-1,-1,-1,-1,-1,-1,-1,-1,-1,-1,-1,-1,-1,-1,-1,-1,-1,-1,-1,-1,-1,-1,-1,-1,-1,-1,-1,-1,-1,-1,-1,-1,-1,-1,-1,-1,-1,-1,-1,-1,-1,-1,-1
533967_88202_88204_1,56.8,1,-1,-1,-1,-1,-1,-1,-1,-1,-1,-1,-1,-1,-1,-1,-1,-1,-1,-1,-1,-1,-1,-1,-1,-1,-1,-1,-1,-1,-1,-1,-1,-1,-1,-1,-1,-1,-1,-1,-1,-1,-1,-1,-1,-1,-1,-1,-1,-1,-1,-1,-1
533967_88202_88302_0,96.4,1,-1,-1,-1,-1,-1,-1,-1,-1,-1,-1,-1,-1,-1,-1,-1,-1,-1,-1,-1,-1,-1,-1,-1,-1,-1,-1,-1,-1,-1,-1,-1,-1,-1,-1,-1,-1,-1,-1,-1,-1,-1,-1,-1,-1,-1,-1,-1,-1,-1,-1,-1
533967_88202_88302_1,95.6,1,-1,-1,-1,-1,-1,-1,-1,-1,-1,-1,-1,-1,-1,-1,-1,-1,-1,-1,-1,-1,-1,-1,-1,-1,-1,-1,-1,-1,-1,-1,-1,-1,-1,-1,-1,-1,-1,-1,-1,-1,-1,-1,-1,-1,-1,-1,-1,-1,-1,-1,-1
533967_88203_88204_0,84.6,1,-1,-1,-1,-1,-1,-1,-1,-1,-1,-1,-1,-1,-1,-1,-1,-1,-1,-1,-1,-1,-1,-1,-1,-1,-1,-1,-1,-1,-1,-1,-1,-1,-1,-1,-1,-1,-1,-1,-1,-1,-1,-1,-1,-1,-1,-1,-1,-1,-1,-1,-1
533967_88203_88204_1,85.3,1,-1,-1,-1,-1,-1,-1,-1,-1,-1,-1,-1,-1,-1,-1,-1,-1,-1,-1,-1,-1,-1,-1,-1,-1,-1,-1,-1,-1,-1,-1,-1,-1,-1,-1,-1,-1,-1,-1,-1,-1,-1,-1,-1,-1,-1,-1,-1,-1,-1,-1,-1
533967_88203_88302_0,58.8,1,-1,-1,-1,-1,-1,-1,-1,-1,-1,-1,-1,-1,-1,-1,-1,-1,-1,-1,-1,-1,-1,-1,-1,-1,-1,-1,-1,-1,-1,-1,-1,-1,-1,-1,-1,-1,-1,-1,-1,-1,-1,-1,-1,-1,-1,-1,-1,-1,-1,-1,-1
533967_88203_88302_1,58.8,1,-1,-1,-1,-1,-1,-1,-1,-1,-1,-1,-1,-1,-1,-1,-1,-1,-1,-1,-1,-1,-1,-1,-1,-1,-1,-1,-1,-1,-1,-1,-1,-1,-1,-1,-1,-1,-1,-1,-1,-1,-1,-1,-1,-1,-1,-1,-1,-1,-1,-1,-1
I_11_0129024139429,172.6,1,29.45,29.76,29.53,29.58,29.45,29.58,29.68,29.67,29.66,29.54,29.43,29.54,29.58,29.32,29.46,29.44,29.60,29.72,29.64,29.71,29.58,29.64,29.36,29.31,29.62,29.45,29.49,29.48,29.56,29.50,29.49,29.43,29.62,29.21,29.24,29.55,28.56,28.26,29.02,29.24,29.66,29.38,29.34,29.53,29.55,28.40,29.57,29.55,29.56,29.64,29.55
I_11_0129024139444,339.7,1,49.80,49.37,49.48,50.25,49.74,49.86,49.85,49.62,49.99,49.83,49.78,49.90,49.91,49.64,49.90,49.76,49.83,49.93,49.93,49.89,49.86,49.72,49.71,49.67,49.78,49.75,49.60,49.81,49.95,50.00,49.66,49.57,49.76,49.91,49.56,49.57,49.80,49.90,49.81,49.77,49.96,49.87,49.59,50.05,49.66,49.87,49.74,49.83,49.96,49.80,49.79
I_11_0129024146232,339.2,1,29.97,29.95,29.96,29.97,30.03,29.95,30.00,29.92,29.96,29.97,29.97,29.97,29.97,29.99,29.90,29.87,29.87,29.99,29.98,29.98,29.99,29.96,29.92,29.99,29.99,29.95,29.99,30.00,30.01,29.94,30.02,29.93,29.95,29.92,29.98,29.94,29.97,30.00,29.99,29.97,30.03,30.02,29.96,29.89,29.96,29.95,29.97,29.99,30.03,30.00,30.02
I_11_0129024146246,161.8,1,47.05,49.48,49.72,48.42,49.60,48.17,47.04,47.65,46.82,45.31,46.31,47.59,46.30,47.32,47.68,47.62,45.65,47.54,47.95,47.05,46.64,47.25,46.95,48.11,47.65,47.42,46.59,47.80,46.40,46.59,45.68,47.95,46.41,46.50,46.80,48.19,46.72,47.35,46.49,46.62,48.33,47.67,46.55,44.93,46.84,46.87,47.62,46.07,45.52,46.68,47.13
I_11_0804143920985,118.2,1,19.73,20.27,19.80,19.77,19.98,19.60,20.09,19.85,19.42,19.83,20.05,19.95,19.87,19.71,19.51,19.92,19.72,19.80,20.14,19.78,19.71,19.76,19.71,19.75,19.60,19.95,19.41,19.78,20.01,19.71,19.59,19.61,19.60,19.85,19.84,19.95,19.78,19.68,19.74,19.58,19.69,19.71,19.49,19.57,19.61,19.77,19.71,19.52,19.68,19.89,19.75
I_11_0804143921001,119.1,1,-1,-1,-1,-1,-1,-1,-1,-1,-1,-1,-1,-1,-1,-1,-1,-1,-1,-1,-1,-1,-1,-1,-1,-1,-1,-1,-1,-1,-1,-1,-1,-1,-1,-1,-1,-1,-1,-1,-1,-1,-1,-1,-1,-1,-1,-1,-1,-1,-1,-1,-1
I_11_533967_-00001533967_00539,76.2,1,4.85,7.06,7.54,7.79,8.02,7.14,6.61,5.70,5.22,6.49,5.93,6.10,6.41,5.16,5.46,4.24,5.15,5.39,4.83,3.16,3.60,4.66,4.41,4.01,4.13,4.23,5.13,5.83,6.19,5.76,5.90,4.12,5.39,5.58,5.12,5.06,5.80,4.68,5.61,2.97,3.15,5.69,7.11,5.58,5.00,3.82,7.33,4.78,4.86,6.47,6.08
I_11_533967_-00001_533967_-00005,34.8,1,-1,-1,-1,-1,-1,-1,-1,-1,-1,-1,-1,-1,-1,-1,-1,-1,-1,-1,-1,-1,-1,-1,-1,-1,-1,-1,-1,-1,-1,-1,-1,-1,-1,-1,-1,-1,-1,-1,-1,-1,-1,-1,-1,-1,-1,-1,-1,-1,-1,-1,-1
I_11_533967_-00005_533967_-00006,36.0,1,-1,-1,-1,-1,-1,-1,-1,-1,-1,-1,-1,-1,-1,-1,-1,-1,-1,-1,-1,-1,-1,-1,-1,-1,-1,-1,-1,-1,-1,-1,-1,-1,-1,-1,-1,-1,-1,-1,-1,-1,-1,-1,-1,-1,-1,-1,-1,-1,-1,-1,-1
I_11_533967_-00006_533967_-00001,35.7,1,13.72,42.83,32.12,42.83,-1,40.58,42.83,42.83,42.83,40.88,36.71,20.98,37.79,40.38,37.38,35.27,24.93,32.12,30.68,2.62,5.37,18.17,28.06,13.84,14.65,12.60,36.71,26.83,39.20,33.61,37.56,14.00,38.79,40.15,33.75,15.33,41.12,26.99,39.11,3.45,4.44,38.55,41.21,42.83,33.37,19.77,42.83,33.81,36.14,42.83,42.83
I_11_533967_-00008_533967_-00009,180.6,1,46.23,-1,-1,-1,-1,-1,-1,46.43,-1,46.43,46.43,46.43,46.43,46.43,46.43,-1,46.43,43.33,46.43,-1,-1,46.43,-1,-1,-1,46.43,-1,-1,-1,46.43,-1,-1,-1,46.43,-1,-1,-1,-1,46.43,-1,-1,-1,46.43,46.43,46.43,46.43,46.43,46.43,44.83,-1,46.43
I_11_533967_-00009_533967_-00008,200.8,1,49.85,-1,-1,-1,-1,-1,-1,48.19,55.60,55.60,48.19,55.60,55.60,51.63,-1,48.19,49.85,38.04,55.60,-1,-1,-1,55.60,-1,-1,-1,55.60,-1,-1,-1,55.60,-1,-1,-1,48.19,-1,-1,-1,48.19,-1,-1,-1,55.60,31.43,40.16,51.63,55.60,55.60,55.60,55.60,55.60
I_11_533967_00539_533967_-00001,78.9,1,23.88,24.30,24.84,25.34,24.46,23.06,22.20,23.27,22.93,22.88,23.70,23.76,22.69,23.40,24.43,23.66,23.66,23.96,24.82,24.61,25.67,24.64,25.04,24.84,24.98,24.47,24.41,24.57,24.68,24.29,25.17,25.39,25.10,26.10,24.15,23.86,24.85,24.77,25.00,25.45,25.64,24.59,25.34,25.26,25.30,25.37,24.42,24.71,24.64,25.84,25.84
I_11_533967_00937533967_01269,117.5,2,46.29,48.20,47.99,47.39,45.99,48.17,46.03,47.98,49.44,46.91,44.74,46.45,47.79,47.97,47.32,47.42,45.29,46.45,45.88,47.34,46.62,43.88,46.26,47.34,46.13,47.14,46.80,44.77,46.91,45.33,47.56,47.96,47.18,46.13,45.33,43.94,47.70,42.19,45.09,42.82,45.32,42.48,47.45,49.20,45.25,47.74,46.29,45.15,47.33,45.15,46.10
I_11_533967_00937533967_01406,145.2,2,40.69,38.98,38.92,39.18,43.47,43.68,39.76,31.98,37.49,44.02,43.25,40.41,44.94,43.96,41.69,36.15,40.22,40.54,44.34,45.07,38.73,45.22,33.01,41.79,37.97,46.78,46.76,47.42,46.09,43.12,40.66,40.51,42.88,42.75,36.57,42.26,47.20,43.57,33.30,42.35,40.85,43.57,37.40,42.92,41.03,44.50,41.13,32.87,34.73,47.89,43.57
I_11_533967_00937533967_01657,199.1,2,20.38,24.56,24.26,22.13,26.20,24.40,27.64,24.51,17.26,20.29,21.61,20.23,20.79,23.45,19.50,21.21,20.50,19.48,18.13,19.63,18.53,20.25,22.01,19.09,23.15,18.30,22.00,24.21,19.96,19.78,18.92,20.83,17.63,19.71,21.16,17.79,19.08,22.27,22.57,18.45,25.83,23.19,20.33,17.36,20.22,18.08,17.54,21.37,16.85,18.72,18.26
I_11_533967_00939533967_01485,284.3,2,20.69,25.13,23.72,22.96,21.92,24.90,23.15,19.75,22.86,20.33,23.94,19.62,23.00,19.97,25.33,20.24,19.50,21.15,21.86,22.83,21.24,19.89,22.86,20.52,21.95,21.76,20.68,18.28,22.14,24.13,21.01,23.62,20.86,23.92,21.49,16.77,20.37,22.36,20.19,19.27,11.83,20.56,20.57,22.83,22.99,19.04,20.44,22.37,19.29,22.17,19.62
I_11_533967_00977533967_00978,313.2,2,39.34,39.48,39.40,39.67,38.97,38.75,38.94,38.94,38.29,39.65,38.98,39.38,39.22,39.87,39.83,39.93,39.44,39.70,38.41,39.94,40.08,38.78,39.37,39.28,39.46,38.51,39.58,39.90,39.91,39.83,39.78,39.51,39.07,39.60,39.51,39.98,39.33,39.62,39.08,39.83,39.49,39.27,39.46,39.23,39.72,39.54,39.79,39.55,39.70,39.71,39.64
I_11_533967_00977533967_01421,228.5,2,32.09,46.56,42.71,44.19,39.07,39.56,43.43,42.14,42.68,37.43,24.41,40.77,42.92,42.07,24.96,8.44,7.17,44.94,35.17,38.98,39.59,39.27,41.43,38.75,38.90,38.22,39.72,41.04,42.01,38.51,41.95,42.87,40.66,41.55,44.22,39.45,38.34,40.71,39.19,40.13,33.59,42.44,40.85,40.83,40.61,38.84,39.76,37.04,42.51,37.62,36.12
I_11_533967_00977533967_01425,161.1,2,47.52,45.88,47.03,48.15,48.51,48.34,44.92,46.21,47.90,47.57,46.62,48.16,48.62,48.58,48.59,49.47,48.75,48.14,46.00,48.58,46.06,47.60,46.64,47.98,47.44,47.82,47.88,47.69,48.06,47.42,48.34,46.91,48.83,47.86,46.15,46.18,47.25,47.92,47.54,47.69,45.48,47.23,47.45,48.14,48.47,48.34,47.74,48.82,48.17,46.36,46.98
I_11_533967_00977533967_01555,215.2,1,45.38,48.00,45.97,44.43,46.66,45.64,44.83,45.24,42.46,42.98,43.63,45.27,45.49,45.95,48.69,41.39,46.89,47.51,48.25,46.28,42.91,43.64,47.64,46.73,45.67,47.59,43.99,48.49,47.18,47.59,47.60,46.83,47.34,45.10,44.51,45.19,44.21,44.52,44.91,45.36,47.67,43.91,43.30,48.04,44.30,45.88,46.74,45.57,42.74,47.14,45.10
I_11_533967_00978533967_00977,322.1,2,23.23,28.79,24.12,30.03,28.55,22.62,26.15,23.42,24.40,27.07,29.10,26.64,27.09,28.24,25.42,15.27,12.50,27.82,24.11,21.38,24.53,25.80,21.83,23.39,28.04,25.13,22.79,28.16,25.66,23.45,28.99,28.16,24.81,19.87,23.17,25.50,21.61,21.42,15.81,23.97,24.97,23.83,23.12,25.06,21.70,19.49,22.30,24.80,21.15,22.93,24.80
I_11_533967_01268533967_00937,127.5,2,16.69,17.74,18.74,16.89,18.49,15.68,16.62,17.08,18.52,17.01,13.10,15.85,17.11,16.31,16.06,17.42,15.51,19.43,17.81,16.23,15.15,16.89,17.42,18.42,16.98,18.18,17.79,17.13,15.15,15.66,18.42,18.87,14.39,19.35,17.90,15.28,17.31,16.01,16.38,14.50,18.88,17.64,17.89,15.51,18.09,14.82,18.11,12.13,14.60,17.47,17.61
I_11_533967_01405533967_00937,160.5,2,8.98,10.02,12.06,10.00,8.90,8.01,8.73,9.05,10.16,9.38,9.16,9.12,11.08,10.37,12.51,10.04,9.85,10.66,10.81,10.94,11.52,9.05,9.84,11.96,10.40,10.40,10.65,10.27,10.75,11.20,11.50,11.74,10.95,11.16,11.89,12.22,13.11,9.96,9.00,9.61,4.35,3.67,2.60,6.00,9.21,11.64,11.99,8.46,11.82,13.08,14.08
I_11_533967_01412533967_01657,164.4,1,15.85,19.08,15.95,14.97,13.87,14.88,18.32,16.67,16.63,23.48,16.79,11.17,17.74,11.37,24.92,15.51,17.78,19.73,15.75,22.43,13.67,18.75,16.36,21.67,24.50,26.75,20.57,20.31,18.59,17.65,17.82,20.89,13.27,15.77,17.18,16.17,14.84,18.76,13.41,14.02,20.75,11.48,13.43,15.63,15.04,20.15,11.54,13.68,13.75,15.33,11.37
I_11_533967_01418533967_00977,324.9,2,23.19,30.58,33.60,31.32,31.63,31.38,33.73,31.93,33.28,36.77,30.40,32.12,31.49,30.95,30.21,21.30,3.87,24.88,36.33,27.70,23.13,32.69,24.40,31.07,33.95,28.06,31.58,29.57,37.37,27.01,20.67,20.18,20.49,23.13,29.99,27.92,31.69,31.33,29.95,19.89,19.56,19.00,19.29,18.35,18.03,18.88,17.63,18.90,17.25,17.76,17.84
I_11_533967_01485533967_00940,271.3,2,23.89,22.54,26.06,25.17,23.86,17.48,21.22,24.39,22.55,20.61,21.84,22.26,30.11,24.96,23.11,22.46,25.93,24.55,26.34,24.82,26.15,23.68,23.36,24.00,25.49,22.56,24.45,26.27,28.58,23.90,22.62,21.50,28.79,24.85,21.91,24.58,22.03,25.64,28.27,22.00,28.54,24.96,26.86,22.24,24.50,24.27,26.04,22.36,26.54,25.85,27.37
I_11_533967_01485533967_01405,228.7,2,25.66,23.18,33.76,32.53,35.62,35.88,36.94,32.47,23.61,34.15,35.64,33.87,37.43,27.82,38.80,34.54,42.31,37.05,39.35,28.48,32.52,21.11,25.49,34.12,35.07,24.34,35.87,24.21,28.71,32.58,34.83,29.34,26.67,34.05,32.15,27.11,29.95,32.50,30.91,24.53,18.22,13.99,7.49,9.49,25.11,24.13,29.03,26.33,22.64,23.60,26.35
I_11_533967_01485533967_14021,111.0,1,45.04,47.18,47.22,48.07,44.73,47.69,48.29,46.59,46.84,43.24,48.02,45.35,47.31,46.52,45.32,44.27,46.38,43.25,46.00,45.01,44.12,42.74,46.17,43.92,46.24,43.86,45.88,45.35,44.11,45.75,45.93,47.20,46.74,45.69,45.95,44.90,42.53,44.07,41.44,45.16,43.64,40.96,44.14,46.03,46.93,43.71,43.67,43.38,46.99,42.81,44.94
I_11_533967_01485533967_14155,506.4,2,48.52,47.97,48.88,49.01,48.74,49.01,49.35,48.82,48.38,48.45,48.55,48.91,49.25,48.45,48.62,48.37,48.59,47.85,48.36,48.67,48.89,48.84,48.93,48.94,48.71,48.59,48.39,47.62,47.65,48.06,48.76,48.30,48.86,48.86,48.14,48.52,48.23,48.87,48.67,48.66,48.48,48.21,48.40,47.95,48.16,48.69,48.38,48.77,48.90,48.49,47.85
I_11_533967_01555533967_00977,242.1,1,19.99,21.99,25.57,20.94,17.54,20.44,20.65,17.66,18.31,23.18,18.32,24.99,17.30,20.90,14.09,18.56,16.94,24.39,21.54,21.36,23.45,26.56,15.51,27.04,25.54,17.65,21.42,17.60,22.23,24.37,20.33,22.24,19.68,22.57,22.39,23.67,20.52,18.69,20.99,20.55,18.11,19.60,19.38,17.98,17.40,25.82,18.35,23.52,17.12,17.87,20.79
I_11_533967_01644533967_01485,123.9,2,13.08,27.67,23.99,29.40,12.74,16.88,20.15,18.50,12.57,24.83,14.96,24.83,24.55,16.93,19.32,14.27,20.73,8.23,14.95,20.27,21.50,15.84,23.76,16.77,10.16,24.40,30.86,14.66,15.97,15.27,23.87,16.43,13.16,12.88,10.93,11.88,17.90,13.04,13.80,10.50,11.41,9.21,6.54,7.76,7.19,6.98,8.33,8.72,7.99,9.58,7.84
I_11_533967_01657533967_01413,145.9,1,46.21,51.16,49.94,47.22,46.84,49.71,48.70,47.03,48.03,44.38,43.47,48.37,45.02,46.89,47.27,50.02,50.46,51.24,46.00,50.90,42.70,43.56,45.67,51.06,46.80,44.38,47.75,52.52,49.24,48.63,52.52,46.59,45.28,50.13,45.02,43.77,47.40,47.75,47.13,48.63,48.67,42.87,40.88,43.84,39.74,45.35,46.44,47.75,50.60,46.59,44.84
I_11_533967_01657533967_01658,104.5,2,46.03,46.45,45.26,45.59,47.12,45.89,39.52,45.66,41.64,46.00,43.97,47.36,45.35,45.37,47.40,47.12,46.58,48.11,45.24,45.49,45.74,45.28,48.03,46.85,46.78,46.46,47.45,44.91,48.11,46.95,47.50,46.80,47.01,47.07,46.67,47.48,45.74,47.26,46.15,44.48,47.05,48.13,46.05,44.55,46.57,45.65,46.06,47.60,47.21,44.27,46.94
I_11_533967_01657533967_13308,132.6,2,45.87,47.13,45.43,46.03,43.74,45.13,47.74,46.41,45.83,45.96,46.88,43.68,47.86,44.62,46.75,46.84,47.23,46.01,46.12,46.80,44.72,44.58,45.96,46.69,47.14,48.15,46.20,46.51,45.42,47.52,47.74,47.54,46.46,45.89,46.45,45.25,45.39,46.24,47.08,45.51,46.59,41.30,45.95,47.50,45.95,45.77,42.76,43.40,45.08,48.38,42.58
I_11_533967_01659533967_01657,118.8,2,21.38,25.14,22.37,21.08,18.97,20.85,19.36,24.21,22.17,23.02,21.61,21.65,20.04,21.31,23.37,24.26,22.27,22.53,19.49,24.54,15.94,23.69,26.34,26.61,21.07,18.86,22.35,18.80,26.22,22.62,24.92,21.53,25.60,22.74,24.44,19.75,22.51,29.29,23.97,24.95,19.12,18.19,14.15,20.26,17.42,23.47,20.41,19.81,24.36,22.78,20.28
I_11_533967_13308533967_00937,76.5,2,20.25,20.36,17.27,10.23,13.16,25.56,25.21,16.79,17.99,20.26,23.58,22.58,34.41,20.88,13.63,18.85,31.27,27.53,19.27,18.38,25.85,13.08,19.90,19.85,21.34,30.15,20.49,25.46,18.24,15.21,27.79,18.79,18.69,17.94,24.03,17.99,26.79,20.30,15.89,15.86,30.41,17.78,14.14,27.34,20.43,28.02,27.21,20.96,20.82,31.36,18.61
I_11_533967_13718533967_00977,165.1,2,11.90,15.73,13.28,18.85,15.23,4.28,8.80,7.49,4.96,11.05,12.56,11.27,11.34,16.81,18.04,17.20,16.67,14.86,13.49,13.83,12.11,12.27,16.26,10.94,16.86,13.47,13.55,18.70,16.47,12.83,17.30,18.33,15.26,10.35,14.07,16.93,11.24,10.40,11.97,14.99,15.91,15.51,12.74,13.29,12.54,15.01,13.25,17.85,15.06,17.77,17.02
I_11_533967_13845533967_01485,812.9,2,30.84,31.44,31.53,32.05,32.19,31.19,31.20,29.81,29.10,30.27,31.34,29.49,31.44,30.68,31.32,29.77,30.68,30.44,30.77,29.44,30.79,32.39,33.14,29.78,30.52,31.40,30.37,31.42,29.88,32.47,29.91,31.24,32.29,32.76,29.34,30.53,30.88,31.56,33.43,29.52,29.44,30.99,30.15,31.38,30.22,29.75,31.14,32.17,31.60,31.74,31.30
I_11_533967_14021533967_01485,135.4,1,9.47,13.59,11.33,12.06,6.52,10.11,10.03,3.20,7.19,8.69,6.39,6.80,11.67,18.65,8.36,8.36,8.77,9.62,10.79,7.61,7.75,11.13,16.83,13.86,10.85,12.82,10.29,10.76,7.29,10.88,9.98,8.92,8.78,9.84,8.24,17.73,11.94,11.13,10.43,10.99,10.82,8.53,8.73,8.39,10.21,13.51,15.94,13.27,15.04,14.95,13.15
Zone_1,11,-1,25.5,30.60,24.72,30.93,24.21,23.55,25.58,18.53,19.03,9.99,29.56,34.42,28.54,27.19,29.12,31.06,28.41,26.49,31.14,27.26,21.83,31.76,26.18,33.33,29.83,27.04,27.93,28.05,24.27,32.46,30.84,32.27,26.11,25.22,31.51,26.11,35.77,31.22,31.98,28.47,30.75,24.78,26.80,31.46,29.70,22.06,29.33,28.89,19.59,35.20,31.89
Zone_10,11,-1,39.6,39.60,39.60,39.60,39.60,39.60,39.60,39.60,39.60,39.60,39.60,39.60,39.60,39.60,39.60,39.60,39.60,39.60,39.60,39.60,39.60,39.60,39.60,39.60,39.60,39.60,39.60,39.60,39.60,39.60,39.60,39.60,39.60,39.60,39.60,39.60,39.60,39.60,39.60,39.60,39.60,39.60,39.60,39.60,39.60,39.60,39.06,39.60,39.60,39.60,39.60
Zone_11,11,-1,37.1,38.48,39.60,38.02,38.58,38.79,39.13,37.64,38.25,36.65,37.01,36.27,37.58,39.60,37.95,36.24,35.87,36.68,36.68,37.01,36.93,37.88,35.60,35.16,36.13,38.82,37.80,37.95,36.83,37.95,38.54,35.53,38.61,36.85,36.24,38.06,34.85,38.58,34.92,36.30,38.31,35.39,37.25,35.38,37.25,36.55,36.32,39.25,34.60,38.16,37.85
Zone_12,11,-1,39.0,39.60,39.60,39.60,37.78,39.24,38.33,39.60,39.60,39.29,38.99,38.67,39.12,39.60,39.60,38.78,39.60,39.15,39.60,38.74,39.05,38.61,38.06,38.42,39.60,37.10,39.60,39.60,38.98,38.94,39.60,39.60,38.08,38.42,38.39,38.36,39.60,39.60,39.22,39.17,38.69,37.67,39.18,37.20,38.39,39.14,39.60,39.16,39.60,39.20,39.60
Zone_13,11,-1,18.2,31.33,35.56,32.61,14.14,33.73,4.52,5.83,14.55,26.40,10.80,20.34,4.16,30.00,26.93,33.15,37.07,36.39,26.23,37.91,38.44,39.60,38.08,30.28,36.63,34.06,39.60,38.13,39.60,33.41,39.60,31.48,39.60,36.96,30.89,38.13,33.66,32.27,39.60,35.64,38.47,39.60,39.60,36.77,31.31,34.25,39.60,6.58,37.05,39.60,39.60
Zone_14,11,-1,39.6,39.60,39.11,39.60,39.16,39.60,39.60,39.60,39.60,39.60,39.60,39.60,39.60,39.60,39.60,39.60,39.60,39.60,39.60,39.60,39.60,39.60,39.60,39.60,39.60,38.93,39.60,39.60,39.60,39.60,39.60,39.60,39.60,39.60,39.60,39.60,39.60,39.60,39.60,39.60,39.60,39.60,39.60,39.60,39.60,39.60,39.60,39.60,39.60,39.60,39.60
Zone_15,11,-1,33.6,39.60,39.60,39.60,38.81,37.09,37.16,39.60,39.60,34.87,38.68,32.40,36.30,38.47,38.82,35.93,39.60,38.21,39.60,38.58,36.46,38.61,38.19,38.19,38.23,38.88,38.84,37.80,38.81,37.62,37.98,37.62,37.95,39.60,38.16,39.60,37.77,39.60,39.60,5.86,37.67,38.16,39.60,39.60,38.97,39.60,39.60,38.26,38.72,38.74,37.36
Zone_16,11,-1,38.8,38.88,36.37,38.84,38.08,39.60,39.60,37.71,38.44,39.60,39.60,38.02,38.47,38.40,39.60,39.60,39.60,39.60,39.60,39.60,39.60,39.60,39.60,39.60,37.62,39.60,39.60,39.60,39.60,39.60,39.60,38.08,36.77,38.19,39.60,39.60,39.60,39.60,38.19,39.60,38.08,39.60,38.56,39.60,37.80,39.60,38.74,39.60,39.60,37.71,39.60
Zone_17,11,-1,-1,-1,-1,-1,-1,-1,-1,-1,-1,-1,-1,-1,-1,-1,-1,-1,-1,-1,-1,-1,-1,-1,-1,-1,-1,-1,-1,-1,-1,-1,-1,-1,-1,-1,-1,-1,-1,-1,-1,-1,-1,-1,-1,-1,-1,-1,-1,-1,-1,-1,-1
Zone_18,11,-1,-1,-1,-1,-1,-1,-1,-1,-1,-1,-1,-1,-1,-1,-1,-1,-1,-1,-1,-1,-1,-1,-1,-1,-1,-1,-1,-1,-1,-1,-1,-1,-1,-1,-1,-1,-1,-1,-1,-1,-1,-1,-1,-1,-1,-1,-1,-1,-1,-1,-1,-1
Zone_19,11,-1,-1,-1,-1,-1,-1,-1,-1,-1,-1,-1,-1,-1,-1,-1,-1,-1,-1,-1,-1,-1,-1,-1,-1,-1,-1,-1,-1,-1,-1,-1,-1,-1,-1,-1,-1,-1,-1,-1,-1,-1,-1,-1,-1,-1,-1,-1,-1,-1,-1,-1,-1
Zone_2,11,-1,36.7,37.18,39.60,39.60,38.02,35.43,30.68,38.04,36.50,30.30,36.41,37.40,30.46,36.85,36.89,38.89,39.00,36.19,37.40,38.91,37.32,39.60,37.80,38.21,35.50,36.55,38.44,34.90,35.12,39.60,39.60,37.67,39.60,37.91,36.30,39.60,39.60,38.89,38.19,36.63,38.89,37.59,38.42,34.18,38.02,38.65,36.51,38.68,36.16,38.19,37.44
Zone_20,11,-1,-1,-1,-1,-1,-1,-1,-1,-1,-1,-1,-1,-1,-1,-1,-1,-1,-1,-1,-1,-1,-1,-1,-1,-1,-1,-1,-1,-1,-1,-1,-1,-1,-1,-1,-1,-1,-1,-1,-1,-1,-1,-1,-1,-1,-1,-1,-1,-1,-1,-1,-1
Zone_21,11,-1,-1,-1,-1,-1,-1,-1,-1,-1,-1,-1,-1,-1,-1,-1,-1,-1,-1,-1,-1,-1,-1,-1,-1,-1,-1,-1,-1,-1,-1,-1,-1,-1,-1,-1,-1,-1,-1,-1,-1,-1,-1,-1,-1,-1,-1,-1,-1,-1,-1,-1,-1
Zone_22,11,-1,-1,-1,-1,-1,-1,-1,-1,-1,-1,-1,-1,-1,-1,-1,-1,-1,-1,-1,-1,-1,-1,-1,-1,-1,-1,-1,-1,-1,-1,-1,-1,-1,-1,-1,-1,-1,-1,-1,-1,-1,-1,-1,-1,-1,-1,-1,-1,-1,-1,-1,-1
Zone_23,11,-1,39.6,-1,-1,-1,-1,-1,-1,39.60,39.60,39.60,39.60,39.60,39.60,39.60,-1,39.60,39.60,39.60,39.60,-1,-1,-1,39.60,-1,-1,-1,39.60,-1,-1,-1,39.60,-1,-1,-1,39.60,-1,-1,-1,39.60,-1,-1,-1,39.60,39.60,39.60,39.60,39.60,39.60,39.60,39.60,39.60
Zone_24,11,-1,34.4,-1,-1,-1,-1,-1,-1,-1,-1,-1,-1,39.60,-1,39.60,39.60,-1,39.60,39.60,-1,-1,39.60,-1,39.60,-1,-1,-1,19.80,39.60,39.60,-1,39.60,-1,-1,-1,39.60,-1,39.60,39.60,39.60,-1,-1,39.60,39.60,13.20,-1,-1,39.60,-1,-1,-1,39.60
Zone_3,11,-1,35.2,37.52,34.27,37.18,31.23,35.01,36.08,33.68,36.96,35.43,36.46,35.11,38.88,37.69,38.06,32.17,39.07,38.36,37.52,36.00,32.88,37.05,37.03,34.18,35.87,35.24,29.70,37.38,36.70,34.85,38.21,37.06,35.77,33.00,37.59,35.87,37.38,34.38,39.08,32.80,36.17,33.58,37.84,37.03,30.99,34.25,31.09,31.47,31.89,37.52,33.28
Zone_4,11,-1,38.8,-1,-1,-1,-1,39.60,39.60,39.60,39.60,39.60,22.63,39.60,39.60,39.60,39.60,39.60,39.60,39.60,39.60,39.60,39.60,39.60,39.60,39.60,39.60,-1,-1,39.60,39.60,39.60,39.60,36.30,39.60,39.60,39.60,39.60,39.60,39.60,-1,39.60,-1,39.60,39.60,39.60,39.60,39.60,36.96,36.55,39.60,-1,36.96
Zone_5,11,-1,34.3,38.44,34.65,37.59,34.74,38.68,37.27,25.47,31.31,30.20,35.61,35.48,34.92,29.21,35.64,31.98,36.99,35.60,33.38,30.57,35.14,35.73,35.45,36.73,36.74,34.97,37.80,36.92,37.57,32.23,36.45,33.00,32.70,35.33,35.81,34.70,32.31,35.85,36.38,37.34,34.77,37.59,34.30,36.19,35.97,34.99,31.40,35.49,37.09,31.74,30.57
Zone_6,11,-1,4.4,36.30,39.60,39.60,39.60,34.65,39.60,39.60,27.60,34.20,39.60,22.52,34.32,33.80,17.18,21.32,36.08,29.40,10.00,0.44,0.91,7.39,14.12,11.76,15.77,4.33,39.60,26.02,29.00,30.42,36.23,5.38,29.70,30.02,38.72,16.12,37.91,16.32,35.20,0.78,0.98,39.60,38.53,20.14,32.23,36.47,37.57,38.02,39.60,39.60,39.60
Zone_7,11,-1,36.6,36.60,39.60,34.02,33.54,37.59,38.85,34.42,34.71,33.75,37.83,39.06,35.34,33.80,38.93,36.77,38.45,37.88,36.92,36.51,37.74,38.95,37.95,37.35,38.92,38.36,39.60,38.70,38.61,36.47,34.65,39.60,37.91,37.52,37.36,37.36,39.60,37.98,38.63,36.59,37.30,29.30,34.14,36.65,39.60,36.73,38.23,38.42,37.20,35.86,36.06
Zone_8,11,-1,38.7,38.66,39.60,39.60,39.60,39.60,38.19,36.84,38.19,37.32,39.60,37.27,39.60,39.60,39.60,35.92,39.60,38.44,39.60,39.60,37.95,39.60,39.60,37.71,39.60,39.60,39.60,39.60,39.60,39.60,39.60,39.60,34.43,39.60,39.60,39.60,39.60,39.60,39.60,39.60,39.60,38.50,39.60,36.63,36.96,39.60,39.60,39.60,39.60,39.60,39.60
Zone_9,11,-1,32.8,31.46,34.54,34.89,32.44,35.46,30.84,28.80,32.73,33.98,31.52,34.74,33.33,31.23,31.40,29.94,32.53,31.34,21.70,31.33,36.82,30.31,34.48,33.68,33.22,36.94,32.65,34.11,31.16,34.94,33.94,34.75,27.94,29.24,30.77,36.16,34.28,32.14,33.40,35.04,28.59,36.96,35.51,36.27,32.50,39.22,36.12,39.05,38.39,35.20,36.99
