slot_code,HHMM,bus,nonbus,run
0700,07:00,276,8661,rand01
0700,07:00,277,8603,rand02
0700,07:00,269,8631,rand03
0700,07:00,279,8755,rand04
0700,07:00,266,8701,rand05
0700,07:00,271,8692,rand06
0700,07:00,278,8614,rand07
0700,07:00,288,8837,rand08
0700,07:00,282,8568,rand09
0700,07:00,273,8498,rand10
0700,07:00,272,8333,rand11
0700,07:00,286,8635,rand12
0700,07:00,271,8717,rand13
0700,07:00,303,8427,rand14
0700,07:00,256,8641,rand15
0700,07:00,248,8892,rand16
0700,07:00,271,8545,rand17
0700,07:00,284,8473,rand18
0700,07:00,288,8726,rand19
0700,07:00,271,8833,rand20
0715,07:15,348,10226,rand01
0715,07:15,367,10309,rand02
0715,07:15,360,10409,rand03
0715,07:15,391,10154,rand04
0715,07:15,354,10244,rand05
0715,07:15,350,10018,rand06
0715,07:15,342,10108,rand07
0715,07:15,347,10261,rand08
0715,07:15,384,10333,rand09
0715,07:15,361,10107,rand10
0715,07:15,306,10104,rand11
0715,07:15,320,10398,rand12
0715,07:15,323,10372,rand13
0715,07:15,343,10140,rand14
0715,07:15,356,10079,rand15
0715,07:15,363,10411,rand16
0715,07:15,367,10108,rand17
0715,07:15,331,10163,rand18
0715,07:15,385,10186,rand19
0715,07:15,345,10180,rand20
0730,07:30,329,11073,rand01
0730,07:30,312,11110,rand02
0730,07:30,315,10885,rand03
0730,07:30,299,10956,rand04
0730,07:30,331,11178,rand05
0730,07:30,317,11047,rand06
0730,07:30,325,10872,rand07
0730,07:30,343,11189,rand08
0730,07:30,284,11050,rand09
0730,07:30,325,11049,rand10
0730,07:30,369,11091,rand11
0730,07:30,352,10998,rand12
0730,07:30,320,10781,rand13
0730,07:30,322,11277,rand14
0730,07:30,296,11072,rand15
0730,07:30,305,11046,rand16
0730,07:30,349,11096,rand17
0730,07:30,338,10928,rand18
0730,07:30,319,11108,rand19
0730,07:30,325,11118,rand20
0745,07:45,426,10964,rand01
0745,07:45,428,11069,rand02
0745,07:45,430,11173,rand03
0745,07:45,430,11049,rand04
0745,07:45,422,11213,rand05
0745,07:45,391,11529,rand06
0745,07:45,427,11218,rand07
0745,07:45,424,10983,rand08
0745,07:45,405,11473,rand09
0745,07:45,385,11223,rand10
0745,07:45,410,11457,rand11
0745,07:45,450,11290,rand12
0745,07:45,411,11295,rand13
0745,07:45,397,11151,rand14
0745,07:45,477,11396,rand15
0745,07:45,443,11229,rand16
0745,07:45,395,11325,rand17
0745,07:45,423,11393,rand18
0745,07:45,412,11329,rand19
0745,07:45,389,11316,rand20
0800,08:00,442,11982,rand01
0800,08:00,423,12156,rand02
0800,08:00,411,11955,rand03
0800,08:00,469,11933,rand04
0800,08:00,454,11882,rand05
0800,08:00,483,11731,rand06
0800,08:00,455,11920,rand07
0800,08:00,366,11950,rand08
0800,08:00,507,11808,rand09
0800,08:00,532,12032,rand10
0800,08:00,465,11615,rand11
0800,08:00,445,11685,rand12
0800,08:00,501,11822,rand13
0800,08:00,532,12084,rand14
0800,08:00,423,11753,rand15
0800,08:00,459,11719,rand16
0800,08:00,457,11788,rand17
0800,08:00,431,11931,rand18
0800,08:00,450,11682,rand19
0800,08:00,499,11878,rand20
0815,08:15,441,11624,rand01
0815,08:15,445,11637,rand02
0815,08:15,452,11793,rand03
0815,08:15,417,11703,rand04
0815,08:15,395,11630,rand05
0815,08:15,417,11715,rand06
0815,08:15,425,11676,rand07
0815,08:15,499,11702,rand08
0815,08:15,378,11814,rand09
0815,08:15,410,11542,rand10
0815,08:15,435,11865,rand11
0815,08:15,427,11692,rand12
0815,08:15,419,11743,rand13
0815,08:15,341,11647,rand14
0815,08:15,434,11605,rand15
0815,08:15,427,11689,rand16
0815,08:15,451,11823,rand17
0815,08:15,466,11762,rand18
0815,08:15,410,11863,rand19
0815,08:15,463,11805,rand20
0830,08:30,369,12509,rand01
0830,08:30,416,12494,rand02
0830,08:30,395,12275,rand03
0830,08:30,369,12434,rand04
0830,08:30,452,12643,rand05
0830,08:30,420,12436,rand06
0830,08:30,392,12504,rand07
0830,08:30,366,12412,rand08
0830,08:30,421,12520,rand09
0830,08:30,404,12547,rand10
0830,08:30,379,12741,rand11
0830,08:30,383,12661,rand12
0830,08:30,380,12209,rand13
0830,08:30,431,12230,rand14
0830,08:30,396,12710,rand15
0830,08:30,396,12439,rand16
0830,08:30,384,12401,rand17
0830,08:30,398,12293,rand18
0830,08:30,391,12334,rand19
0830,08:30,392,12240,rand20
0845,08:45,326,11439,rand01
0845,08:45,286,11438,rand02
0845,08:45,316,11403,rand03
0845,08:45,298,11473,rand04
0845,08:45,277,11351,rand05
0845,08:45,291,11703,rand06
0845,08:45,301,11389,rand07
0845,08:45,321,11397,rand08
0845,08:45,315,11073,rand09
0845,08:45,267,11411,rand10
0845,08:45,331,11381,rand11
0845,08:45,326,11297,rand12
0845,08:45,319,11722,rand13
0845,08:45,305,11348,rand14
0845,08:45,320,11339,rand15
0845,08:45,296,11384,rand16
0845,08:45,281,11389,rand17
0845,08:45,297,11443,rand18
0845,08:45,339,11513,rand19
0845,08:45,293,11549,rand20
0900,09:00,398,10241,rand01
0900,09:00,430,10106,rand02
0900,09:00,409,10109,rand03
0900,09:00,395,10089,rand04
0900,09:00,412,10007,rand05
0900,09:00,444,9802,rand06
0900,09:00,404,10001,rand07
0900,09:00,427,10040,rand08
0900,09:00,419,10345,rand09
0900,09:00,395,9999,rand10
0900,09:00,381,10105,rand11
0900,09:00,419,10034,rand12
0900,09:00,416,10044,rand13
0900,09:00,420,10235,rand14
0900,09:00,382,10094,rand15
0900,09:00,411,10276,rand16
0900,09:00,439,10065,rand17
0900,09:00,410,10099,rand18
0900,09:00,391,10086,rand19
0900,09:00,391,10091,rand20
0915,09:15,258,9677,rand01
0915,09:15,194,9667,rand02
0915,09:15,242,9652,rand03
0915,09:15,264,9594,rand04
0915,09:15,249,9651,rand05
0915,09:15,213,9748,rand06
0915,09:15,218,9841,rand07
0915,09:15,215,9786,rand08
0915,09:15,204,9485,rand09
0915,09:15,257,9740,rand10
0915,09:15,241,9689,rand11
0915,09:15,210,9795,rand12
0915,09:15,251,9680,rand13
0915,09:15,225,9620,rand14
0915,09:15,256,9702,rand15
0915,09:15,223,9598,rand16
0915,09:15,211,9677,rand17
0915,09:15,226,9777,rand18
0915,09:15,240,9719,rand19
0915,09:15,250,9476,rand20
0930,09:30,339,9941,rand01
0930,09:30,360,9924,rand02
0930,09:30,350,10238,rand03
0930,09:30,353,10038,rand04
0930,09:30,331,10016,rand05
0930,09:30,339,10086,rand06
0930,09:30,359,9994,rand07
0930,09:30,336,10231,rand08
0930,09:30,334,10148,rand09
0930,09:30,350,10016,rand10
0930,09:30,352,9995,rand11
0930,09:30,331,9871,rand12
0930,09:30,342,9874,rand13
0930,09:30,361,10161,rand14
0930,09:30,322,9943,rand15
0930,09:30,374,10133,rand16
0930,09:30,356,10118,rand17
0930,09:30,330,10214,rand18
0930,09:30,344,9889,rand19
0930,09:30,332,10130,rand20
0945,09:45,234,9830,rand01
0945,09:45,245,9867,rand02
0945,09:45,221,9651,rand03
0945,09:45,158,9837,rand04
0945,09:45,249,9801,rand05
0945,09:45,252,9656,rand06
0945,09:45,218,9704,rand07
0945,09:45,262,9598,rand08
0945,09:45,239,9615,rand09
0945,09:45,189,9678,rand10
0945,09:45,208,9607,rand11
0945,09:45,236,9732,rand12
0945,09:45,218,9900,rand13
0945,09:45,172,9541,rand14
0945,09:45,262,9888,rand15
0945,09:45,202,9653,rand16
0945,09:45,219,9763,rand17
0945,09:45,235,9694,rand18
0945,09:45,209,9718,rand19
0945,09:45,223,9719,rand20
1000,10:00,312,10515,rand01
1000,10:00,310,10175,rand02
1000,10:00,298,10522,rand03
1000,10:00,344,10289,rand04
1000,10:00,298,10404,rand05
1000,10:00,311,10463,rand06
1000,10:00,313,10588,rand07
1000,10:00,275,10472,rand08
1000,10:00,314,10401,rand09
1000,10:00,315,10508,rand10
1000,10:00,314,10531,rand11
1000,10:00,310,10346,rand12
1000,10:00,299,10243,rand13
1000,10:00,332,10277,rand14
1000,10:00,301,10223,rand15
1000,10:00,320,10360,rand16
1000,10:00,307,10403,rand17
1000,10:00,317,10418,rand18
1000,10:00,332,10322,rand19
1000,10:00,324,10316,rand20
1015,10:15,195,9355,rand01
1015,10:15,195,9543,rand02
1015,10:15,188,9514,rand03
1015,10:15,215,9610,rand04
1015,10:15,182,9733,rand05
1015,10:15,187,9306,rand06
1015,10:15,215,9414,rand07
1015,10:15,227,9508,rand08
1015,10:15,210,9661,rand09
1015,10:15,214,9489,rand10
1015,10:15,205,9504,rand11
1015,10:15,202,9563,rand12
1015,10:15,221,9568,rand13
1015,10:15,211,9670,rand14
1015,10:15,198,9495,rand15
1015,10:15,202,9583,rand16
1015,10:15,188,9390,rand17
1015,10:15,206,9465,rand18
1015,10:15,177,9701,rand19
1015,10:15,187,9664,rand20
1030,10:30,326,8997,rand01
1030,10:30,297,9050,rand02
1030,10:30,322,8838,rand03
1030,10:30,317,9094,rand04
1030,10:30,325,8695,rand05
1030,10:30,295,9173,rand06
1030,10:30,295,8942,rand07
1030,10:30,328,8973,rand08
1030,10:30,317,8999,rand09
1030,10:30,351,9102,rand10
1030,10:30,331,9061,rand11
1030,10:30,304,9038,rand12
1030,10:30,300,9093,rand13
1030,10:30,316,9190,rand14
1030,10:30,327,9170,rand15
1030,10:30,312,9006,rand16
1030,10:30,337,9055,rand17
1030,10:30,322,9018,rand18
1030,10:30,335,8953,rand19
1030,10:30,346,8932,rand20
1045,10:45,259,8966,rand01
1045,10:45,309,8892,rand02
1045,10:45,313,8788,rand03
1045,10:45,325,8764,rand04
1045,10:45,302,8876,rand05
1045,10:45,303,8839,rand06
1045,10:45,320,8880,rand07
1045,10:45,264,8775,rand08
1045,10:45,278,8785,rand09
1045,10:45,251,8756,rand10
1045,10:45,282,8886,rand11
1045,10:45,325,8764,rand12
1045,10:45,288,8795,rand13
1045,10:45,308,8837,rand14
1045,10:45,284,8831,rand15
1045,10:45,294,8780,rand16
1045,10:45,289,8912,rand17
1045,10:45,310,8867,rand18
1045,10:45,304,8780,rand19
1045,10:45,276,8895,rand20
1100,11:00,215,9613,rand01
1100,11:00,213,9592,rand02
1100,11:00,191,9583,rand03
1100,11:00,208,9766,rand04
1100,11:00,185,9788,rand05
1100,11:00,205,9679,rand06
1100,11:00,199,9787,rand07
1100,11:00,205,9735,rand08
1100,11:00,234,9595,rand09
1100,11:00,221,9772,rand10
1100,11:00,210,9723,rand11
1100,11:00,204,9730,rand12
1100,11:00,212,9734,rand13
1100,11:00,196,9788,rand14
1100,11:00,232,9606,rand15
1100,11:00,212,9680,rand16
1100,11:00,231,9842,rand17
1100,11:00,194,9649,rand18
1100,11:00,180,9640,rand19
1100,11:00,167,9454,rand20
1115,11:15,253,10179,rand01
1115,11:15,208,10208,rand02
1115,11:15,240,10235,rand03
1115,11:15,206,10274,rand04
1115,11:15,241,10381,rand05
1115,11:15,236,10057,rand06
1115,11:15,216,10055,rand07
1115,11:15,226,10231,rand08
1115,11:15,217,10442,rand09
1115,11:15,236,10122,rand10
1115,11:15,209,10082,rand11
1115,11:15,213,10427,rand12
1115,11:15,237,10133,rand13
1115,11:15,222,9928,rand14
1115,11:15,212,10332,rand15
1115,11:15,227,10103,rand16
1115,11:15,213,9818,rand17
1115,11:15,236,10060,rand18
1115,11:15,219,10112,rand19
1115,11:15,261,10187,rand20
1130,11:30,231,8943,rand01
1130,11:30,260,8963,rand02
1130,11:30,254,9169,rand03
1130,11:30,253,9083,rand04
1130,11:30,247,9021,rand05
1130,11:30,215,9060,rand06
1130,11:30,245,9078,rand07
1130,11:30,253,9033,rand08
1130,11:30,252,8886,rand09
1130,11:30,231,8912,rand10
1130,11:30,222,8974,rand11
1130,11:30,216,8977,rand12
1130,11:30,265,9169,rand13
1130,11:30,284,9227,rand14
1130,11:30,261,8950,rand15
1130,11:30,269,9197,rand16
1130,11:30,255,9103,rand17
1130,11:30,238,9045,rand18
1130,11:30,269,8994,rand19
1130,11:30,224,8941,rand20
1145,11:45,263,9167,rand01
1145,11:45,249,9100,rand02
1145,11:45,234,8898,rand03
1145,11:45,253,9181,rand04
1145,11:45,235,8944,rand05
1145,11:45,282,9191,rand06
1145,11:45,248,9020,rand07
1145,11:45,266,9084,rand08
1145,11:45,250,9027,rand09
1145,11:45,256,9184,rand10
1145,11:45,303,9226,rand11
1145,11:45,280,8982,rand12
1145,11:45,229,9045,rand13
1145,11:45,223,8994,rand14
1145,11:45,222,9269,rand15
1145,11:45,204,9307,rand16
1145,11:45,233,9072,rand17
1145,11:45,232,9339,rand18
1145,11:45,262,9081,rand19
1145,11:45,261,9374,rand20
1200,12:00,227,9597,rand01
1200,12:00,231,9641,rand02
1200,12:00,234,9458,rand03
1200,12:00,208,9385,rand04
1200,12:00,228,9590,rand05
1200,12:00,216,9574,rand06
1200,12:00,245,9689,rand07
1200,12:00,226,9575,rand08
1200,12:00,216,9664,rand09
1200,12:00,222,9663,rand10
1200,12:00,183,9519,rand11
1200,12:00,217,9579,rand12
1200,12:00,219,9576,rand13
1200,12:00,219,9633,rand14
1200,12:00,227,9439,rand15
1200,12:00,262,9258,rand16
1200,12:00,220,9668,rand17
1200,12:00,227,9478,rand18
1200,12:00,231,9728,rand19
1200,12:00,235,9602,rand20
1215,12:15,235,9605,rand01
1215,12:15,239,9816,rand02
1215,12:15,240,9848,rand03
1215,12:15,251,9773,rand04
1215,12:15,248,9786,rand05
1215,12:15,270,9752,rand06
1215,12:15,202,9698,rand07
1215,12:15,226,9540,rand08
1215,12:15,219,9641,rand09
1215,12:15,237,9489,rand10
1215,12:15,269,9616,rand11
1215,12:15,229,9818,rand12
1215,12:15,234,9711,rand13
1215,12:15,235,9647,rand14
1215,12:15,267,9602,rand15
1215,12:15,241,9879,rand16
1215,12:15,254,9709,rand17
1215,12:15,250,9761,rand18
1215,12:15,222,9545,rand19
1215,12:15,264,9801,rand20
1230,12:30,255,9619,rand01
1230,12:30,277,9256,rand02
1230,12:30,286,9433,rand03
1230,12:30,265,9485,rand04
1230,12:30,285,9260,rand05
1230,12:30,232,9491,rand06
1230,12:30,311,9400,rand07
1230,12:30,273,9461,rand08
1230,12:30,318,9393,rand09
1230,12:30,283,9467,rand10
1230,12:30,240,9298,rand11
1230,12:30,284,9131,rand12
1230,12:30,298,9435,rand13
1230,12:30,276,9592,rand14
1230,12:30,261,9559,rand15
1230,12:30,274,9270,rand16
1230,12:30,274,9472,rand17
1230,12:30,298,9601,rand18
1230,12:30,283,9607,rand19
1230,12:30,264,9312,rand20
1245,12:45,327,9171,rand01
1245,12:45,299,9215,rand02
1245,12:45,302,9183,rand03
1245,12:45,296,9046,rand04
1245,12:45,313,9227,rand05
1245,12:45,327,9150,rand06
1245,12:45,295,9193,rand07
1245,12:45,328,9158,rand08
1245,12:45,287,9160,rand09
1245,12:45,308,9163,rand10
1245,12:45,351,9323,rand11
1245,12:45,316,9545,rand12
1245,12:45,321,9113,rand13
1245,12:45,327,9137,rand14
1245,12:45,300,9001,rand15
1245,12:45,277,9212,rand16
1245,12:45,303,9172,rand17
1245,12:45,304,8953,rand18
1245,12:45,314,9034,rand19
1245,12:45,287,9148,rand20
1300,13:00,270,9217,rand01
1300,13:00,299,9405,rand02
1300,13:00,274,9369,rand03
1300,13:00,290,9333,rand04
1300,13:00,273,9245,rand05
1300,13:00,302,9473,rand06
1300,13:00,272,9404,rand07
1300,13:00,252,9477,rand08
1300,13:00,257,9438,rand09
1300,13:00,279,9517,rand10
1300,13:00,278,9562,rand11
1300,13:00,291,9256,rand12
1300,13:00,256,9369,rand13
1300,13:00,247,9354,rand14
1300,13:00,276,9491,rand15
1300,13:00,309,9443,rand16
1300,13:00,286,9291,rand17
1300,13:00,256,9670,rand18
1300,13:00,255,9478,rand19
1300,13:00,282,9417,rand20
1315,13:15,265,8889,rand01
1315,13:15,234,8884,rand02
1315,13:15,250,8804,rand03
1315,13:15,255,8780,rand04
1315,13:15,230,9188,rand05
1315,13:15,235,8868,rand06
1315,13:15,239,8728,rand07
1315,13:15,245,8814,rand08
1315,13:15,257,8926,rand09
1315,13:15,200,8660,rand10
1315,13:15,214,8783,rand11
1315,13:15,219,8756,rand12
1315,13:15,233,9224,rand13
1315,13:15,262,8992,rand14
1315,13:15,241,9049,rand15
1315,13:15,247,8855,rand16
1315,13:15,235,8941,rand17
1315,13:15,256,8888,rand18
1315,13:15,259,8931,rand19
1315,13:15,238,8992,rand20
1330,13:30,249,9106,rand01
1330,13:30,262,9010,rand02
1330,13:30,261,8922,rand03
1330,13:30,255,9160,rand04
1330,13:30,268,8728,rand05
1330,13:30,266,8899,rand06
1330,13:30,296,9112,rand07
1330,13:30,291,8950,rand08
1330,13:30,268,8980,rand09
1330,13:30,293,9061,rand10
1330,13:30,252,8786,rand11
1330,13:30,265,9022,rand12
1330,13:30,226,8839,rand13
1330,13:30,272,8697,rand14
1330,13:30,261,8706,rand15
1330,13:30,267,8913,rand16
1330,13:30,260,8935,rand17
1330,13:30,238,8774,rand18
1330,13:30,249,8994,rand19
1330,13:30,249,8884,rand20
1345,13:45,182,8037,rand01
1345,13:45,192,8037,rand02
1345,13:45,206,8008,rand03
1345,13:45,217,7958,rand04
1345,13:45,208,8091,rand05
1345,13:45,177,7966,rand06
1345,13:45,171,7922,rand07
1345,13:45,182,7927,rand08
1345,13:45,206,7978,rand09
1345,13:45,233,7963,rand10
1345,13:45,226,8036,rand11
1345,13:45,233,7856,rand12
1345,13:45,245,7724,rand13
1345,13:45,202,8193,rand14
1345,13:45,221,8026,rand15
1345,13:45,199,8010,rand16
1345,13:45,230,7928,rand17
1345,13:45,191,8017,rand18
1345,13:45,234,7792,rand19
1345,13:45,237,7887,rand20
1400,14:00,333,8825,rand01
1400,14:00,333,8575,rand02
1400,14:00,289,8859,rand03
1400,14:00,296,8992,rand04
1400,14:00,293,8687,rand05
1400,14:00,287,8652,rand06
1400,14:00,353,8679,rand07
1400,14:00,322,8803,rand08
1400,14:00,305,8983,rand09
1400,14:00,310,8834,rand10
1400,14:00,321,9047,rand11
1400,14:00,248,8659,rand12
1400,14:00,303,9023,rand13
1400,14:00,313,8736,rand14
1400,14:00,324,8758,rand15
1400,14:00,310,8665,rand16
1400,14:00,299,8875,rand17
1400,14:00,348,8864,rand18
1400,14:00,303,8912,rand19
1400,14:00,325,8958,rand20
1415,14:15,232,9335,rand01
1415,14:15,214,9342,rand02
1415,14:15,241,8938,rand03
1415,14:15,227,8944,rand04
1415,14:15,241,9183,rand05
1415,14:15,258,9298,rand06
1415,14:15,220,9258,rand07
1415,14:15,227,9121,rand08
1415,14:15,229,8881,rand09
1415,14:15,184,9031,rand10
1415,14:15,223,9003,rand11
1415,14:15,275,9295,rand12
1415,14:15,243,8991,rand13
1415,14:15,220,9200,rand14
1415,14:15,197,9237,rand15
1415,14:15,229,9416,rand16
1415,14:15,203,8912,rand17
1415,14:15,211,9141,rand18
1415,14:15,204,9206,rand19
1415,14:15,211,8885,rand20
1430,14:30,301,8986,rand01
1430,14:30,305,9067,rand02
1430,14:30,291,9408,rand03
1430,14:30,299,9232,rand04
1430,14:30,267,9185,rand05
1430,14:30,301,9114,rand06
1430,14:30,281,9317,rand07
1430,14:30,259,9273,rand08
1430,14:30,292,9226,rand09
1430,14:30,297,9345,rand10
1430,14:30,296,9072,rand11
1430,14:30,278,9342,rand12
1430,14:30,264,9060,rand13
1430,14:30,305,9202,rand14
1430,14:30,317,9329,rand15
1430,14:30,257,9213,rand16
1430,14:30,284,9284,rand17
1430,14:30,301,9118,rand18
1430,14:30,279,9321,rand19
1430,14:30,290,9443,rand20
1445,14:45,359,8979,rand01
1445,14:45,330,9090,rand02
1445,14:45,362,9072,rand03
1445,14:45,379,8860,rand04
1445,14:45,366,9161,rand05
1445,14:45,328,9268,rand06
1445,14:45,332,8815,rand07
1445,14:45,383,8846,rand08
1445,14:45,353,9011,rand09
1445,14:45,369,9029,rand10
1445,14:45,354,9179,rand11
1445,14:45,333,8729,rand12
1445,14:45,376,9140,rand13
1445,14:45,357,8999,rand14
1445,14:45,346,9006,rand15
1445,14:45,356,8894,rand16
1445,14:45,388,9256,rand17
1445,14:45,317,9120,rand18
1445,14:45,378,8833,rand19
1445,14:45,345,8865,rand20
1500,15:00,254,9160,rand01
1500,15:00,245,9070,rand02
1500,15:00,262,9004,rand03
1500,15:00,234,9321,rand04
1500,15:00,302,8896,rand05
1500,15:00,257,9009,rand06
1500,15:00,265,9288,rand07
1500,15:00,237,9372,rand08
1500,15:00,257,9102,rand09
1500,15:00,279,9173,rand10
1500,15:00,253,9188,rand11
1500,15:00,302,9205,rand12
1500,15:00,249,9405,rand13
1500,15:00,256,9081,rand14
1500,15:00,223,8975,rand15
1500,15:00,254,9037,rand16
1500,15:00,263,9159,rand17
1500,15:00,292,9148,rand18
1500,15:00,260,9288,rand19
1500,15:00,254,9255,rand20
1515,15:15,310,9307,rand01
1515,15:15,385,9212,rand02
1515,15:15,349,9343,rand03
1515,15:15,370,9032,rand04
1515,15:15,334,9531,rand05
1515,15:15,374,9380,rand06
1515,15:15,353,9266,rand07
1515,15:15,375,9122,rand08
1515,15:15,338,9393,rand09
1515,15:15,269,9277,rand10
1515,15:15,366,9091,rand11
1515,15:15,328,9496,rand12
1515,15:15,382,9210,rand13
1515,15:15,321,9449,rand14
1515,15:15,365,9271,rand15
1515,15:15,389,9033,rand16
1515,15:15,321,9213,rand17
1515,15:15,328,9021,rand18
1515,15:15,331,9161,rand19
1515,15:15,341,9117,rand20
1530,15:30,310,8935,rand01
1530,15:30,254,9017,rand02
1530,15:30,284,8858,rand03
1530,15:30,247,9046,rand04
1530,15:30,266,8547,rand05
1530,15:30,288,8788,rand06
1530,15:30,287,8785,rand07
1530,15:30,256,8849,rand08
1530,15:30,278,8893,rand09
1530,15:30,322,8920,rand10
1530,15:30,252,8974,rand11
1530,15:30,296,8888,rand12
1530,15:30,244,8941,rand13
1530,15:30,301,8779,rand14
1530,15:30,274,8837,rand15
1530,15:30,241,9050,rand16
1530,15:30,293,8753,rand17
1530,15:30,310,9053,rand18
1530,15:30,306,8863,rand19
1530,15:30,307,8989,rand20
1545,15:45,252,8710,rand01
1545,15:45,307,8845,rand02
1545,15:45,258,8567,rand03
1545,15:45,278,8629,rand04
1545,15:45,244,9007,rand05
1545,15:45,236,8725,rand06
1545,15:45,258,8614,rand07
1545,15:45,287,8811,rand08
1545,15:45,296,8650,rand09
1545,15:45,267,8636,rand10
1545,15:45,265,8621,rand11
1545,15:45,239,8606,rand12
1545,15:45,288,8495,rand13
1545,15:45,246,8562,rand14
1545,15:45,275,8744,rand15
1545,15:45,288,8636,rand16
1545,15:45,281,8680,rand17
1545,15:45,242,8717,rand18
1545,15:45,249,8586,rand19
1545,15:45,236,8714,rand20
1600,16:00,295,10209,rand01
1600,16:00,239,10123,rand02
1600,16:00,285,10181,rand03
1600,16:00,257,10503,rand04
1600,16:00,309,10255,rand05
1600,16:00,312,10220,rand06
1600,16:00,283,10307,rand07
1600,16:00,286,10309,rand08
1600,16:00,261,10225,rand09
1600,16:00,309,10165,rand10
1600,16:00,283,10394,rand11
1600,16:00,290,10424,rand12
1600,16:00,267,10317,rand13
1600,16:00,291,10333,rand14
1600,16:00,256,10328,rand15
1600,16:00,287,10405,rand16
1600,16:00,270,10295,rand17
1600,16:00,291,10242,rand18
1600,16:00,303,10302,rand19
1600,16:00,288,10194,rand20
1615,16:15,251,10374,rand01
1615,16:15,271,10281,rand02
1615,16:15,260,10426,rand03
1615,16:15,307,10061,rand04
1615,16:15,243,10260,rand05
1615,16:15,246,10556,rand06
1615,16:15,280,10299,rand07
1615,16:15,250,10304,rand08
1615,16:15,260,10327,rand09
1615,16:15,247,10385,rand10
1615,16:15,295,10312,rand11
1615,16:15,274,10048,rand12
1615,16:15,273,10352,rand13
1615,16:15,270,10523,rand14
1615,16:15,297,10081,rand15
1615,16:15,246,10135,rand16
1615,16:15,258,10716,rand17
1615,16:15,279,10472,rand18
1615,16:15,265,10349,rand19
1615,16:15,264,10391,rand20
1630,16:30,247,9908,rand01
1630,16:30,227,9903,rand02
1630,16:30,235,9898,rand03
1630,16:30,235,9808,rand04
1630,16:30,266,9980,rand05
1630,16:30,238,9658,rand06
1630,16:30,245,10084,rand07
1630,16:30,228,9939,rand08
1630,16:30,251,9972,rand09
1630,16:30,255,9939,rand10
1630,16:30,208,9918,rand11
1630,16:30,228,10002,rand12
1630,16:30,260,9549,rand13
1630,16:30,255,9722,rand14
1630,16:30,226,9765,rand15
1630,16:30,252,9913,rand16
1630,16:30,239,9828,rand17
1630,16:30,237,9986,rand18
1630,16:30,224,9923,rand19
1630,16:30,249,9623,rand20
1645,16:45,211,10391,rand01
1645,16:45,224,10295,rand02
1645,16:45,229,10186,rand03
1645,16:45,194,10389,rand04
1645,16:45,186,10123,rand05
1645,16:45,233,10447,rand06
1645,16:45,184,10242,rand07
1645,16:45,234,10038,rand08
1645,16:45,211,10098,rand09
1645,16:45,206,10184,rand10
1645,16:45,240,9998,rand11
1645,16:45,244,10425,rand12
1645,16:45,173,10452,rand13
1645,16:45,203,10477,rand14
1645,16:45,224,10316,rand15
1645,16:45,220,10343,rand16
1645,16:45,203,10202,rand17
1645,16:45,194,10058,rand18
1645,16:45,208,10112,rand19
1645,16:45,206,10548,rand20
1700,17:00,360,10664,rand01
1700,17:00,364,10750,rand02
1700,17:00,346,10902,rand03
1700,17:00,412,10503,rand04
1700,17:00,395,10597,rand05
1700,17:00,329,10773,rand06
1700,17:00,379,10754,rand07
1700,17:00,360,10961,rand08
1700,17:00,363,10886,rand09
1700,17:00,350,10650,rand10
1700,17:00,340,10914,rand11
1700,17:00,362,10618,rand12
1700,17:00,387,10598,rand13
1700,17:00,345,10465,rand14
1700,17:00,371,10628,rand15
1700,17:00,362,10998,rand16
1700,17:00,393,10501,rand17
1700,17:00,352,10688,rand18
1700,17:00,350,10792,rand19
1700,17:00,386,10738,rand20
1715,17:15,310,10526,rand01
1715,17:15,317,10740,rand02
1715,17:15,290,10621,rand03
1715,17:15,228,11124,rand04
1715,17:15,303,10886,rand05
1715,17:15,311,10679,rand06
1715,17:15,305,10821,rand07
1715,17:15,308,10567,rand08
1715,17:15,283,10970,rand09
1715,17:15,298,10741,rand10
1715,17:15,315,10836,rand11
1715,17:15,292,10715,rand12
1715,17:15,299,10844,rand13
1715,17:15,290,10939,rand14
1715,17:15,299,11269,rand15
1715,17:15,304,10483,rand16
1715,17:15,262,10953,rand17
1715,17:15,327,10952,rand18
1715,17:15,285,10928,rand19
1715,17:15,292,10801,rand20
1730,17:30,298,10392,rand01
1730,17:30,248,10453,rand02
1730,17:30,280,10337,rand03
1730,17:30,332,10196,rand04
1730,17:30,266,10278,rand05
1730,17:30,308,10300,rand06
1730,17:30,249,10156,rand07
1730,17:30,284,10392,rand08
1730,17:30,292,10315,rand09
1730,17:30,309,10356,rand10
1730,17:30,283,10365,rand11
1730,17:30,282,10260,rand12
1730,17:30,247,10305,rand13
1730,17:30,296,10351,rand14
1730,17:30,297,10030,rand15
1730,17:30,262,10387,rand16
1730,17:30,297,10362,rand17
1730,17:30,292,10149,rand18
1730,17:30,306,10314,rand19
1730,17:30,297,10384,rand20
1745,17:45,223,10810,rand01
1745,17:45,323,10535,rand02
1745,17:45,276,10797,rand03
1745,17:45,253,10682,rand04
1745,17:45,288,10746,rand05
1745,17:45,230,10918,rand06
1745,17:45,311,10847,rand07
1745,17:45,257,10764,rand08
1745,17:45,275,10700,rand09
1745,17:45,232,10782,rand10
1745,17:45,244,10713,rand11
1745,17:45,267,10705,rand12
1745,17:45,275,10939,rand13
1745,17:45,277,10674,rand14
1745,17:45,233,10905,rand15
1745,17:45,269,10930,rand16
1745,17:45,272,10612,rand17
1745,17:45,255,10746,rand18
1745,17:45,275,10486,rand19
1745,17:45,266,10455,rand20
1800,18:00,307,10894,rand01
1800,18:00,255,11041,rand02
1800,18:00,304,10905,rand03
1800,18:00,328,10965,rand04
1800,18:00,326,10867,rand05
1800,18:00,371,10728,rand06
1800,18:00,320,10782,rand07
1800,18:00,310,10994,rand08
1800,18:00,312,10943,rand09
1800,18:00,365,10935,rand10
1800,18:00,382,10670,rand11
1800,18:00,325,10794,rand12
1800,18:00,376,10768,rand13
1800,18:00,342,10887,rand14
1800,18:00,360,10842,rand15
1800,18:00,344,10817,rand16
1800,18:00,317,10780,rand17
1800,18:00,306,11063,rand18
1800,18:00,350,10952,rand19
1800,18:00,318,10993,rand20
1815,18:15,332,9962,rand01
1815,18:15,339,9981,rand02
1815,18:15,324,9986,rand03
1815,18:15,308,9892,rand04
1815,18:15,287,10143,rand05
1815,18:15,261,10118,rand06
1815,18:15,270,10099,rand07
1815,18:15,303,9751,rand08
1815,18:15,327,10128,rand09
1815,18:15,293,9956,rand10
1815,18:15,264,10143,rand11
1815,18:15,261,10084,rand12
1815,18:15,282,9956,rand13
1815,18:15,272,9851,rand14
1815,18:15,278,9996,rand15
1815,18:15,278,9759,rand16
1815,18:15,302,10124,rand17
1815,18:15,314,9849,rand18
1815,18:15,285,10155,rand19
1815,18:15,310,10051,rand20
1830,18:30,238,9406,rand01
1830,18:30,234,9003,rand02
1830,18:30,229,9287,rand03
1830,18:30,225,9190,rand04
1830,18:30,228,9230,rand05
1830,18:30,252,9275,rand06
1830,18:30,254,9104,rand07
1830,18:30,238,9490,rand08
1830,18:30,227,9117,rand09
1830,18:30,241,9188,rand10
1830,18:30,241,9364,rand11
1830,18:30,277,9302,rand12
1830,18:30,234,9264,rand13
1830,18:30,268,9320,rand14
1830,18:30,227,9049,rand15
1830,18:30,278,9205,rand16
1830,18:30,245,9267,rand17
1830,18:30,231,9325,rand18
1830,18:30,225,9129,rand19
1830,18:30,190,9229,rand20
