slot_code,scenario,V_net_mean,TTT_mean,bus_mean,HHMM
630,no01,27.978011857287424,168852.069,251.15,06:30
645,no01,25.99424472165102,214480.038,272.25,06:45
700,no01,27.89119639404724,200800.0315,275.45,07:00
715,no01,27.497713071947786,243437.7635,352.15,07:15
730,no01,25.828390742851745,277381.7155,323.75,07:30
745,no01,26.148481538648436,269443.58650000003,418.75,07:45
800,no01,24.67050042723493,310987.311,460.2,08:00
815,no01,25.026142986986308,308618.06950000004,427.6,08:15
830,no01,24.715964289684795,321089.284,396.7,08:30
845,no01,24.97395473782364,299283.983,305.25,08:45
900,no01,26.299431847963,260033.3605,409.65,09:00
915,no01,27.36946628566052,223776.26,232.35,09:15
930,no01,27.00184659847083,240928.355,344.75,09:30
945,no01,28.087424990816366,223467.984,222.55,09:45
1000,no01,25.938735434408464,255688.5735,312.3,10:00
1015,no01,25.32695510003898,247819.79,201.25,10:15
1030,no01,28.28662792935376,211094.398,320.15,10:30
1045,no01,29.09769392036417,201471.8685,294.2,10:45
1100,no01,27.619376165852053,226894.59500000003,205.7,11:00
1115,no01,27.24474771484271,235523.115,226.4,11:15
1130,no01,28.216307605812297,208181.4105,247.2,11:30
1145,no01,28.66060370695073,212340.2655,249.25,11:45
1200,no01,28.05357371169724,220763.4675,224.65,12:00
1215,no01,28.298903622560957,227282.9295,241.6,12:15
1230,no01,27.954465716092137,213596.1615,276.85,12:30
1245,no01,29.028820441681507,211960.1415,309.1,12:45
1300,no01,28.713451230958555,219159.1355,275.2,13:00
1315,no01,29.01096801033437,206166.423,240.7,13:15
1330,no01,28.38842029180871,205025.75,262.4,13:30
1345,no01,28.552489513127316,185852.605,209.6,13:45
1400,no01,28.540891177641164,201998.01,310.75,14:00
1415,no01,28.40786804505256,216614.808,224.45,14:15
1430,no01,29.16755570956528,210342.5935,288.2,14:30
1445,no01,28.805940066449345,211366.918,355.55,14:45
1500,no01,27.197797519912893,223050.6635,259.9,15:00
1515,no01,27.26184653666478,223832.96,346.45,15:15
1530,no01,27.25591236255978,220658.39900000003,280.8,15:30
1545,no01,27.602255525030245,210441.055,264.6,15:45
1600,no01,24.950414085666708,271318.611,283.1,16:00
1615,no01,24.890087648548185,267933.31350000005,266.8,16:15
1630,no01,24.14458932230688,262686.80350000004,240.25,16:30
1645,no01,25.023535297674737,270133.1285,211.35,16:45
1700,no01,24.39984830973648,290037.8655,365.3,17:00
1715,no01,26.74994658415804,270447.677,295.9,17:15
1730,no01,26.86365444582224,253218.0865,286.25,17:30
1745,no01,26.0076087639696,272493.977,265.05,17:45
1800,no01,26.090567054662813,270643.799,330.9,18:00
1815,no01,27.23166136310672,243195.7055,294.5,18:15
1830,no01,27.964543015627005,215211.5355,239.1,18:30
1845,no01,28.727608374405413,193469.605,300.5,18:45
630,no02,27.978011857287424,168852.069,251.15,06:30
645,no02,25.99424472165102,214480.038,272.25,06:45
700,no02,27.91721279726937,200728.6335,275.45,07:00
715,no02,27.602175726145287,242179.972,352.15,07:15
730,no02,25.9174362439848,276671.487,323.75,07:30
745,no02,26.20073737111424,267441.4115,418.75,07:45
800,no02,24.75273615925857,312091.9875,460.2,08:00
815,no02,25.13461307830173,307323.499,427.6,08:15
830,no02,24.850416288987624,319442.148,396.7,08:30
845,no02,25.27722028882613,295178.8185,305.25,08:45
900,no02,26.66254335144813,257066.0045,409.65,09:00
915,no02,27.243826209079145,223241.7025,232.35,09:15
930,no02,27.2230881276193,239252.66,344.75,09:30
945,no02,28.31070701664326,221462.886,222.55,09:45
1000,no02,26.23363307188588,253384.0905,312.3,10:00
1015,no02,25.93187629425559,241493.6345,201.25,10:15
1030,no02,28.393147965952448,210186.8,320.15,10:30
1045,no02,29.168340866555845,201332.8105,294.2,10:45
1100,no02,27.6380632648667,226215.109,205.7,11:00
1115,no02,27.32573706872744,236106.9,226.4,11:15
1130,no02,28.21840737758915,207988.623,247.2,11:30
1145,no02,28.60809640275074,212858.81,249.25,11:45
1200,no02,28.064960625752008,219940.261,224.65,12:00
1215,no02,28.2739140859423,228763.963,241.6,12:15
1230,no02,28.046707172050134,213439.739,276.85,12:30
1245,no02,29.09141887090373,211483.192,309.1,12:45
1300,no02,28.842376375810808,217683.91,275.2,13:00
1315,no02,29.035874624482496,206203.6065,240.7,13:15
1330,no02,28.47155931496628,203720.556,262.4,13:30
1345,no02,28.62464292084358,185441.2085,209.6,13:45
1400,no02,28.55991086096141,202535.2255,310.75,14:00
1415,no02,28.5007232883266,215812.5255,224.45,14:15
1430,no02,29.155747451828933,210577.9965,288.2,14:30
1445,no02,28.93429450147413,209867.151,355.55,14:45
1500,no02,27.21765248705495,222756.9175,259.9,15:00
1515,no02,27.13833940598221,226140.794,346.45,15:15
1530,no02,27.276469489590465,219591.85,280.8,15:30
1545,no02,27.483551353549508,212009.654,264.6,15:45
1600,no02,24.85589908869496,270707.012,283.1,16:00
1615,no02,24.858007466892037,268265.5425,266.8,16:15
1630,no02,24.157844687676025,263462.0715,240.25,16:30
1645,no02,25.021966211902253,270280.57050000003,211.35,16:45
1700,no02,24.142794090963044,292085.125,365.3,17:00
1715,no02,26.90003920437525,269271.736,295.9,17:15
1730,no02,26.850890775299536,252694.596,286.25,17:30
1745,no02,25.942395339194928,271750.9765,265.05,17:45
1800,no02,25.919856571467683,273414.33,330.9,18:00
1815,no02,27.24122429146997,243729.992,294.5,18:15
1830,no02,27.847867482145347,214897.1185,239.1,18:30
1845,no02,28.68174581605768,194435.3635,300.5,18:45
630,no03,27.81107792298412,169358.565,251.15,06:30
645,no03,25.479233301086342,218067.98850000004,272.25,06:45
700,no03,26.84050228951194,208465.993,275.45,07:00
715,no03,26.28831055919997,253235.053,352.15,07:15
730,no03,24.676335405753708,291593.5965,323.75,07:30
745,no03,24.88574788228328,282896.2465,418.75,07:45
800,no03,23.72377061362987,322427.8335,460.2,08:00
815,no03,24.651706250388173,314766.664,427.6,08:15
830,no03,24.3000661665472,326491.124,396.7,08:30
845,no03,24.628677061178653,303976.87450000003,305.25,08:45
900,no03,25.95722880010743,263566.6485,409.65,09:00
915,no03,27.07900638119803,226916.792,232.35,09:15
930,no03,26.664776035563243,243409.771,344.75,09:30
945,no03,27.908913528737635,225532.661,222.55,09:45
1000,no03,25.922409976272924,255725.895,312.3,10:00
1015,no03,25.115951750572897,249669.3075,201.25,10:15
1030,no03,28.089641382117584,212919.5385,320.15,10:30
1045,no03,28.969347049079197,202760.5625,294.2,10:45
1100,no03,27.46257045773707,227571.8895,205.7,11:00
1115,no03,26.98667943404937,238114.54100000003,226.4,11:15
1130,no03,28.0715853078212,209272.9195,247.2,11:30
1145,no03,28.556680500024772,213015.6955,249.25,11:45
1200,no03,27.8555864474116,221723.89700000003,224.65,12:00
1215,no03,28.121139956097704,228873.243,241.6,12:15
1230,no03,27.87845490736216,214250.027,276.85,12:30
1245,no03,28.89165620881557,212546.5785,309.1,12:45
1300,no03,28.65505712668143,219550.2635,275.2,13:00
1315,no03,28.82355442747504,207596.292,240.7,13:15
1330,no03,28.294835625549347,205591.902,262.4,13:30
1345,no03,28.45900868895161,186446.5725,209.6,13:45
1400,no03,28.385603522082768,203308.1575,310.75,14:00
1415,no03,28.248766325004983,217862.2465,224.45,14:15
1430,no03,29.04156239116253,211183.7255,288.2,14:30
1445,no03,28.60595244378048,212382.4425,355.55,14:45
1500,no03,27.028815641242467,223949.158,259.9,15:00
1515,no03,26.80316750911584,228074.0465,346.45,15:15
1530,no03,27.11041163467153,221846.8235,280.8,15:30
1545,no03,27.31346305619229,212866.5475,264.6,15:45
1600,no03,24.686035281908733,273391.495,283.1,16:00
1615,no03,24.613472281992,270838.3825,266.8,16:15
1630,no03,23.874245768924983,266132.939,240.25,16:30
1645,no03,24.890691088492503,271693.8635,211.35,16:45
1700,no03,23.91844742010695,294336.06,365.3,17:00
1715,no03,26.200149923147485,276605.16000000003,295.9,17:15
1730,no03,26.31686033236381,258153.8725,286.25,17:30
1745,no03,25.242959772057908,279334.073,265.05,17:45
1800,no03,25.249655397130933,278721.9925,330.9,18:00
1815,no03,25.89753155929847,255093.255,294.5,18:15
1830,no03,27.26611630943537,223919.162,239.1,18:30
1845,no03,28.38836979608829,196131.12,300.5,18:45
630,no04,27.81107792298412,169358.565,251.15,06:30
645,no04,25.479233301086342,218067.98850000004,272.25,06:45
700,no04,26.85679279466885,208315.248,275.45,07:00
715,no04,26.40098783854246,252533.3935,352.15,07:15
730,no04,24.868262579089752,288975.6475,323.75,07:30
745,no04,24.939203302888902,281603.6665,418.75,07:45
800,no04,23.7915388939819,322397.2065,460.2,08:00
815,no04,24.513061266132823,317255.9925,427.6,08:15
830,no04,24.56213180252533,323181.1585,396.7,08:30
845,no04,24.87221154034335,300614.365,305.25,08:45
900,no04,26.29290521956413,260300.9165,409.65,09:00
915,no04,26.94836185548982,226456.9125,232.35,09:15
930,no04,26.953870738029508,241121.6355,344.75,09:30
945,no04,28.2050283994159,222942.232,222.55,09:45
1000,no04,25.82265919249172,256242.58,312.3,10:00
1015,no04,25.522587330231104,245666.35350000003,201.25,10:15
1030,no04,28.17106912746285,211945.2355,320.15,10:30
1045,no04,29.043583290922363,202264.5115,294.2,10:45
1100,no04,27.44629305275758,227835.7925,205.7,11:00
1115,no04,27.099928358325588,237974.101,226.4,11:15
1130,no04,28.06905465360207,209151.969,247.2,11:30
1145,no04,28.50955987023242,213475.964,249.25,11:45
1200,no04,27.901941253729508,220976.6815,224.65,12:00
1215,no04,27.954046037608908,231638.4165,241.6,12:15
1230,no04,27.890390254095376,214522.974,276.85,12:30
1245,no04,28.930501202574373,212871.4245,309.1,12:45
1300,no04,28.6852679677728,218823.33650000003,275.2,13:00
1315,no04,28.88876776606365,207353.4265,240.7,13:15
1330,no04,28.37826710378561,204161.324,262.4,13:30
1345,no04,28.49969511216194,185834.77,209.6,13:45
1400,no04,28.41982086252268,203732.0565,310.75,14:00
1415,no04,28.40293630133521,216784.2065,224.45,14:15
1430,no04,29.060664156296365,211038.5045,288.2,14:30
1445,no04,28.700424197356256,211241.8015,355.55,14:45
1500,no04,27.05929803886816,224341.6785,259.9,15:00
1515,no04,26.819570059957837,228100.1635,346.45,15:15
1530,no04,27.13675540834721,220927.781,280.8,15:30
1545,no04,27.25768937233681,214630.4745,264.6,15:45
1600,no04,24.69778498778433,272112.238,283.1,16:00
1615,no04,24.613595262454638,270817.172,266.8,16:15
1630,no04,24.0084372742694,266631.7805,240.25,16:30
1645,no04,25.107949182952808,269633.843,211.35,16:45
1700,no04,24.03221339287223,292490.9195,365.3,17:00
1715,no04,26.544519885081428,273016.73,295.9,17:15
1730,no04,26.63525313514562,254410.0665,286.25,17:30
1745,no04,25.35954305539036,276852.923,265.05,17:45
1800,no04,25.23307220112402,280028.949,330.9,18:00
1815,no04,26.1514525777464,253224.053,294.5,18:15
1830,no04,27.34201202134502,221314.9955,239.1,18:30
1845,no04,28.180854123677285,198311.8995,300.5,18:45
630,no05,27.790168173747013,169386.51400000002,251.15,06:30
645,no05,25.40488623279563,218647.0245,272.25,06:45
700,no05,26.85888270437049,208208.535,275.45,07:00
715,no05,26.229151844980123,253914.2345,352.15,07:15
730,no05,24.5337769203402,292892.246,323.75,07:30
745,no05,24.785129891924,284253.873,418.75,07:45
800,no05,23.53739681344718,324251.903,460.2,08:00
815,no05,24.44089077438964,318013.0285,427.6,08:15
830,no05,24.26176682684748,327092.05100000004,396.7,08:30
845,no05,24.435225637829078,306035.7755,305.25,08:45
900,no05,25.84295575974936,264568.2265,409.65,09:00
915,no05,27.01217188767153,227697.161,232.35,09:15
930,no05,26.640690203007075,243487.4055,344.75,09:30
945,no05,27.79206358621281,226474.181,222.55,09:45
1000,no05,25.5764139308138,258405.7315,312.3,10:00
1015,no05,24.700912789225285,254595.417,201.25,10:15
1030,no05,27.71589521117654,215256.554,320.15,10:30
1045,no05,28.892188068390432,203781.8205,294.2,10:45
1100,no05,27.35660542320737,228651.14900000003,205.7,11:00
1115,no05,26.817193443592107,239602.9205,226.4,11:15
1130,no05,27.94178020481372,210028.7915,247.2,11:30
1145,no05,28.4207809986764,214308.0975,249.25,11:45
1200,no05,27.840981594120382,222241.0425,224.65,12:00
1215,no05,28.034003653554453,229901.9835,241.6,12:15
1230,no05,27.80901057957829,214536.734,276.85,12:30
1245,no05,28.75413025713444,213807.7255,309.1,12:45
1300,no05,28.487905840531816,220981.102,275.2,13:00
1315,no05,28.747861239467788,208388.0445,240.7,13:15
1330,no05,28.23280214436333,205979.692,262.4,13:30
1345,no05,28.218604129577084,187875.768,209.6,13:45
1400,no05,28.24238919203906,204418.9195,310.75,14:00
1415,no05,28.223848717764696,218082.1625,224.45,14:15
1430,no05,28.961338122034498,211685.582,288.2,14:30
1445,no05,28.388287748367315,213876.87,355.55,14:45
1500,no05,26.86390559879619,225766.4515,259.9,15:00
1515,no05,26.661654501317987,229368.115,346.45,15:15
1530,no05,27.000416294933423,222687.343,280.8,15:30
1545,no05,27.286062636982106,213151.1625,264.6,15:45
1600,no05,24.57718400054652,274316.509,283.1,16:00
1615,no05,24.462243365751934,272937.142,266.8,16:15
1630,no05,23.736522029826418,267354.0525,240.25,16:30
1645,no05,24.84188094348695,272789.8595,211.35,16:45
1700,no05,24.092834111813666,292173.673,365.3,17:00
1715,no05,26.161211413476185,276376.296,295.9,17:15
1730,no05,26.210107059601427,258877.893,286.25,17:30
1745,no05,25.06280878644802,281514.9715,265.05,17:45
1800,no05,25.035145368482667,281332.705,330.9,18:00
1815,no05,25.638494154247205,257771.537,294.5,18:15
1830,no05,27.144883167927,225299.038,239.1,18:30
1845,no05,28.17641843629399,197672.6365,300.5,18:45
630,no06,27.790168173747013,169386.51400000002,251.15,06:30
645,no06,25.40488623279563,218647.0245,272.25,06:45
700,no06,26.866108739006904,208128.2075,275.45,07:00
715,no06,26.36362422765441,252896.781,352.15,07:15
730,no06,24.83151299278556,289563.831,323.75,07:30
745,no06,24.975643187060303,281333.8175,418.75,07:45
800,no06,23.736272888599608,323004.0495,460.2,08:00
815,no06,24.49756726081262,317187.9695,427.6,08:15
830,no06,24.33613532274196,325434.998,396.7,08:30
845,no06,24.44828057395587,306099.558,305.25,08:45
900,no06,25.98414532170495,263865.9195,409.65,09:00
915,no06,26.81728178513339,227856.644,232.35,09:15
930,no06,26.71731293512672,243248.613,344.75,09:30
945,no06,27.95583766702223,225033.381,222.55,09:45
1000,no06,25.447397732222857,259956.459,312.3,10:00
1015,no06,24.84422771411308,253246.278,201.25,10:15
1030,no06,27.85094176322968,214487.4485,320.15,10:30
1045,no06,28.85264612390288,203852.071,294.2,10:45
1100,no06,27.29052949980961,229557.645,205.7,11:00
1115,no06,26.977633532513835,238934.374,226.4,11:15
1130,no06,27.975535049692816,209976.765,247.2,11:30
1145,no06,28.365139628906174,214691.5315,249.25,11:45
1200,no06,27.816429195605732,221701.192,224.65,12:00
1215,no06,28.07153653925104,230518.012,241.6,12:15
1230,no06,27.814019303484088,215262.7715,276.85,12:30
1245,no06,28.83612491229825,213913.584,309.1,12:45
1300,no06,28.61431970832412,219031.47850000003,275.2,13:00
1315,no06,28.72523354767728,208541.627,240.7,13:15
1330,no06,28.27258681962264,205595.6115,262.4,13:30
1345,no06,28.38565911907432,186626.0885,209.6,13:45
1400,no06,28.282567154577,204473.3125,310.75,14:00
1415,no06,28.356131857946515,217256.5405,224.45,14:15
1430,no06,28.908774348636197,211950.391,288.2,14:30
1445,no06,28.46907168292092,213196.2425,355.55,14:45
1500,no06,26.953688096562963,225326.971,259.9,15:00
1515,no06,26.7831773155171,229110.82,346.45,15:15
1530,no06,27.03598207300796,221374.28250000003,280.8,15:30
1545,no06,27.21687919667528,214754.4575,264.6,15:45
1600,no06,24.556067343284305,273421.38450000004,283.1,16:00
1615,no06,24.44118686844027,272267.65150000004,266.8,16:15
1630,no06,23.6244047723648,270613.4325,240.25,16:30
1645,no06,24.857557546357544,273276.7715,211.35,16:45
1700,no06,23.77450630704446,295028.0425,365.3,17:00
1715,no06,26.194754620291956,276350.8135,295.9,17:15
1730,no06,26.29753749725393,257969.0455,286.25,17:30
1745,no06,25.035561795914347,280669.73,265.05,17:45
1800,no06,25.037357740320807,281811.4085,330.9,18:00
1815,no06,25.599147285877287,258277.651,294.5,18:15
1830,no06,27.10576971700246,225337.591,239.1,18:30
1845,no06,28.161417563545942,198105.748,300.5,18:45
630,no07,27.707171693715893,169671.86473684208,251.15,06:30
645,no07,25.19589880946813,220700.1594736842,272.25,06:45
700,no07,26.458381139242352,210870.7952631579,275.45,07:00
715,no07,25.815905198950254,257924.9663157895,352.15,07:15
730,no07,24.148135847963744,297184.25842105265,323.75,07:30
745,no07,24.2994095429743,289428.0794736842,418.75,07:45
800,no07,23.33665794306839,328186.3384210526,460.2,08:00
815,no07,24.16483137799317,321644.3678947369,427.6,08:15
830,no07,23.949171360106167,330784.39684210526,396.7,08:30
845,no07,24.071092135557603,312020.7842105263,305.25,08:45
900,no07,25.421522759033245,269215.13368421054,409.65,09:00
915,no07,26.699438846165155,230818.3410526316,232.35,09:15
930,no07,26.29047652378181,246152.22315789477,344.75,09:30
945,no07,27.488570690388684,229471.9347368421,222.55,09:45
1000,no07,24.981160265171297,263408.4236842105,312.3,10:00
1015,no07,23.931416011234127,262409.04789473687,201.25,10:15
1030,no07,26.986672064008022,222412.4621052632,320.15,10:30
1045,no07,28.650632861305706,205465.51315789475,294.2,10:45
1100,no07,27.078983459797247,232072.56368421053,205.7,11:00
1115,no07,26.45287567240932,242557.81842105265,226.4,11:15
1130,no07,27.73955330096417,211755.57052631577,247.2,11:30
1145,no07,28.03961752188258,217364.86263157896,249.25,11:45
1200,no07,27.416347731228097,226642.92157894737,224.65,12:00
1215,no07,27.782641100342296,232096.3710526316,241.6,12:15
1230,no07,27.57052803050501,216267.7847368421,276.85,12:30
1245,no07,28.537231068833957,215658.7168421053,309.1,12:45
1300,no07,28.39390450051687,222300.72842105263,275.2,13:00
1315,no07,28.609746562547716,208939.23421052637,240.7,13:15
1330,no07,27.980623613563807,208353.79263157892,262.4,13:30
1345,no07,27.77613781172709,190268.88684210528,209.6,13:45
1400,no07,27.89787912441396,207929.16157894736,310.75,14:00
1415,no07,28.006631447120107,220066.5036842105,224.45,14:15
1430,no07,28.67597666720333,213577.6005263158,288.2,14:30
1445,no07,27.96056140475599,217255.73894736843,355.55,14:45
1500,no07,26.68382392664058,228405.10894736843,259.9,15:00
1515,no07,26.20459720339004,232828.94000000003,346.45,15:15
1530,no07,26.71676753135779,226094.19947368425,280.8,15:30
1545,no07,27.12614920163773,214168.1915789474,264.6,15:45
1600,no07,24.484547202681835,275703.5747368421,283.1,16:00
1615,no07,24.31550487119807,274371.1605263158,266.8,16:15
1630,no07,23.54968102958901,269460.09789473686,240.25,16:30
1645,no07,24.6767496465855,274942.3384210526,211.35,16:45
1700,no07,23.72899658701459,296253.73421052634,365.3,17:00
1715,no07,25.673356044888,281356.12263157894,295.9,17:15
1730,no07,25.6267790230532,264001.7589473684,286.25,17:30
1745,no07,24.573187500597488,286772.09368421056,265.05,17:45
1800,no07,24.281542072271645,288678.4957894737,330.9,18:00
1815,no07,24.563091521742663,267629.4978947368,294.5,18:15
1830,no07,26.40142314818087,234903.49,239.1,18:30
1845,no07,27.683494430083257,201936.26947368425,300.5,18:45
630,no08,27.721586372039024,169251.28684210527,251.15,06:30
645,no08,25.211126925396776,220302.8,272.25,06:45
700,no08,26.48501980386504,210994.16789473683,275.45,07:00
715,no08,25.92342855022241,256855.99,352.15,07:15
730,no08,24.303588189122447,295864.6710526316,323.75,07:30
745,no08,24.4284281800758,287749.0989473684,418.75,07:45
800,no08,23.26801041540869,329204.63736842107,460.2,08:00
815,no08,24.191378187537413,322309.4157894737,427.6,08:15
830,no08,24.072292584530512,329389.7315789474,396.7,08:30
845,no08,24.090273008770087,310225.61736842105,305.25,08:45
900,no08,25.35259778389202,269984.39,409.65,09:00
915,no08,26.425417888630854,232124.21526315788,232.35,09:15
930,no08,26.278617325888074,246763.71894736844,344.75,09:30
945,no08,27.62162622598941,228883.0536842105,222.55,09:45
1000,no08,25.084536352890765,262808.08157894737,312.3,10:00
1015,no08,24.03598249261058,261839.81210526315,201.25,10:15
1030,no08,27.23604143257276,219586.5747368421,320.15,10:30
1045,no08,28.644446653293045,205980.8178947369,294.2,10:45
1100,no08,27.122482370026784,231039.3805263158,205.7,11:00
1115,no08,26.66730683484565,241599.92789473684,226.4,11:15
1130,no08,27.742324005413717,212466.93157894735,247.2,11:30
1145,no08,28.00866856509697,216769.17263157893,249.25,11:45
1200,no08,27.504044387859352,224542.0910526316,224.65,12:00
1215,no08,27.829527384295066,232847.2115789474,241.6,12:15
1230,no08,27.677217984548108,215726.73157894737,276.85,12:30
1245,no08,28.57724407169864,215784.7105263158,309.1,12:45
1300,no08,28.509080092368137,220363.15736842103,275.2,13:00
1315,no08,28.646336235579025,209205.23,240.7,13:15
1330,no08,27.98987196442856,207469.05157894737,262.4,13:30
1345,no08,27.93524546798426,189590.3510526316,209.6,13:45
1400,no08,27.96507582543972,207629.2157894737,310.75,14:00
1415,no08,28.13124384088422,219356.6610526316,224.45,14:15
1430,no08,28.67588658607489,213100.1110526316,288.2,14:30
1445,no08,28.177437126232768,215815.3310526316,355.55,14:45
1500,no08,26.77051552350935,226954.8047368421,259.9,15:00
1515,no08,26.362275059183457,232779.6168421053,346.45,15:15
1530,no08,26.87967294551221,223090.64736842105,280.8,15:30
1545,no08,27.03476042876506,215863.5268421053,264.6,15:45
1600,no08,24.348851653490826,276132.0547368421,283.1,16:00
1615,no08,24.32613787568273,274099.8547368421,266.8,16:15
1630,no08,23.557020266141667,270782.57368421054,240.25,16:30
1645,no08,24.45617614408738,276768.6626315789,211.35,16:45
1700,no08,23.342933619224773,301286.7694736842,365.3,17:00
1715,no08,25.79611588803808,280750.9563157895,295.9,17:15
1730,no08,25.769034350478265,262044.53789473683,286.25,17:30
1745,no08,24.726427617946904,285204.64157894737,265.05,17:45
1800,no08,24.800789406275527,284404.68631578947,330.9,18:00
1815,no08,25.257805607003764,262268.2578947369,294.5,18:15
1830,no08,26.87490678497597,227220.32842105263,239.1,18:30
1845,no08,27.70692792096651,200506.7394736842,300.5,18:45
