scenario,timeslot,V_net_mean,V_net_std,TTT_mean,TTT_std
no01,2022/10/18 06:30:00,27.978011857287424,0.4103519088764271,168852.069,4863.2360058546465
no01,2022/10/18 06:45:00,25.99424472165102,0.39955497270784257,214480.038,5541.2876235654885
no01,2022/10/18 07:00:00,27.89119639404724,0.36879663890000947,200800.03149999998,4144.812353633692
no01,2022/10/18 07:15:00,27.497713071947782,0.306969298691134,243437.76349999997,4200.305950126254
no01,2022/10/18 07:30:00,25.828390742851745,0.6888802201080848,277381.7155,8746.13984894838
no01,2022/10/18 07:45:00,26.148481538648433,0.5874391740653835,269443.58650000003,8906.091277156613
no01,2022/10/18 08:00:00,24.670500427234934,0.5472855426610088,310987.311,9279.006318513282
no01,2022/10/18 08:15:00,25.026142986986308,0.8654859586164602,308618.06950000004,12329.216325939584
no01,2022/10/18 08:30:00,24.715964289684795,0.45688240273295655,321089.284,7531.643744964099
no01,2022/10/18 08:45:00,24.97395473782364,0.7792802673514586,299283.983,11061.733431940322
no01,2022/10/18 09:00:00,26.299431847962996,0.5694660327860998,260033.3605,7891.145454798301
no01,2022/10/18 09:15:00,27.36946628566052,0.6620731250436972,223776.26,6635.459610785702
no01,2022/10/18 09:30:00,27.00184659847083,0.880444189644989,240928.35499999998,7692.634119123993
no01,2022/10/18 09:45:00,28.087424990816366,0.3714993228735586,223467.984,3965.8482516811046
no01,2022/10/18 10:00:00,25.938735434408464,1.019656646133807,255688.5735,9673.992294334048
no01,2022/10/18 10:15:00,25.32695510003898,1.0820556412119418,247819.78999999998,12360.462445815308
no01,2022/10/18 10:30:00,28.286627929353756,0.5348478527736127,211094.398,6316.513106003307
no01,2022/10/18 10:45:00,29.09769392036417,0.19687080093776907,201471.8685,2054.5498331322883
no01,2022/10/18 11:00:00,27.619376165852053,0.25494112853070233,226894.59500000003,3488.6046029345
no01,2022/10/18 11:15:00,27.24474771484271,0.45083337688478914,235523.115,6327.501432846013
no01,2022/10/18 11:30:00,28.216307605812297,0.33554865513477083,208181.4105,4255.807397773284
no01,2022/10/18 11:45:00,28.660603706950734,0.25069367735972253,212340.26549999998,4194.805748470949
no01,2022/10/18 12:00:00,28.053573711697236,0.3913072019423061,220763.46749999997,5111.251769307721
no01,2022/10/18 12:15:00,28.298903622560953,0.43436765515372555,227282.9295,4945.681698429847
no01,2022/10/18 12:30:00,27.954465716092137,0.394254800296821,213596.16150000002,5330.760450360643
no01,2022/10/18 12:45:00,29.028820441681507,0.27343345499619703,211960.1415,4267.928134567683
no01,2022/10/18 13:00:00,28.713451230958555,0.3442126941244184,219159.1355,4921.259687395484
no01,2022/10/18 13:15:00,29.01096801033437,0.34577056280287277,206166.423,5751.667060427005
no01,2022/10/18 13:30:00,28.38842029180871,0.23312503292736886,205025.75,4601.334106136464
no01,2022/10/18 13:45:00,28.552489513127313,0.2607703580708761,185852.605,3419.6986882480282
no01,2022/10/18 14:00:00,28.540891177641164,0.23397435062736688,201998.01,4222.694620147311
no01,2022/10/18 14:15:00,28.40786804505256,0.39354348846175063,216614.80800000002,6477.413034724343
no01,2022/10/18 14:30:00,29.167555709565278,0.24977210553508164,210342.59350000002,4022.8791569121986
no01,2022/10/18 14:45:00,28.805940066449345,0.33059238524582535,211366.918,5415.519958165652
no01,2022/10/18 15:00:00,27.197797519912893,0.5114584454974742,223050.66350000002,6685.662278673414
no01,2022/10/18 15:15:00,27.26184653666478,0.3001959971306934,223832.96000000002,4784.994192406976
no01,2022/10/18 15:30:00,27.25591236255978,0.4046196505868007,220658.39900000003,5641.798272096455
no01,2022/10/18 15:45:00,27.602255525030245,0.31472701419639837,210441.055,4721.488755608984
no01,2022/10/18 16:00:00,24.950414085666708,0.3265874860358445,271318.611,5330.264478664713
no01,2022/10/18 16:15:00,24.890087648548185,0.5156199696879465,267933.31350000005,7404.305536809948
no01,2022/10/18 16:30:00,24.144589322306878,0.7453835800867425,262686.80350000004,9234.240535251787
no01,2022/10/18 16:45:00,25.023535297674737,0.807842246467124,270133.1285,10642.60281690341
no01,2022/10/18 17:00:00,24.39984830973648,0.7253261410123603,290037.86549999996,10969.163482087519
no01,2022/10/18 17:15:00,26.74994658415804,0.3989473068637167,270447.677,6942.849411162925
no01,2022/10/18 17:30:00,26.863654445822238,0.6474148725300285,253218.08649999998,7137.976028857924
no01,2022/10/18 17:45:00,26.007608763969596,0.7921617450370249,272493.977,10766.426930186892
no01,2022/10/18 18:00:00,26.090567054662813,0.6396199466053918,270643.799,7466.512362885719
no01,2022/10/18 18:15:00,27.231661363106717,0.6093705266923477,243195.7055,7215.087347218637
no01,2022/10/18 18:30:00,27.964543015627005,0.5276012623708206,215211.5355,6463.985069990309
no01,2022/10/18 18:45:00,28.727608374405413,0.3277461756148759,193469.605,4416.786679630699
no02,2022/10/18 06:30:00,27.978011857287424,0.4103519088764271,168852.069,4863.2360058546465
no02,2022/10/18 06:45:00,25.99424472165102,0.39955497270784257,214480.038,5541.2876235654885
no02,2022/10/18 07:00:00,27.91721279726937,0.3816380027982332,200728.6335,4288.440572251093
no02,2022/10/18 07:15:00,27.602175726145287,0.3997462328680813,242179.972,4473.726658935421
no02,2022/10/18 07:30:00,25.9174362439848,0.5532355858610041,276671.487,6970.48825659942
no02,2022/10/18 07:45:00,26.20073737111424,0.5699424618201633,267441.4115,7511.752143012686
no02,2022/10/18 08:00:00,24.75273615925857,0.6422769660674913,312091.9875,9887.174270146725
no02,2022/10/18 08:15:00,25.13461307830173,0.7605204731809121,307323.499,10834.176947510468
no02,2022/10/18 08:30:00,24.850416288987624,0.40044779380683826,319442.148,6466.075212375016
no02,2022/10/18 08:45:00,25.27722028882613,0.5130136441597304,295178.8185,7744.906079763045
no02,2022/10/18 09:00:00,26.66254335144813,0.5070880442240966,257066.00449999998,7467.847398048633
no02,2022/10/18 09:15:00,27.243826209079145,0.45493261684047404,223241.70249999998,4729.517685072046
no02,2022/10/18 09:30:00,27.2230881276193,0.6580935310021537,239252.66,6868.99714302413
no02,2022/10/18 09:45:00,28.31070701664326,0.3972642505110116,221462.886,4351.880875365575
no02,2022/10/18 10:00:00,26.23363307188588,0.8361524990820943,253384.09050000002,6412.488960725466
no02,2022/10/18 10:15:00,25.93187629425559,1.3078294637320693,241493.63450000001,15253.081857519976
no02,2022/10/18 10:30:00,28.393147965952448,0.4276254095246093,210186.8,4690.147496676303
no02,2022/10/18 10:45:00,29.168340866555845,0.20677601243468893,201332.8105,3927.3750608858495
no02,2022/10/18 11:00:00,27.6380632648667,0.25063481954878963,226215.109,4022.756160736857
no02,2022/10/18 11:15:00,27.325737068727438,0.36665680704311704,236106.9,5913.306110491735
no02,2022/10/18 11:30:00,28.21840737758915,0.306884218525927,207988.623,5339.053987045878
no02,2022/10/18 11:45:00,28.60809640275074,0.2134542759665254,212858.81,3745.603564584969
no02,2022/10/18 12:00:00,28.064960625752008,0.42225709784181986,219940.261,4904.18836630262
no02,2022/10/18 12:15:00,28.2739140859423,0.37125054649104294,228763.963,3998.622452944327
no02,2022/10/18 12:30:00,28.046707172050134,0.43936046474490237,213439.739,5387.279490261153
no02,2022/10/18 12:45:00,29.09141887090373,0.28798251734668573,211483.19199999998,3938.526860693773
no02,2022/10/18 13:00:00,28.842376375810808,0.24054507840404518,217683.91,3612.1525966644126
no02,2022/10/18 13:15:00,29.035874624482496,0.3077019811709181,206203.6065,3634.771785201598
no02,2022/10/18 13:30:00,28.471559314966278,0.22541733821153484,203720.556,3995.233585699215
no02,2022/10/18 13:45:00,28.62464292084358,0.16260329503217236,185441.2085,3147.1793441116333
no02,2022/10/18 14:00:00,28.559910860961406,0.24179663722290978,202535.2255,3707.6423442603423
no02,2022/10/18 14:15:00,28.5007232883266,0.3307831018087471,215812.5255,6689.405974498608
no02,2022/10/18 14:30:00,29.155747451828933,0.24204651717105846,210577.99649999998,3951.525883996923
no02,2022/10/18 14:45:00,28.934294501474135,0.2866343561557378,209867.15099999998,4537.45149257285
no02,2022/10/18 15:00:00,27.21765248705495,0.5284178038004202,222756.91749999998,4987.2739835187385
no02,2022/10/18 15:15:00,27.138339405982215,0.5089311563205685,226140.794,8026.945072686774
no02,2022/10/18 15:30:00,27.276469489590465,0.45514625985963236,219591.85,5504.354690435175
no02,2022/10/18 15:45:00,27.483551353549508,0.4592328692326399,212009.654,6346.599615566552
no02,2022/10/18 16:00:00,24.855899088694958,0.23187777125117645,270707.012,5076.021209951727
no02,2022/10/18 16:15:00,24.858007466892033,0.4174125261595662,268265.5425,7653.764403365165
no02,2022/10/18 16:30:00,24.157844687676025,0.5080219399768675,263462.07149999996,8156.040505065314
no02,2022/10/18 16:45:00,25.021966211902253,0.5685180837056879,270280.57050000003,7884.34674881116
no02,2022/10/18 17:00:00,24.142794090963044,0.8305285035266745,292085.125,12485.165058037772
no02,2022/10/18 17:15:00,26.900039204375254,0.5575794399910452,269271.736,8224.84781400938
no02,2022/10/18 17:30:00,26.850890775299536,0.5301613062925786,252694.596,5569.462841920265
no02,2022/10/18 17:45:00,25.942395339194928,0.7232700643868478,271750.9765,8716.1957627289
no02,2022/10/18 18:00:00,25.919856571467683,0.7992296638347549,273414.32999999996,7556.220935183481
no02,2022/10/18 18:15:00,27.241224291469972,0.632822446712168,243729.992,7479.515993978135
no02,2022/10/18 18:30:00,27.847867482145347,0.4512542688963274,214897.1185,6121.634555424828
no02,2022/10/18 18:45:00,28.681745816057678,0.415393404916684,194435.3635,5084.018063818667
no03,2022/10/18 06:30:00,27.81107792298412,0.438400089894573,169358.565,5017.005420758588
no03,2022/10/18 06:45:00,25.479233301086346,0.3672872924379622,218067.98850000004,5230.66485542937
no03,2022/10/18 07:00:00,26.84050228951194,0.3688596136718275,208465.993,3839.099235610381
no03,2022/10/18 07:15:00,26.28831055919997,0.46144185424365913,253235.05299999999,5557.096776275883
no03,2022/10/18 07:30:00,24.676335405753708,0.4091512404147926,291593.5965,7371.21197254011
no03,2022/10/18 07:45:00,24.885747882283276,0.45782793346629985,282896.2465,6837.929820491834
no03,2022/10/18 08:00:00,23.72377061362987,0.5182917389622529,322427.8335,9051.692429906352
no03,2022/10/18 08:15:00,24.651706250388173,0.7405357440559854,314766.664,11114.381087817057
no03,2022/10/18 08:30:00,24.300066166547197,0.400143329783058,326491.124,7265.014671208722
no03,2022/10/18 08:45:00,24.628677061178653,0.6672239815532006,303976.87450000003,9992.327422215134
no03,2022/10/18 09:00:00,25.95722880010743,0.5896337652606157,263566.6485,8047.913013789913
no03,2022/10/18 09:15:00,27.07900638119803,0.6460699634339101,226916.792,6324.032728587705
no03,2022/10/18 09:30:00,26.664776035563243,1.066696154404595,243409.771,10266.595863409544
no03,2022/10/18 09:45:00,27.908913528737635,0.30008793454435734,225532.661,4668.81205666067
no03,2022/10/18 10:00:00,25.922409976272924,0.8234307660565079,255725.89500000002,6875.256575019774
no03,2022/10/18 10:15:00,25.115951750572897,0.8734722671732917,249669.30750000002,10589.090448933937
no03,2022/10/18 10:30:00,28.089641382117584,0.4333703969695994,212919.53849999997,4791.918667287421
no03,2022/10/18 10:45:00,28.969347049079193,0.2059188336931329,202760.5625,2499.427812694807
no03,2022/10/18 11:00:00,27.46257045773707,0.3901533276535306,227571.8895,4955.044962834373
no03,2022/10/18 11:15:00,26.98667943404937,0.7402299171492877,238114.54100000003,8592.513608322004
no03,2022/10/18 11:30:00,28.071585307821202,0.38807909396065315,209272.91950000002,4305.434024911796
no03,2022/10/18 11:45:00,28.556680500024775,0.2708653624769762,213015.6955,4404.168408343071
no03,2022/10/18 12:00:00,27.8555864474116,0.3365154090406038,221723.89700000003,4752.811600953584
no03,2022/10/18 12:15:00,28.121139956097704,0.33342999662558365,228873.24300000002,4705.137085681319
no03,2022/10/18 12:30:00,27.878454907362162,0.3602970786781936,214250.027,5165.032903929536
no03,2022/10/18 12:45:00,28.891656208815572,0.2856042634747921,212546.5785,4121.493435992498
no03,2022/10/18 13:00:00,28.65505712668143,0.2618833879088834,219550.26349999997,4170.92215175024
no03,2022/10/18 13:15:00,28.823554427475038,0.29832290713035814,207596.292,5581.1633020871395
no03,2022/10/18 13:30:00,28.294835625549347,0.1887600072109297,205591.902,4632.4585889007085
no03,2022/10/18 13:45:00,28.45900868895161,0.2500357164306488,186446.5725,3381.2488137884857
no03,2022/10/18 14:00:00,28.385603522082768,0.3034758400068468,203308.1575,5062.4945093790875
no03,2022/10/18 14:15:00,28.248766325004983,0.4080806782706992,217862.24649999998,7078.9375056640865
no03,2022/10/18 14:30:00,29.04156239116253,0.280149197443606,211183.7255,5247.000767165621
no03,2022/10/18 14:45:00,28.605952443780478,0.46071348486971486,212382.44249999998,6284.97280937708
no03,2022/10/18 15:00:00,27.028815641242467,0.5001972036802662,223949.158,6188.125453409347
no03,2022/10/18 15:15:00,26.803167509115838,0.49198178880729215,228074.0465,5716.328238114573
no03,2022/10/18 15:30:00,27.110411634671532,0.3989297543800578,221846.8235,6027.1772413559165
no03,2022/10/18 15:45:00,27.31346305619229,0.46340493599376825,212866.54750000002,6024.872553998549
no03,2022/10/18 16:00:00,24.686035281908733,0.3846673299521666,273391.495,6240.441349754128
no03,2022/10/18 16:15:00,24.613472281991996,0.3408403024864055,270838.3825,6318.648904994498
no03,2022/10/18 16:30:00,23.874245768924986,0.632517017124831,266132.939,9179.387121534794
no03,2022/10/18 16:45:00,24.890691088492503,0.6985075189070699,271693.8635,9649.925685363309
no03,2022/10/18 17:00:00,23.91844742010695,0.7434486769226932,294336.06,10266.477202424661
no03,2022/10/18 17:15:00,26.200149923147485,0.5985768665686434,276605.16000000003,8112.453864801115
no03,2022/10/18 17:30:00,26.31686033236381,0.6392604322495606,258153.8725,7458.558971002709
no03,2022/10/18 17:45:00,25.242959772057908,0.8937404037397938,279334.073,11638.65724752875
no03,2022/10/18 18:00:00,25.249655397130933,0.7344071103057733,278721.9925,8223.64736346917
no03,2022/10/18 18:15:00,25.89753155929847,0.8712708873305309,255093.25499999998,7946.671648124138
no03,2022/10/18 18:30:00,27.26611630943537,0.758789119579684,223919.162,10204.991708770769
no03,2022/10/18 18:45:00,28.38836979608829,0.39311410560332355,196131.12,5274.343208519201
no04,2022/10/18 06:30:00,27.81107792298412,0.438400089894573,169358.565,5017.005420758588
no04,2022/10/18 06:45:00,25.479233301086346,0.3672872924379622,218067.98850000004,5230.66485542937
no04,2022/10/18 07:00:00,26.85679279466885,0.3650480241914336,208315.248,3962.5514335570797
no04,2022/10/18 07:15:00,26.40098783854246,0.417190909874192,252533.3935,4887.755982532461
no04,2022/10/18 07:30:00,24.868262579089752,0.39440667171114785,288975.6475,5525.014202185012
no04,2022/10/18 07:45:00,24.939203302888906,0.47149704625225786,281603.6665,7117.0082672258195
no04,2022/10/18 08:00:00,23.7915388939819,0.8085928214699561,322397.2065,12333.582959181966
no04,2022/10/18 08:15:00,24.513061266132823,0.6618820887190858,317255.9925,10396.598421249864
no04,2022/10/18 08:30:00,24.56213180252533,0.3592676722384608,323181.1585,6683.061039793272
no04,2022/10/18 08:45:00,24.87221154034335,0.41422723852183396,300614.365,7116.984403399865
no04,2022/10/18 09:00:00,26.292905219564126,0.5062913346162702,260300.9165,6819.546512124092
no04,2022/10/18 09:15:00,26.94836185548982,0.5782434247637614,226456.9125,6456.82169746147
no04,2022/10/18 09:30:00,26.953870738029508,0.6549693375539706,241121.6355,6279.295313312986
no04,2022/10/18 09:45:00,28.2050283994159,0.4013391036986104,222942.232,4835.31375406045
no04,2022/10/18 10:00:00,25.82265919249172,0.7198262516895712,256242.58,6243.920192187789
no04,2022/10/18 10:15:00,25.522587330231104,0.8225658727959398,245666.35350000003,9208.637207559845
no04,2022/10/18 10:30:00,28.17106912746285,0.5303043200299262,211945.2355,6421.375755253101
no04,2022/10/18 10:45:00,29.043583290922363,0.22020604905425487,202264.5115,3893.133729957042
no04,2022/10/18 11:00:00,27.44629305275758,0.2798554665903569,227835.79249999998,3839.2409194689803
no04,2022/10/18 11:15:00,27.099928358325588,0.43477855709049157,237974.10100000002,6093.718850753662
no04,2022/10/18 11:30:00,28.06905465360207,0.31745234979483733,209151.96899999998,5302.362493147352
no04,2022/10/18 11:45:00,28.50955987023242,0.3410514124939625,213475.964,4616.530564605954
no04,2022/10/18 12:00:00,27.901941253729508,0.40054395729272674,220976.6815,4368.52720929013
no04,2022/10/18 12:15:00,27.954046037608908,0.4771673914491671,231638.4165,5951.143217825126
no04,2022/10/18 12:30:00,27.890390254095376,0.4384590358674387,214522.974,5887.1339677374835
no04,2022/10/18 12:45:00,28.930501202574373,0.28549892455758735,212871.42450000002,3801.1179043310462
no04,2022/10/18 13:00:00,28.685267967772802,0.2878905034645206,218823.33650000003,3713.5507023152445
no04,2022/10/18 13:15:00,28.888767766063655,0.3675758608299682,207353.4265,4259.848806421561
no04,2022/10/18 13:30:00,28.37826710378561,0.2162811342006098,204161.324,4102.248143221243
no04,2022/10/18 13:45:00,28.49969511216194,0.22694021505811784,185834.77,3123.31854203017
no04,2022/10/18 14:00:00,28.41982086252268,0.2639394051285966,203732.0565,4194.433377388451
no04,2022/10/18 14:15:00,28.402936301335206,0.3706783111535774,216784.2065,6788.324043563617
no04,2022/10/18 14:30:00,29.060664156296365,0.23598547273360448,211038.50449999998,3640.7479408256295
no04,2022/10/18 14:45:00,28.700424197356256,0.24803259851538412,211241.8015,4768.120106853627
no04,2022/10/18 15:00:00,27.05929803886816,0.4075011425589487,224341.6785,4861.298522544949
no04,2022/10/18 15:15:00,26.819570059957833,0.34458865376787673,228100.16349999997,5344.166973860155
no04,2022/10/18 15:30:00,27.13675540834721,0.4195038482931505,220927.78100000002,4999.012056554569
no04,2022/10/18 15:45:00,27.257689372336806,0.4930584766910563,214630.4745,6993.592364595701
no04,2022/10/18 16:00:00,24.69778498778433,0.26883942425071733,272112.238,5125.390862910504
no04,2022/10/18 16:15:00,24.613595262454634,0.4633829666413608,270817.17199999996,7450.383385612205
no04,2022/10/18 16:30:00,24.008437274269397,0.5350649065843339,266631.7805,8173.69071420164
no04,2022/10/18 16:45:00,25.107949182952808,0.75545306981109,269633.843,7886.165170317406
no04,2022/10/18 17:00:00,24.03221339287223,0.8189785062115738,292490.91949999996,13647.834061417734
no04,2022/10/18 17:15:00,26.544519885081428,0.422982020497468,273016.73,6209.8282610314845
no04,2022/10/18 17:30:00,26.63525313514562,0.47446485859305176,254410.06650000002,5026.838350185698
no04,2022/10/18 17:45:00,25.35954305539036,0.6541974429613125,276852.923,7578.30002138592
no04,2022/10/18 18:00:00,25.23307220112402,0.644565207673881,280028.949,8109.862388340516
no04,2022/10/18 18:15:00,26.151452577746397,0.6764205325078578,253224.053,7259.01731298977
no04,2022/10/18 18:30:00,27.34201202134502,0.5461540820247889,221314.99550000002,6220.193932845264
no04,2022/10/18 18:45:00,28.180854123677285,0.46419130529688873,198311.8995,4851.836339671028
no05,2022/10/18 06:30:00,27.790168173747013,0.43186054078795416,169386.51400000002,4956.084140148935
no05,2022/10/18 06:45:00,25.40488623279563,0.4069913521536958,218647.0245,5627.627827272271
no05,2022/10/18 07:00:00,26.85888270437049,0.4287474383854981,208208.535,4228.803015705143
no05,2022/10/18 07:15:00,26.229151844980123,0.5022123389667218,253914.23450000002,5905.377846818924
no05,2022/10/18 07:30:00,24.533776920340202,0.5712840598447201,292892.246,8091.738785130386
no05,2022/10/18 07:45:00,24.785129891924,0.6436008632970109,284253.873,9071.481988374977
no05,2022/10/18 08:00:00,23.53739681344718,0.5292221883393502,324251.903,9289.906174864194
no05,2022/10/18 08:15:00,24.440890774389636,0.6535515000039785,318013.0285,9855.397293535358
no05,2022/10/18 08:30:00,24.26176682684748,0.4828984235623509,327092.05100000004,8276.02152314041
no05,2022/10/18 08:45:00,24.435225637829074,0.7196289378850271,306035.7755,11326.86312690623
no05,2022/10/18 09:00:00,25.842955759749362,0.5594510227508248,264568.2265,7168.492978596116
no05,2022/10/18 09:15:00,27.012171887671535,0.6294695455234786,227697.161,6443.2147584930035
no05,2022/10/18 09:30:00,26.640690203007075,0.9248451361138746,243487.40550000002,8311.552569021955
no05,2022/10/18 09:45:00,27.792063586212812,0.3539668505152243,226474.181,4447.288094017344
no05,2022/10/18 10:00:00,25.5764139308138,0.7666256296505299,258405.7315,7009.454281807547
no05,2022/10/18 10:15:00,24.700912789225285,0.959386341026336,254595.417,11269.407296970478
no05,2022/10/18 10:30:00,27.71589521117654,0.4242647639873667,215256.554,5423.451216819904
no05,2022/10/18 10:45:00,28.892188068390432,0.22667799807882738,203781.8205,2601.4373845271625
no05,2022/10/18 11:00:00,27.356605423207366,0.32628942873525507,228651.14900000003,3904.442441653923
no05,2022/10/18 11:15:00,26.817193443592107,0.5168112458845728,239602.9205,6886.245356009533
no05,2022/10/18 11:30:00,27.941780204813718,0.3432425780556771,210028.7915,4064.4233909935438
no05,2022/10/18 11:45:00,28.420780998676396,0.30271205047016503,214308.0975,3465.933725988721
no05,2022/10/18 12:00:00,27.840981594120386,0.39934089448306737,222241.04249999998,4731.732269050909
no05,2022/10/18 12:15:00,28.034003653554453,0.397632633965485,229901.9835,5811.456716565878
no05,2022/10/18 12:30:00,27.809010579578292,0.38959475716518555,214536.734,4836.076053523904
no05,2022/10/18 12:45:00,28.754130257134438,0.2573452679306734,213807.7255,4459.35913782224
no05,2022/10/18 13:00:00,28.487905840531816,0.295593241436199,220981.102,4262.71503124796
no05,2022/10/18 13:15:00,28.747861239467788,0.3338605376211131,208388.04450000002,5366.5024249372755
no05,2022/10/18 13:30:00,28.232802144363326,0.23283625352091375,205979.69199999998,4756.142277122013
no05,2022/10/18 13:45:00,28.218604129577084,0.5059665817082811,187875.76799999998,4964.589613877152
no05,2022/10/18 14:00:00,28.24238919203906,0.2754578847711406,204418.91950000002,4617.613141258237
no05,2022/10/18 14:15:00,28.223848717764696,0.39408569054589343,218082.1625,6804.969240686801
no05,2022/10/18 14:30:00,28.961338122034498,0.2613866599099611,211685.582,4828.602535224317
no05,2022/10/18 14:45:00,28.388287748367315,0.39724166348677237,213876.87000000002,5687.639687462631
no05,2022/10/18 15:00:00,26.86390559879619,0.4851420118071452,225766.45150000002,5990.476186535173
no05,2022/10/18 15:15:00,26.661654501317987,0.4212608049382277,229368.115,5239.698495273718
no05,2022/10/18 15:30:00,27.000416294933423,0.37654525498644253,222687.34300000002,5576.593214341817
no05,2022/10/18 15:45:00,27.286062636982102,0.4634792518842965,213151.1625,6115.559252161984
no05,2022/10/18 16:00:00,24.57718400054652,0.3295833621825775,274316.50899999996,5861.226073669412
no05,2022/10/18 16:15:00,24.462243365751938,0.42680618560501593,272937.142,7287.244088347363
no05,2022/10/18 16:30:00,23.736522029826418,0.6601217680973117,267354.0525,8324.459596495944
no05,2022/10/18 16:45:00,24.84188094348695,0.5669935450609943,272789.8595,9091.464359631937
no05,2022/10/18 17:00:00,24.092834111813666,0.6774870565040417,292173.673,9698.192465027529
no05,2022/10/18 17:15:00,26.161211413476185,0.42789229772099435,276376.296,6519.959188047431
no05,2022/10/18 17:30:00,26.210107059601427,0.6161401511037703,258877.893,6666.5057044168425
no05,2022/10/18 17:45:00,25.06280878644802,0.7657379850865101,281514.9715,10277.62319130629
no05,2022/10/18 18:00:00,25.035145368482667,0.8273108639409269,281332.70499999996,9096.83871991486
no05,2022/10/18 18:15:00,25.638494154247205,1.1115176352882892,257771.537,11513.804096710717
no05,2022/10/18 18:30:00,27.144883167927,0.8456123817952751,225299.038,10478.262853182048
no05,2022/10/18 18:45:00,28.17641843629399,0.3481915582655286,197672.6365,4904.0880859450435
no06,2022/10/18 06:30:00,27.790168173747013,0.43186054078795416,169386.51400000002,4956.084140148935
no06,2022/10/18 06:45:00,25.40488623279563,0.4069913521536958,218647.0245,5627.627827272271
no06,2022/10/18 07:00:00,26.866108739006904,0.44131996219140185,208128.2075,4311.6169152014545
no06,2022/10/18 07:15:00,26.363624227654412,0.48323127412987205,252896.78100000002,5531.167191828216
no06,2022/10/18 07:30:00,24.83151299278556,0.4887901131484904,289563.831,6398.363717266347
no06,2022/10/18 07:45:00,24.975643187060303,0.5970579500609885,281333.8175,8559.819677336962
no06,2022/10/18 08:00:00,23.736272888599608,0.7534757762892986,323004.0495,11871.358240280188
no06,2022/10/18 08:15:00,24.49756726081262,0.6259493460086166,317187.9695,10008.30880609153
no06,2022/10/18 08:30:00,24.336135322741956,0.36620958855186675,325434.998,7023.674303270105
no06,2022/10/18 08:45:00,24.44828057395587,0.6146962162018158,306099.558,10199.6233254513
no06,2022/10/18 09:00:00,25.98414532170495,0.5697244594468808,263865.91949999996,7624.281258794502
no06,2022/10/18 09:15:00,26.81728178513339,0.7354853761777128,227856.644,7618.675810304568
no06,2022/10/18 09:30:00,26.717312935126717,0.7502962320448672,243248.61299999998,7184.608006981312
no06,2022/10/18 09:45:00,27.95583766702223,0.46683587004847915,225033.381,5045.335147959008
no06,2022/10/18 10:00:00,25.447397732222857,0.6112415347510702,259956.45899999997,5905.069926932907
no06,2022/10/18 10:15:00,24.84422771411308,1.157350273480206,253246.27800000002,14175.910969131888
no06,2022/10/18 10:30:00,27.850941763229677,0.8383849808291944,214487.4485,7979.969904576736
no06,2022/10/18 10:45:00,28.85264612390288,0.28764336915165584,203852.071,4018.4004071349223
no06,2022/10/18 11:00:00,27.29052949980961,0.300857057338676,229557.64500000002,4561.023535894573
no06,2022/10/18 11:15:00,26.977633532513835,0.43544803820129935,238934.374,6448.328789706833
no06,2022/10/18 11:30:00,27.975535049692816,0.4025624544636125,209976.76499999998,5146.132583769257
no06,2022/10/18 11:45:00,28.365139628906178,0.410388887960322,214691.53149999998,5006.471670716524
no06,2022/10/18 12:00:00,27.816429195605735,0.4103683973443099,221701.19199999998,4745.85134293721
no06,2022/10/18 12:15:00,28.071536539251042,0.3078463951396202,230518.01200000002,4299.659481639033
no06,2022/10/18 12:30:00,27.814019303484088,0.42000522528564993,215262.77149999997,5509.270358017395
no06,2022/10/18 12:45:00,28.83612491229825,0.29633234165805,213913.58399999997,4790.172747828185
no06,2022/10/18 13:00:00,28.61431970832412,0.2511552067169827,219031.47850000003,3601.966700809403
no06,2022/10/18 13:15:00,28.725233547677277,0.34250145890541234,208541.627,4459.003243819252
no06,2022/10/18 13:30:00,28.272586819622642,0.2333471598318167,205595.6115,4692.151761665169
no06,2022/10/18 13:45:00,28.38565911907432,0.25552616307009,186626.0885,3178.227471504188
no06,2022/10/18 14:00:00,28.282567154577002,0.28546714784932403,204473.3125,4655.1332488677945
no06,2022/10/18 14:15:00,28.356131857946515,0.35560565875973926,217256.54049999997,6649.948058925352
no06,2022/10/18 14:30:00,28.908774348636193,0.2733985428920285,211950.391,4441.028231447615
no06,2022/10/18 14:45:00,28.46907168292092,0.30463188481931386,213196.2425,4874.75027686425
no06,2022/10/18 15:00:00,26.953688096562963,0.46112989956234063,225326.971,5847.8267128979805
no06,2022/10/18 15:15:00,26.7831773155171,0.34845754743735435,229110.82,4866.895827086894
no06,2022/10/18 15:30:00,27.03598207300796,0.40638328376100663,221374.28250000003,5061.1097072686725
no06,2022/10/18 15:45:00,27.21687919667528,0.5090631735134228,214754.45750000002,6482.986346093155
no06,2022/10/18 16:00:00,24.556067343284305,0.2611283189177105,273421.38450000004,5518.615330431954
no06,2022/10/18 16:15:00,24.44118686844027,0.4896465066656723,272267.65150000004,6272.560063587121
no06,2022/10/18 16:30:00,23.6244047723648,0.8175527710518377,270613.4325,12077.450984462906
no06,2022/10/18 16:45:00,24.857557546357544,0.6189815425513424,273276.7715,8159.548670176658
no06,2022/10/18 17:00:00,23.77450630704446,0.5443236393311011,295028.0425,8378.530919017074
no06,2022/10/18 17:15:00,26.194754620291953,0.6907795321465765,276350.8135,8770.901690861117
no06,2022/10/18 17:30:00,26.297537497253934,0.5765724170760249,257969.0455,5336.135571236495
no06,2022/10/18 17:45:00,25.035561795914347,0.6410856093127708,280669.73,8398.101586682062
no06,2022/10/18 18:00:00,25.037357740320807,0.8567591710620586,281811.4085,8337.842285767925
no06,2022/10/18 18:15:00,25.599147285877287,1.035223572628595,258277.65099999998,11453.521079204333
no06,2022/10/18 18:30:00,27.10576971700246,0.7357998549079681,225337.59100000001,9468.815448737034
no06,2022/10/18 18:45:00,28.161417563545946,0.4406822545299611,198105.748,5157.1821122694155
no07,2022/10/18 06:30:00,27.707171693715893,0.4109838658008757,169671.86473684208,5043.558198420997
no07,2022/10/18 06:45:00,25.19589880946813,0.49342915649382457,220700.1594736842,5554.436335605449
no07,2022/10/18 07:00:00,26.458381139242352,0.5312124270359397,210870.7952631579,5312.612810022506
no07,2022/10/18 07:15:00,25.815905198950258,0.4897314252135245,257924.9663157895,5416.3655833595985
no07,2022/10/18 07:30:00,24.148135847963744,0.6218169456493275,297184.25842105265,9227.223518434315
no07,2022/10/18 07:45:00,24.2994095429743,0.6173066636269625,289428.0794736842,10032.990828171442
no07,2022/10/18 08:00:00,23.33665794306839,0.5151160611257217,328186.3384210526,7280.85576113921
no07,2022/10/18 08:15:00,24.164831377993174,0.7476991794298268,321644.3678947369,12185.196859792899
no07,2022/10/18 08:30:00,23.949171360106167,0.42271073520088215,330784.39684210526,7052.53191400322
no07,2022/10/18 08:45:00,24.071092135557603,0.7629581184685098,312020.7842105263,11819.838259239477
no07,2022/10/18 09:00:00,25.421522759033245,0.49076663201001863,269215.13368421054,6922.517871071368
no07,2022/10/18 09:15:00,26.699438846165155,0.6539224909731255,230818.34105263161,6850.995876591709
no07,2022/10/18 09:30:00,26.29047652378181,0.9972730540782551,246152.22315789474,9362.29975097231
no07,2022/10/18 09:45:00,27.488570690388684,0.3470592796416745,229471.9347368421,5277.251961651982
no07,2022/10/18 10:00:00,24.981160265171297,0.6826609805199374,263408.4236842105,6927.016019128151
no07,2022/10/18 10:15:00,23.931416011234127,1.1180498766619509,262409.04789473687,12724.559887580297
no07,2022/10/18 10:30:00,26.986672064008022,0.7651717153427658,222412.46210526317,7978.939586577332
no07,2022/10/18 10:45:00,28.650632861305702,0.24889546919895206,205465.51315789475,2658.3100606484954
no07,2022/10/18 11:00:00,27.078983459797247,0.3341557399500556,232072.56368421053,4330.420459369337
no07,2022/10/18 11:15:00,26.45287567240932,0.6401622837330749,242557.81842105262,7059.992517689036
no07,2022/10/18 11:30:00,27.73955330096417,0.3926077865590232,211755.57052631577,4294.290602622503
no07,2022/10/18 11:45:00,28.03961752188258,0.2870367555840735,217364.86263157896,3886.843189454577
no07,2022/10/18 12:00:00,27.416347731228097,0.37738421786591175,226642.92157894737,5074.209669006227
no07,2022/10/18 12:15:00,27.782641100342296,0.4042241608193656,232096.37105263156,5492.53727548662
no07,2022/10/18 12:30:00,27.570528030505006,0.3731426583276064,216267.78473684212,5376.311817860902
no07,2022/10/18 12:45:00,28.537231068833954,0.3057912450697778,215658.71684210526,5408.992979139318
no07,2022/10/18 13:00:00,28.39390450051687,0.3011804410763522,222300.72842105263,4476.940656817947
no07,2022/10/18 13:15:00,28.609746562547713,0.3516313959038,208939.23421052634,5494.719045707347
no07,2022/10/18 13:30:00,27.980623613563807,0.2620640380053279,208353.79263157895,5057.862525930229
no07,2022/10/18 13:45:00,27.776137811727086,0.6951319871997598,190268.88684210528,5824.2527560194885
no07,2022/10/18 14:00:00,27.897879124413958,0.2181081516738108,207929.16157894736,4425.98234847269
no07,2022/10/18 14:15:00,28.006631447120107,0.42297859298746154,220066.5036842105,7435.517759756737
no07,2022/10/18 14:30:00,28.67597666720333,0.30555362723648516,213577.6005263158,5372.784836211806
no07,2022/10/18 14:45:00,27.96056140475599,0.45170891187006496,217255.73894736843,6157.896329232614
no07,2022/10/18 15:00:00,26.68382392664058,0.5526546907230558,228405.10894736843,6288.367569891682
no07,2022/10/18 15:15:00,26.204597203390037,0.5484501191536634,232828.94000000003,6901.433315964959
no07,2022/10/18 15:30:00,26.71676753135779,0.46981331614958827,226094.19947368422,5486.148942166866
no07,2022/10/18 15:45:00,27.126149201637734,0.41458402422158686,214168.1915789474,5118.893601451458
no07,2022/10/18 16:00:00,24.484547202681835,0.38108365497591434,275703.5747368421,6745.769310643992
no07,2022/10/18 16:15:00,24.31550487119807,0.4258405666110749,274371.1605263158,7383.528883067646
no07,2022/10/18 16:30:00,23.54968102958901,0.6111867296319907,269460.09789473686,7927.198998531414
no07,2022/10/18 16:45:00,24.6767496465855,0.7039730270009753,274942.3384210526,8385.637664803393
no07,2022/10/18 17:00:00,23.72899658701459,0.5541456722921558,296253.73421052634,9166.595989785299
no07,2022/10/18 17:15:00,25.673356044888,0.48608779481149966,281356.12263157894,5966.463966974867
no07,2022/10/18 17:30:00,25.626779023053196,0.5924163809744509,264001.7589473684,5956.184327086605
no07,2022/10/18 17:45:00,24.573187500597488,0.7811273038257787,286772.09368421056,10389.371209579307
no07,2022/10/18 18:00:00,24.281542072271645,0.7312751526820491,288678.4957894737,8771.91126017163
no07,2022/10/18 18:15:00,24.563091521742663,0.8450462610468427,267629.4978947368,10074.625290135598
no07,2022/10/18 18:30:00,26.40142314818087,0.8487308560637395,234903.49,10603.073463580155
no07,2022/10/18 18:45:00,27.683494430083257,0.35636370012703317,201936.26947368422,4782.756535525966
no08,2022/10/18 06:30:00,27.721586372039024,0.41291844455267884,169251.28684210527,4894.741679100425
no08,2022/10/18 06:45:00,25.211126925396776,0.5103853972779042,220302.80000000002,6052.623999158456
no08,2022/10/18 07:00:00,26.48501980386504,0.5433227396026259,210994.16789473683,5300.130801201017
no08,2022/10/18 07:15:00,25.92342855022241,0.519335665108425,256855.99,5411.824435775377
no08,2022/10/18 07:30:00,24.303588189122447,0.7015894077255862,295864.6710526316,9176.683103203535
no08,2022/10/18 07:45:00,24.4284281800758,0.7015338921439892,287749.0989473684,10122.331487262854
no08,2022/10/18 08:00:00,23.26801041540869,0.8587632967388199,329204.63736842107,13219.557833595492
no08,2022/10/18 08:15:00,24.191378187537413,0.75384628123086,322309.4157894737,11962.059309867236
no08,2022/10/18 08:30:00,24.072292584530512,0.45922613462468087,329389.7315789474,8500.038358658066
no08,2022/10/18 08:45:00,24.090273008770087,0.5871042423837428,310225.61736842105,10165.892884317105
no08,2022/10/18 09:00:00,25.35259778389202,0.4176269396116422,269984.39,6699.474021428017
no08,2022/10/18 09:15:00,26.425417888630854,0.6408546065003916,232124.21526315788,6306.820827449324
no08,2022/10/18 09:30:00,26.278617325888074,0.9176022730479078,246763.71894736844,8780.362849718116
no08,2022/10/18 09:45:00,27.621626225989406,0.5549872530055698,228883.0536842105,5963.527224710972
no08,2022/10/18 10:00:00,25.084536352890765,0.7660114667536285,262808.08157894737,7299.685449650304
no08,2022/10/18 10:15:00,24.03598249261058,1.2487756529235559,261839.81210526315,16281.025261202953
no08,2022/10/18 10:30:00,27.236041432572762,0.7038881564536571,219586.5747368421,6904.8816420867315
no08,2022/10/18 10:45:00,28.644446653293045,0.3313403999599316,205980.81789473686,3628.1531655093213
no08,2022/10/18 11:00:00,27.122482370026784,0.26261709665580774,231039.3805263158,3849.1565154697278
no08,2022/10/18 11:15:00,26.66730683484565,0.4419585497457131,241599.92789473684,6441.627815041596
no08,2022/10/18 11:30:00,27.742324005413714,0.38409157279714734,212466.93157894738,5906.237088991655
no08,2022/10/18 11:45:00,28.00866856509697,0.36371783905970745,216769.17263157893,4607.267057576698
no08,2022/10/18 12:00:00,27.504044387859352,0.3724016326918645,224542.09105263161,3975.1743379279687
no08,2022/10/18 12:15:00,27.829527384295062,0.3964611748006382,232847.2115789474,4688.50756917648
no08,2022/10/18 12:30:00,27.677217984548108,0.4193418486766261,215726.73157894737,5830.38134953001
no08,2022/10/18 12:45:00,28.577244071698637,0.34981420374283134,215784.7105263158,5104.451279458037
no08,2022/10/18 13:00:00,28.509080092368137,0.2923276396328949,220363.15736842106,4067.176243539161
no08,2022/10/18 13:15:00,28.646336235579025,0.4269489182030792,209205.23,4749.391945357026
no08,2022/10/18 13:30:00,27.98987196442856,0.2748218132153361,207469.05157894737,4435.583163604008
no08,2022/10/18 13:45:00,27.93524546798426,0.2315263134224915,189590.35105263157,3534.1164337432892
no08,2022/10/18 14:00:00,27.96507582543972,0.3042259476463367,207629.2157894737,4077.9159840976426
no08,2022/10/18 14:15:00,28.13124384088422,0.34154365250691665,219356.6610526316,6633.869107834175
no08,2022/10/18 14:30:00,28.67588658607489,0.29454681663167553,213100.11105263158,4557.113027869353
no08,2022/10/18 14:45:00,28.177437126232768,0.3321557288593407,215815.33105263158,5447.911004786754
no08,2022/10/18 15:00:00,26.77051552350935,0.6784365313261738,226954.8047368421,6455.340534086972
no08,2022/10/18 15:15:00,26.362275059183457,0.49346378008954744,232779.61684210526,7654.623034598873
no08,2022/10/18 15:30:00,26.879672945512212,0.3917596842805713,223090.64736842105,5382.436137226381
no08,2022/10/18 15:45:00,27.03476042876506,0.5386872961094332,215863.52684210526,6378.558211982157
no08,2022/10/18 16:00:00,24.348851653490826,0.2664150106297707,276132.0547368421,4219.47063346468
no08,2022/10/18 16:15:00,24.32613787568273,0.4505740409024752,274099.8547368421,6151.589941284704
no08,2022/10/18 16:30:00,23.557020266141667,0.6227400651498028,270782.57368421054,9106.101615393345
no08,2022/10/18 16:45:00,24.45617614408738,0.8904270883335528,276768.6626315789,11199.633721364302
no08,2022/10/18 17:00:00,23.342933619224773,0.7200522838649137,301286.7694736842,11628.000828728262
no08,2022/10/18 17:15:00,25.796115888038077,0.565734102035748,280750.9563157895,7271.630042643055
no08,2022/10/18 17:30:00,25.769034350478265,0.42664287026774605,262044.53789473683,6281.510377943951
no08,2022/10/18 17:45:00,24.726427617946904,0.5931957164071745,285204.64157894737,7829.583351104445
no08,2022/10/18 18:00:00,24.800789406275527,0.743260969678747,284404.68631578947,7887.3387162099625
no08,2022/10/18 18:15:00,25.257805607003764,0.8100124681565671,262268.2578947369,9075.476704282437
no08,2022/10/18 18:30:00,26.874906784975966,0.5489908789494007,227220.32842105263,7134.699731338276
no08,2022/10/18 18:45:00,27.70692792096651,0.4547989938302469,200506.7394736842,5562.13966290799
