route_id,pattern_group,pattern_id,design_speed_kmh,n_speed_points,d_min_over_speed,d_max_over_speed,d_range_over_speed,d_relative_range,TTT_min_over_speed,TTT_max_over_speed,TTT_range_over_speed,TTT_relative_range,FTT_min_over_speed,FTT_max_over_speed,V_d_opt_min_kmh,V_d_opt_max_kmh,V_TTT_opt_min_kmh,V_TTT_opt_max_kmh,V_d_opt_repr_kmh,V_TTT_opt_repr_kmh,delta_V_opt_kmh,optbased_5pct_exists,optbased_5pct_start_speed,optbased_5pct_end_speed,optbased_5pct_width_kmh,optbased_5pct_n_points,optbased_5pct_min_ttt,optbased_5pct_max_ttt_in_interval,optbased_5pct_relative_range,rangebased_5pct_exists,rangebased_5pct_start_speed,rangebased_5pct_end_speed,rangebased_5pct_width_kmh,rangebased_5pct_n_points,rangebased_5pct_min_ttt_in_interval,rangebased_5pct_max_ttt_in_interval,rangebased_5pct_relative_range,optbased_10pct_exists,optbased_10pct_start_speed,optbased_10pct_end_speed,optbased_10pct_width_kmh,optbased_10pct_n_points,optbased_10pct_min_ttt,optbased_10pct_max_ttt_in_interval,optbased_10pct_relative_range,rangebased_10pct_exists,rangebased_10pct_start_speed,rangebased_10pct_end_speed,rangebased_10pct_width_kmh,rangebased_10pct_n_points,rangebased_10pct_min_ttt_in_interval,rangebased_10pct_max_ttt_in_interval,rangebased_10pct_relative_range
D10_311,basic,311,10.0,13,19.200000762939453,30.66666603088379,11.466665267944336,0.5972221256406257,38.4,78.0,39.6,1.03125,19.2,48.0,50.0,50.0,50.0,50.0,50.0,50.0,0.0,False,,,0.0,0,38.4,,,True,27.5,32.5,5.0,3,59.07692307692309,60.0,0.015624999999999821,True,47.5,50.0,2.5,2,38.4,40.42105263157856,0.05263157894735841,True,27.5,35.0,7.5,4,54.85714285714283,60.0,0.09375000000000049
D10_312,basic,312,10.0,13,24.0,33.599998474121094,9.599998474121094,0.3999999364217122,48.0,90.0,42.0,0.875,24.0,60.0,50.0,50.0,50.0,50.0,50.0,50.0,0.0,False,,,0.0,0,48.0,,,True,32.5,40.0,7.5,4,60.0,61.84615384615383,0.030769230769230542,True,47.5,50.0,2.5,2,48.0,50.52631578947363,0.05263157894736725,True,32.5,42.5,10.0,5,56.47058823529417,61.84615384615383,0.09519230769230638
D10_313,basic,313,10.0,13,24.0,36.0,12.0,0.5,57.59999999999984,108.0,50.40000000000016,0.8750000000000053,28.8,72.0,40.0,40.0,50.0,50.0,40.0,50.0,10.0,True,40.0,50.0,10.0,5,57.59999999999984,60.0,0.0416666666666696,True,40.0,50.0,10.0,5,57.59999999999984,60.0,0.0416666666666696,True,40.0,50.0,10.0,5,57.59999999999984,60.0,0.0416666666666696,True,40.0,50.0,10.0,5,57.59999999999984,60.0,0.0416666666666696
D10_314,basic,314,10.0,13,24.0,30.0,6.0,0.25,48.0,90.0,42.0,0.875,24.0,60.0,25.0,50.0,50.0,50.0,37.5,50.0,12.5,False,,,0.0,0,48.0,,,True,32.5,40.0,7.5,4,60.0,61.84615384615383,0.030769230769230542,True,47.5,50.0,2.5,2,48.0,50.526315789473465,0.052631578947363845,True,32.5,42.5,10.0,5,56.47058823529417,61.84615384615383,0.09519230769230638
D10_321,basic,321,10.0,13,21.33333396911621,30.0,8.666666030883789,0.40624995809048536,48.0,84.0,36.0,0.75,24.0,60.0,22.5,22.5,50.0,50.0,22.5,50.0,27.5,False,,,0.0,0,48.0,,,True,32.5,40.0,7.5,4,60.0,61.84615384615387,0.030769230769231135,True,47.5,50.0,2.5,2,48.0,50.526315789473465,0.052631578947363845,True,32.5,42.5,10.0,5,56.47058823529377,61.84615384615387,0.09519230769231486
D10_322,basic,322,10.0,13,24.0,36.0,12.0,0.5,57.59999999999984,108.0,50.40000000000016,0.8750000000000053,28.8,72.0,25.0,40.0,50.0,50.0,32.5,50.0,17.5,True,40.0,50.0,10.0,5,57.59999999999984,60.0,0.0416666666666696,True,40.0,50.0,10.0,5,57.59999999999984,60.0,0.0416666666666696,True,40.0,50.0,10.0,5,57.59999999999984,60.0,0.0416666666666696,True,40.0,50.0,10.0,5,57.59999999999984,60.0,0.0416666666666696
D10_323,basic,323,10.0,13,24.63157844543457,42.59999847412109,17.968420028686516,0.7294871527819988,60.0,126.60000038146973,66.60000038146973,1.1100000063578288,33.599999999999994,84.0,47.5,47.5,47.5,50.0,47.5,48.75,1.25,True,45.0,50.0,5.0,3,60.0,62.66666666666667,0.04444444444444452,True,45.0,50.0,5.0,3,60.0,62.66666666666667,0.04444444444444452,True,45.0,50.0,5.0,3,60.0,62.66666666666667,0.04444444444444452,True,30.0,37.5,7.5,4,76.79999999999993,84.00000190734863,0.09375002483526972
D10_324,basic,324,10.0,13,21.600000381469727,36.0,14.399999618530273,0.6666666372322747,57.59999999999984,108.0,50.40000000000016,0.8750000000000053,28.8,72.0,25.0,25.0,50.0,50.0,25.0,50.0,25.0,True,40.0,50.0,10.0,5,57.59999999999984,60.0,0.0416666666666696,True,40.0,50.0,10.0,5,57.59999999999984,60.0,0.0416666666666696,True,40.0,50.0,10.0,5,57.59999999999984,60.0,0.0416666666666696,True,35.0,47.5,12.5,6,60.0,65.14285714285717,0.08571428571428612
D10_331,basic,331,10.0,13,18.0,33.0,15.0,0.8333333333333334,36.0,78.0,42.0,1.1666666666666667,17.999999999999996,45.0,50.0,50.0,50.0,50.0,50.0,50.0,0.0,False,,,0.0,0,36.0,,,True,25.0,30.0,5.0,3,60.0,60.0,0.0,True,47.5,50.0,2.5,2,36.0,37.894736842104855,0.05263157894735709,True,25.0,32.5,7.5,4,55.384615384615365,60.0,0.0833333333333337
D10_332,basic,332,10.0,13,22.799999237060547,34.66666793823242,11.866668701171875,0.5204679429060264,45.59999999999984,90.0,44.40000000000016,0.9736842105263228,22.8,57.0,50.0,50.0,50.0,50.0,50.0,50.0,0.0,False,,,0.0,0,45.59999999999984,,,True,32.5,37.5,5.0,3,60.0,60.0,0.0,True,47.5,50.0,2.5,2,45.59999999999984,48.0,0.05263157894737216,True,32.5,40.0,7.5,4,57.0,60.0,0.05263157894736842
D10_333,basic,333,10.0,13,24.799999237060547,37.09090805053711,12.290908813476562,0.49560117708025214,55.1999999999996,102.00000143051147,46.80000143051188,0.8478261128715981,27.599999999999994,69.0,37.5,37.5,50.0,50.0,37.5,50.0,12.5,False,,,0.0,0,55.1999999999996,,,True,37.5,45.0,7.5,4,60.0,61.59999999999988,0.026666666666664677,True,40.0,50.0,10.0,5,55.1999999999996,60.0,0.08695652173913836,True,37.5,47.5,10.0,5,58.105263157894335,61.59999999999988,0.06014492753623717
D10_334,basic,334,10.0,13,22.799999237060547,33.0,10.200000762939453,0.4473684694848469,45.59999999999984,90.0,44.40000000000016,0.9736842105263228,22.8,57.0,50.0,50.0,50.0,50.0,50.0,50.0,0.0,False,,,0.0,0,45.59999999999984,,,True,32.5,37.5,5.0,3,60.0,60.0,0.0,True,47.5,50.0,2.5,2,45.59999999999984,47.9999999999996,0.052631578947363436,True,32.5,40.0,7.5,4,57.0,60.0,0.05263157894736842
D10_H01,hce,H01,10.0,13,24.0,44.0,20.0,0.8333333333333334,60.0,132.0,72.0,1.2,35.99999999999999,90.0,50.0,50.0,50.0,50.0,50.0,50.0,0.0,False,,,0.0,0,60.0,,,True,37.5,40.0,2.5,2,78.0,80.0,0.02564102564102564,True,47.5,50.0,2.5,2,60.0,63.78947368421048,0.06315789473684129,True,32.5,40.0,7.5,4,78.0,84.9230769230769,0.08875739644970392
D10_H02,hce,H02,10.0,13,24.705883026123047,42.0,17.294116973876953,0.6999999536786773,60.0,120.0,60.0,1.0,31.2,78.0,42.5,42.5,45.0,50.0,42.5,47.5,5.0,True,42.5,50.0,7.5,4,60.0,61.41176470588208,0.0235294117647013,True,42.5,50.0,7.5,4,60.0,61.41176470588208,0.0235294117647013,True,40.0,50.0,10.0,5,60.0,66.0,0.1,True,40.0,50.0,10.0,5,60.0,66.0,0.1
D10_H03,hce,H03,10.0,13,26.26285743713379,54.0,27.73714256286621,1.0561357471958817,69.59999999999991,156.0,86.40000000000009,1.2413793103448305,40.8,102.0,35.0,35.0,50.0,50.0,35.0,50.0,15.0,False,,,0.0,0,69.59999999999991,,,True,40.0,45.0,5.0,3,76.42666666666665,79.98,0.0464933705512913,True,45.0,50.0,5.0,3,69.59999999999991,76.42666666666665,0.09808429118774063,True,37.5,45.0,7.5,4,76.42666666666665,82.1120000000001,0.07438939288206708
D10_H04,hce,H04,10.0,13,24.81599998474121,45.33333206176758,20.517332077026367,0.8267783724065927,61.631999999999564,136.08000309944146,74.44800309944189,1.207943975523144,36.816,92.04,50.0,50.0,50.0,50.0,50.0,50.0,0.0,False,,,0.0,0,61.631999999999564,,,True,37.5,42.5,5.0,3,74.37176470588219,77.88799999999998,0.047279169830424725,True,47.5,50.0,2.5,2,61.631999999999564,65.50736842105265,0.06287916051812548,True,35.0,42.5,7.5,4,74.37176470588219,80.02285714285702,0.07598438008460866
D10_H05,hce,H05,10.0,13,24.81599998474121,42.41999816894531,17.6039981842041,0.7093809717532397,60.0,130.38000152587892,70.38000152587892,1.1730000254313153,35.184,87.96000000000001,50.0,50.0,50.0,50.0,50.0,50.0,0.0,True,47.5,50.0,2.5,2,60.0,62.07157894736835,0.034526315789472524,True,32.5,35.0,2.5,2,84.5485714285714,87.35999999999984,0.03325223033252071,True,47.5,50.0,2.5,2,60.0,62.07157894736835,0.034526315789472524,True,32.5,37.5,5.0,3,81.82400000000004,87.35999999999984,0.06765741102854664
D10_H06,hce,H06,10.0,13,24.0,42.0,18.0,0.75,59.99999999999988,132.0,72.00000000000011,1.2000000000000044,35.99999999999999,90.0,50.0,50.0,50.0,50.0,50.0,50.0,0.0,False,,,0.0,0,59.99999999999988,,,True,37.5,40.0,2.5,2,76.02,77.88800019073484,0.02457248343508086,True,47.5,50.0,2.5,2,59.99999999999988,63.78947368421036,0.06315789473684143,True,32.5,40.0,7.5,4,76.02,82.48615384615384,0.08505858782101874
D10_H07,hce,H07,10.0,13,24.0,43.52000045776367,19.520000457763672,0.8133333524068197,60.0,132.00000190734863,72.00000190734863,1.200000031789144,36.0,90.0,50.0,50.0,50.0,50.0,50.0,50.0,0.0,False,,,0.0,0,60.0,,,True,35.0,37.5,2.5,2,82.1120000000001,84.54857142857145,0.029673755706490553,True,47.5,50.0,2.5,2,60.0,63.78947368421036,0.06315789473683928,True,32.5,37.5,5.0,3,82.1120000000001,87.35999999999977,0.06391270459859304
D30_311,basic,311,30.0,13,25.263158798217773,52.79999923706055,27.536840438842773,1.0899998950560925,84.00000152587894,180.0,95.99999847412106,1.1428571039316604,57.6,144.0,47.5,47.5,50.0,50.0,47.5,50.0,2.5,True,47.5,50.0,2.5,2,84.00000152587894,85.894736842105,0.02255637240247342,True,47.5,50.0,2.5,2,84.00000152587894,85.894736842105,0.02255637240247342,True,45.0,50.0,5.0,3,84.00000152587894,92.0,0.0952380753428486,True,20.0,25.0,5.0,3,168.0,180.0,0.07142857142857142
D30_312,basic,312,30.0,13,0.0,46.94117736816406,46.94117736816406,,108.0,180.0,72.0,0.6666666666666666,72.0,180.0,20.0,20.0,50.0,50.0,20.0,50.0,30.0,False,,,0.0,0,108.0,,,True,20.0,25.0,5.0,3,175.20000343322755,180.0,0.027397240141047316,True,47.5,50.0,2.5,2,108.0,115.57894736842056,0.07017543859648664,True,20.0,25.0,5.0,3,175.20000343322755,180.0,0.027397240141047316
D30_313,basic,313,30.0,13,7.199999809265137,40.79999923706055,33.59999942779541,4.666666710818257,127.20000457763672,240.0,112.79999542236328,0.8867923849288514,86.4,216.0,25.0,25.0,50.0,50.0,25.0,50.0,25.0,True,45.0,50.0,5.0,3,127.20000457763672,132.0,0.03773581171086827,True,45.0,50.0,5.0,3,127.20000457763672,132.0,0.03773581171086827,True,40.0,50.0,10.0,5,127.20000457763672,138.0,0.08490562133408955,True,40.0,50.0,10.0,5,127.20000457763672,138.0,0.08490562133408955
D30_314,basic,314,30.0,13,18.0,48.0,30.0,1.6666666666666667,108.0,198.0,90.0,0.8333333333333334,72.0,180.0,20.0,20.0,50.0,50.0,20.0,50.0,30.0,False,,,0.0,0,108.0,,,True,40.0,45.0,5.0,3,120.0,123.0,0.025,True,47.5,50.0,2.5,2,108.0,115.5789473684208,0.07017543859648888,True,40.0,47.5,7.5,4,115.5789473684208,123.0,0.06420765027322638
D30_321,basic,321,30.0,13,24.0,48.0,24.0,1.0,96.0,204.0,108.0,1.125,72.0,180.00000000000003,20.0,50.0,50.0,50.0,37.083333333333336,50.0,12.916666666666664,True,47.5,50.0,2.5,2,96.0,99.78947368421024,0.039473684210523295,True,37.5,40.0,2.5,2,120.0,120.0,0.0,True,45.0,50.0,5.0,3,96.0,104.0,0.08333333333333333,True,22.5,30.0,7.5,4,168.0,184.0,0.09523809523809523
D30_322,basic,322,30.0,13,7.199999809265137,44.57143020629883,37.37143039703369,5.1904765815331295,124.80000076293943,240.0,115.19999923706057,0.9230769113205832,86.4,216.0,25.0,25.0,50.0,50.0,25.0,50.0,25.0,True,47.5,50.0,2.5,2,124.80000076293943,130.10526315789434,0.04251011508431302,True,25.0,32.5,7.5,4,176.30769230769235,180.00000076293935,0.020942412704280544,True,45.0,50.0,5.0,3,124.80000076293943,136.0,0.08974358308166384,True,25.0,35.0,10.0,5,168.0,180.00000076293935,0.07142857596987709
D30_323,basic,323,30.0,13,3.2727272510528564,53.68421173095703,50.411484479904175,15.403509248650797,153.6000000953673,287.9999999999999,134.39999990463258,0.8749999988358476,100.8,252.00000000000009,27.5,27.5,50.0,50.0,27.5,50.0,22.5,True,47.5,50.0,2.5,2,153.6000000953673,159.78947368421026,0.04029605198567729,True,30.0,40.0,10.0,5,174.0,180.00000305175786,0.03448277615952792,True,42.5,50.0,7.5,4,153.6000000953673,168.70588235294127,0.09834558755335294,True,30.0,45.0,15.0,7,164.0,180.00000305175786,0.09756099421803571
D30_324,basic,324,30.0,13,22.909090042114254,42.0,19.090909957885746,0.8333334027144043,124.80000152587893,246.0,121.19999847412107,0.9711538220533488,86.4,216.00000000000009,27.5,27.5,50.0,50.0,27.5,50.0,22.5,True,47.5,50.0,2.5,2,124.80000152587893,130.10526315789454,0.04251010871114051,True,32.5,37.5,5.0,3,156.0,163.38461538461544,0.047337278106509256,True,45.0,50.0,5.0,3,124.80000152587893,136.0,0.08974357641973751,True,30.0,37.5,7.5,4,156.0,168.0,0.07692307692307693
D30_331,basic,331,30.0,13,27.52941131591797,50.18181991577149,22.652408599853523,0.8228439155455358,84.0,174.0,90.0,1.0714285714285714,54.0,135.00000000000003,42.5,42.5,50.0,50.0,42.5,50.0,7.5,True,45.0,50.0,5.0,3,84.0,88.0,0.047619047619047616,True,45.0,50.0,5.0,3,84.0,88.0,0.047619047619047616,True,42.5,50.0,7.5,4,84.0,91.0588235294112,0.08403361344537143,True,42.5,50.0,7.5,4,84.0,91.0588235294112,0.08403361344537143
D30_332,basic,332,30.0,13,9.0,44.47058868408203,35.47058868408203,3.941176520453559,100.80000076293943,180.0,79.19999923706057,0.7857142721984937,68.4,171.0,20.0,20.0,50.0,50.0,20.0,50.0,30.0,False,,,0.0,0,100.80000076293943,,,True,35.0,40.0,5.0,3,129.0,135.42857142857122,0.04983388704318773,True,47.5,50.0,2.5,2,100.80000076293943,107.99999999999956,0.07142856331909185,True,32.5,40.0,7.5,4,129.0,139.38461538461544,0.08050089445438328
D30_333,basic,333,30.0,13,8.0,37.20000076293945,29.200000762939453,3.6500000953674316,120.00000190734865,233.99999999999983,113.99999809265118,0.9499999690055836,82.80000000000001,207.00000000000009,22.5,22.5,50.0,50.0,22.5,50.0,27.5,True,45.0,50.0,5.0,3,120.00000190734865,124.0,0.033333316908942465,True,45.0,50.0,5.0,3,120.00000190734865,124.0,0.033333316908942465,True,37.5,50.0,12.5,6,120.00000190734865,132.0,0.09999998251597102,True,37.5,50.0,12.5,6,120.00000190734865,132.0,0.09999998251597102
D30_334,basic,334,30.0,13,27.0,46.90909194946289,19.90909194946289,0.737373775906033,100.80000152587893,198.0,97.19999847412107,0.964285684550971,68.4,171.00000000000003,20.0,20.0,50.0,50.0,20.0,50.0,30.0,False,,,0.0,0,100.80000152587893,,,True,37.5,45.0,7.5,4,116.0,120.00000305175786,0.034482784928947054,True,47.5,50.0,2.5,2,100.80000152587893,107.9999999999996,0.07142855520961655,True,35.0,45.0,10.0,5,116.0,126.8571428571424,0.0935960591132966
D30_H01,hce,H01,30.0,13,0.0,48.0,48.0,,156.0,312.0,156.0,1.0,108.0,270.00000000000006,30.0,30.0,50.0,50.0,30.0,50.0,20.0,True,47.5,50.0,2.5,2,156.0,159.78947368421052,0.024291497975708464,True,30.0,40.0,10.0,5,174.0,180.0,0.034482758620689655,True,42.5,50.0,7.5,4,156.0,168.70588235294122,0.08144796380090523,True,30.0,45.0,15.0,7,164.0,180.0,0.0975609756097561
D30_H02,hce,H02,30.0,13,7.199999809265137,46.105262756347656,38.90526294708252,5.4035088857944515,139.19999999999996,275.99999999999955,136.79999999999959,0.9827586206896525,93.6,234.00000000000009,25.0,25.0,50.0,50.0,25.0,50.0,25.0,True,47.5,50.0,2.5,2,139.19999999999996,144.6315789473682,0.03901996370235814,True,27.5,32.5,5.0,3,172.61538461538464,180.0,0.04278074866310145,True,42.5,50.0,7.5,4,139.19999999999996,151.76470588235276,0.09026369168356897,True,40.0,47.5,7.5,4,144.6315789473682,156.0,0.0786026200873378
D30_H03,hce,H03,30.0,13,5.142857074737549,53.880001068115234,48.737143993377686,9.476667013124189,170.40000171661376,359.8800007152558,189.47999899864203,1.1119718139073704,122.4,306.0,35.0,35.0,50.0,50.0,35.0,50.0,15.0,True,47.5,50.0,2.5,2,170.40000171661376,174.94736842105263,0.02668642405298468,True,35.0,47.5,12.5,6,174.94736842105263,180.0,0.028880866425992788,True,35.0,50.0,15.0,7,170.40000171661376,180.0,0.05633801752743912,True,35.0,50.0,15.0,7,170.40000171661376,180.0,0.05633801752743912
D30_H04,hce,H04,30.0,13,4.079999923706055,45.55199813842773,41.47199821472167,10.1647056348596,156.0,312.12,156.12,1.0007692307692309,110.448,276.12,30.0,30.0,50.0,50.0,30.0,50.0,20.0,True,47.5,50.0,2.5,2,156.0,159.78947368421052,0.024291497975708464,True,30.0,40.0,10.0,5,180.0,188.1599999999997,0.045333333333331734,True,42.5,50.0,7.5,4,156.0,168.76235294117643,0.08180995475113097,True,32.5,45.0,12.5,6,164.0,180.0,0.0975609756097561
D30_H05,hce,H05,30.0,13,4.079999923706055,50.448001861572266,46.36800193786621,11.36470656983444,156.00000190734863,300.0,143.99999809265137,0.923076899564243,105.552,263.88000000000005,30.0,30.0,50.0,50.0,30.0,50.0,20.0,True,47.5,50.0,2.5,2,156.00000190734863,159.78947368421052,0.024291485452112536,True,30.0,40.0,10.0,5,173.94000000000003,180.0,0.03483959986202123,True,42.5,50.0,7.5,4,156.00000190734863,168.705882352941,0.08144795057847896,True,30.0,45.0,15.0,7,164.0,180.0,0.0975609756097561
D30_H06,hce,H06,30.0,13,-1.1368683772161605e-13,46.73684310913086,46.73684310913097,,153.60000000000014,300.0,146.39999999999986,0.9531249999999982,108.0,270.0,30.0,30.0,50.0,50.0,30.0,50.0,20.0,True,47.5,50.0,2.5,2,153.60000000000014,160.4210526315789,0.04440789473684088,True,30.0,40.0,10.0,5,173.94000381469732,180.0,0.03483957716684051,True,45.0,50.0,5.0,3,153.60000000000014,165.28000190734855,0.07604167908429948,True,30.0,45.0,15.0,7,165.28000190734855,180.0,0.08906097484741729
D30_H07,hce,H07,30.0,13,0.0,38.560001373291016,38.560001373291016,,141.6000011444091,300.0,158.3999988555909,1.1186440506737603,108.0,270.00000000000006,30.0,30.0,50.0,50.0,30.0,50.0,20.0,True,45.0,50.0,5.0,3,141.6000011444091,148.0,0.04519773166572174,True,30.0,37.5,7.5,4,173.66399999999993,180.0,0.03648424543946974,True,42.5,50.0,7.5,4,141.6000011444091,151.82117647058791,0.07218344098567388,True,30.0,37.5,7.5,4,173.66399999999993,180.0,0.03648424543946974
D50_311,basic,311,50.0,13,5.454545497894287,52.235294342041016,46.78074884414673,8.576470553267237,144.0,264.0,120.0,0.8333333333333334,96.0,240.0,27.5,27.5,50.0,50.0,27.5,50.0,22.5,True,47.5,50.0,2.5,2,144.0,150.31578947368422,0.04385964912280708,True,27.5,37.5,10.0,5,176.0000038146973,180.0,0.02272725056025639,True,45.0,50.0,5.0,3,144.0,157.33333333333331,0.09259259259259246,True,27.5,42.5,15.0,7,165.17647058823488,180.0,0.08974358974359249
D50_312,basic,312,50.0,13,4.615384578704834,37.33333206176758,32.717947483062744,7.088888677667687,156.0,324.0,168.0,1.0769230769230769,120.0,300.0,32.5,32.5,50.0,50.0,32.5,50.0,17.5,True,47.5,50.0,2.5,2,156.0,159.7894736842103,0.024291497975707007,True,35.0,42.5,7.5,4,171.52941176470583,180.0,0.04938271604938305,True,42.5,50.0,7.5,4,156.0,171.52941176470583,0.09954751131221684,True,35.0,45.0,10.0,5,164.0,180.0,0.0975609756097561
D50_313,basic,313,50.0,13,3.0,48.0,45.0,15.0,168.0,383.9999999999999,215.9999999999999,1.2857142857142851,144.0,360.0,40.0,40.0,50.0,50.0,40.0,50.0,10.0,False,,,0.0,0,168.0,,,True,40.0,47.5,7.5,4,180.0,183.0,0.016666666666666666,True,40.0,50.0,10.0,5,168.0,183.0,0.08928571428571429,True,40.0,50.0,10.0,5,168.0,183.0,0.08928571428571429
D50_314,basic,314,50.0,13,0.0,48.0,48.0,,168.0,324.0,156.0,0.9285714285714286,120.0,300.0,25.0,25.0,50.0,50.0,25.0,50.0,25.0,True,45.0,50.0,5.0,3,168.0,174.66666666666666,0.039682539682539625,True,37.5,45.0,7.5,4,174.66666666666666,180.0000038146973,0.03053437298490823,True,37.5,50.0,12.5,6,168.0,180.0000038146973,0.07142859413510294,True,37.5,50.0,12.5,6,168.0,180.0000038146973,0.07142859413510294
D50_321,basic,321,50.0,13,0.0,48.0,48.0,,168.0,324.0,156.0,0.9285714285714286,120.0,300.0,25.0,25.0,50.0,50.0,25.0,50.0,25.0,True,45.0,50.0,5.0,3,168.0,174.66666666666663,0.03968253968253946,True,37.5,42.5,5.0,3,180.0,184.0,0.022222222222222223,True,37.5,50.0,12.5,6,168.0,184.0,0.09523809523809523,True,37.5,50.0,12.5,6,168.0,184.0,0.09523809523809523
D50_322,basic,322,50.0,13,3.0,40.0,37.0,12.333333333333334,180.0,384.0,204.0,1.1333333333333333,144.0,360.0,40.0,40.0,42.5,50.0,40.0,46.25,6.25,True,40.0,50.0,10.0,5,180.0,183.0,0.016666666666666666,True,40.0,50.0,10.0,5,180.0,183.0,0.016666666666666666,True,40.0,50.0,10.0,5,180.0,183.0,0.016666666666666666,True,40.0,50.0,10.0,5,180.0,183.0,0.016666666666666666
D50_323,basic,323,50.0,13,3.1578948497772217,46.90909194946289,43.75119709968567,13.854545252756646,180.0,444.0,264.0,1.4666666666666666,168.0,420.0,47.5,47.5,47.5,50.0,47.5,48.75,1.25,True,47.5,50.0,2.5,2,180.0,180.0,0.0,True,47.5,50.0,2.5,2,180.0,180.0,0.0,True,45.0,50.0,5.0,3,180.0,193.3333333333331,0.07407407407407271,True,45.0,50.0,5.0,3,180.0,193.3333333333331,0.07407407407407271
D50_324,basic,324,50.0,13,12.0,40.0,28.0,2.3333333333333335,168.0,384.0,216.0,1.2857142857142858,144.0,360.0,25.0,25.0,50.0,50.0,25.0,50.0,25.0,False,,,0.0,0,168.0,,,True,45.0,47.5,2.5,2,180.0,181.33333333333303,0.007407407407405723,True,45.0,50.0,5.0,3,168.0,181.33333333333303,0.07936507936507756,True,45.0,50.0,5.0,3,168.0,181.33333333333303,0.07936507936507756
D50_331,basic,331,50.0,13,0.0,50.66666793823242,50.66666793823242,,132.0,258.0,126.0,0.9545454545454546,90.0,225.0,25.0,25.0,50.0,50.0,25.0,50.0,25.0,False,,,0.0,0,132.0,,,True,25.0,32.5,7.5,4,176.30769230769226,180.0,0.020942408376963605,True,47.5,50.0,2.5,2,132.0,141.47368421052622,0.0717703349282289,True,25.0,37.5,12.5,6,164.0,180.0,0.0975609756097561
D50_332,basic,332,50.0,13,4.615384578704834,41.33333206176758,36.717947483062744,7.955555351222001,144.0,300.0,156.0,1.0833333333333333,114.0,285.0,32.5,32.5,50.0,50.0,32.5,50.0,17.5,True,45.0,50.0,5.0,3,144.0,150.66666666666663,0.04629629629629603,True,32.5,37.5,5.0,3,180.0,180.0,0.0,True,42.5,50.0,7.5,4,144.0,157.41176470588212,0.09313725490195918,True,32.5,40.0,7.5,4,168.0,180.0,0.07142857142857142
D50_333,basic,333,50.0,13,6.666666507720947,42.54545593261719,35.87878942489624,5.381818542046989,156.0,378.0,222.0,1.4230769230769231,138.0,345.0,22.5,22.5,50.0,50.0,22.5,50.0,27.5,False,,,0.0,0,156.0,,,True,40.0,45.0,5.0,3,180.0,183.0,0.016666666666666666,True,47.5,50.0,2.5,2,156.0,170.5263157894737,0.09311740890688269,True,37.5,45.0,7.5,4,180.0,192.0000038146973,0.0666666878594294
D50_334,basic,334,50.0,13,12.0,48.0,36.0,3.0,156.0,318.0,162.0,1.0384615384615385,114.0,285.0,25.0,25.0,50.0,50.0,25.0,50.0,25.0,False,,,0.0,0,156.0,,,True,37.5,45.0,7.5,4,174.66666666666669,180.0,0.030534351145038056,True,47.5,50.0,2.5,2,156.0,164.8421052631579,0.05668016194331981,True,35.0,45.0,10.0,5,174.66666666666669,190.2857142857141,0.08942202835332493
D50_H01,hce,H01,50.0,13,0.0,48.92307662963867,48.92307662963867,,180.0,492.0,312.0,1.7333333333333334,180.0,450.0,25.0,50.0,50.0,50.0,37.5,50.0,12.5,False,,,0.0,0,180.0,,,True,25.0,30.0,5.0,3,344.0,360.0,0.046511627906976744,False,,,0.0,0,180.0,,,True,25.0,30.0,5.0,3,344.0,360.0,0.046511627906976744
D50_H02,hce,H02,50.0,13,3.529411792755127,40.43077087402344,36.90135908126831,10.455384989934087,180.0,419.9999999999999,239.9999999999999,1.3333333333333326,156.0,390.0,42.5,42.5,45.0,50.0,42.5,47.5,5.0,True,42.5,50.0,7.5,4,180.0,187.0588250552904,0.039215694751613406,True,42.5,50.0,7.5,4,180.0,187.0588250552904,0.039215694751613406,True,42.5,50.0,7.5,4,180.0,187.0588250552904,0.039215694751613406,True,42.5,50.0,7.5,4,180.0,187.0588250552904,0.039215694751613406
D50_H03,hce,H03,50.0,13,10.909090995788574,49.71428680419922,38.805195808410645,3.557142920834677,228.0,540.0,312.0,1.368421052631579,204.0,510.0,27.5,27.5,50.0,50.0,27.5,50.0,22.5,False,,,0.0,0,228.0,,,True,30.0,32.5,2.5,2,360.0,360.0,0.0,True,45.0,50.0,5.0,3,228.0,250.1333333333331,0.09707602339181183,True,30.0,35.0,5.0,3,341.1428579057965,360.0,0.05527637954950448
D50_H04,hce,H04,50.0,13,4.079999923706055,48.0,43.920000076293945,10.76470610234702,188.1599999999997,488.4,300.24000000000024,1.5956632653061262,184.08,460.2000000000001,50.0,50.0,50.0,50.0,50.0,50.0,0.0,False,,,0.0,0,188.1599999999997,,,True,27.5,30.0,2.5,2,354.79999999999995,360.0,0.014656144306651764,False,,,0.0,0,188.1599999999997,,,True,25.0,30.0,5.0,3,354.79999999999995,380.1599999999996,0.0714768883878232
D50_H05,hce,H05,50.0,13,4.079999923706055,42.560001373291016,38.48000144958496,9.431373080671966,180.0,480.0,300.0,1.6666666666666667,175.92000000000002,439.8,50.0,50.0,50.0,50.0,50.0,50.0,0.0,False,,,0.0,0,180.0,,,True,27.5,30.0,2.5,2,329.2,344.9454545454546,0.04782944880150245,True,47.5,50.0,2.5,2,180.0,190.35789473684213,0.057543859649122925,True,27.5,30.0,2.5,2,329.2,344.9454545454546,0.04782944880150245
D50_H06,hce,H06,50.0,13,-1.7053025658242404e-13,41.20000076293945,41.200000762939624,,179.99999999999983,480.0,300.00000000000017,1.6666666666666692,180.0,450.0,50.0,50.0,50.0,50.0,50.0,50.0,0.0,False,,,0.0,0,179.99999999999983,,,True,25.0,27.5,2.5,2,360.0,372.0,0.03333333333333333,False,,,0.0,0,179.99999999999983,,,True,37.5,42.5,5.0,3,240.0,257.44000000000005,0.0726666666666669
D50_H07,hce,H07,50.0,13,-8.526512829121202e-14,38.74285888671875,38.742858886718835,,179.99999999999991,480.0,300.0000000000001,1.666666666666668,180.0,450.0,50.0,50.0,50.0,50.0,50.0,50.0,0.0,False,,,0.0,0,179.99999999999991,,,True,32.5,35.0,2.5,2,295.88571733747216,300.0,0.013904972161381148,False,,,0.0,0,179.99999999999991,,,True,30.0,35.0,5.0,3,295.88571733747216,314.8,0.06392428412134266
